label,content,back_translation,synonym_aug
3,cô rất thân thiện .,cô rất thân thiện .,cô rất thân thiện .
2,nội dung ôn tập mà giảng viên cung cấp đầy đủ và đáp ứng được cho sinh viên hoàn thành các kỳ thi .,nội dung ôn tập mà giảng viên cung cấp đầy đủ và đáp ứng được cho sinh viên hoàn thành các kỳ thi .,nội dung ôn tập mà giảng viên cung cấp đầy đủ và đáp ứng được cho sinh viên hoàn thành các kỳ thi .
1,theo thời khóa biểu hiện nay thì học thực hành trước nên sinh viên lúc thực hành chưa hiểu vấn đề nên khó khăn trong việc làm bài .,theo thời khóa biểu hiện nay thì học thực hành trước nên sinh viên lúc thực hành chưa hiểu vấn đề nên khó khăn trong việc làm bài .,theo thời khóa biểu hiện nay thì học thực hành trước nên sinh viên lúc thực hành chưa hiểu vấn đề nên khó khăn trong việc làm bài .
3,"cô giảng nhiệt tình , chỉ bài cho tụi em thì lại tới chỗ .","cô giảng nhiệt tình , chỉ bài cho tụi em thì lại tới chỗ .","cô giảng nhiệt tình , chỉ bài cho tụi em thì lại tới chỗ ."
2,tăng hiệu suất máy tính .,tăng hiệu suất máy tính .,tăng hiệu suất máy tính .
1,chưa được tham gia chiến dịch thực tế và tham quan công ty .,chưa được tham gia chiến dịch thực tế và tham quan công ty .,chưa được tham gia chiến dịch thực tế và tham quan công ty .
3,"giờ học luôn sinh động , hiệu quả , giúp học sinh nắm vững kiến thức .","giờ học luôn sinh động , hiệu quả , giúp học sinh nắm vững kiến thức .","giờ học luôn sinh động , hiệu quả , giúp học sinh nắm vững kiến thức ."
1,"cần giảng kỹ hơn chút nhưng cũng đừng quá chậm , giảng viên nên quan niệm sinh viên đã đọc sơ bài ở nhà rồi , nên đi sâu vào những ý mới , đặc thù của từng phần .","cần giảng kỹ hơn chút nhưng cũng đừng quá chậm , giảng viên nên quan niệm sinh viên đã đọc sơ bài ở nhà rồi , nên đi sâu vào những ý mới , đặc thù của từng phần .","cần giảng kỹ hơn chút nhưng cũng đừng quá chậm , giảng viên nên quan niệm sinh viên đã đọc sơ bài ở nhà rồi , nên đi sâu vào những ý mới , đặc thù của từng phần ."
1,thầy không dùng micro nên ngồi ở xa không nghe rõ .,thầy không dùng micro nên ngồi ở xa không nghe rõ .,thầy không dùng micro nên ngồi ở xa không nghe rõ .
3,thầy giảng bài rất dễ hiểu .,thầy giảng bài rất dễ hiểu .,thầy giảng bài rất dễ hiểu .
3,"giảng viên tận tâm , nhiệt tình , giỏi .","giảng viên tận tâm , nhiệt tình , giỏi .","giảng viên tận tâm , nhiệt tình , giỏi ."
2,giọng cô nghe dễ ngủ !,giọng cô nghe dễ ngủ !,giọng cô nghe dễ ngủ !
2,giảng viên dạy không nhàm chán .,giảng viên dạy không nhàm chán .,giảng viên dạy không nhàm chán .
1,có những buổi thực hành giảng viên không có mặt .,có những buổi thực hành giảng viên không có mặt .,có những buổi thực hành giảng viên không có mặt .
2,sử dụng hệ thống làm bài online để làm bài tập .,sử dụng hệ thống làm bài online để làm bài tập .,sử dụng hệ thống làm bài online để làm bài tập .
3,"giảng dạy tốt , đưa ra nhiều vấn đề cho sinh viên tham khảo .","giảng dạy tốt , đưa ra nhiều vấn đề cho sinh viên tham khảo .","giảng dạy tốt , đưa ra nhiều vấn đề cho sinh viên tham khảo ."
3,giảng viên ra đồ án cho sinh viên về làm để mở rộng kiến thức .,giảng viên ra đồ án cho sinh viên về làm để mở rộng kiến thức .,giảng viên ra đồ án cho sinh viên về làm để mở rộng kiến thức .
3,"giáo viên rất dễ tính , dạy tận tình .","giáo viên rất dễ tính , dạy tận tình .","giáo viên rất dễ tính , dạy tận tình ."
1,giọng hơi khó nghe .,giọng hơi khó nghe .,giọng hơi khó nghe .
2,cảm ơn thầy !,cảm ơn thầy !,cảm ơn thầy !
3,cô dễ tính dạy dễ hiểu nhiệt tình .,cô dễ tính dạy dễ hiểu nhiệt tình .,cô dễ tính dạy dễ hiểu nhiệt tình .
3,"thầy giáo nhiệt tình , đưa ra nhiều trường hợp cho thuật toán .","thầy giáo nhiệt tình , đưa ra nhiều trường hợp cho thuật toán .","thầy giáo nhiệt tình , đưa ra nhiều trường hợp cho thuật toán ."
3,cô dạy rất tận tâm nhiệt tình .,cô dạy rất tận tâm nhiệt tình .,cô dạy rất tận tâm nhiệt tình .
2,đảm bảo phần kiến thức cho sinh viên đạt được .,đảm bảo phần kiến thức cho sinh viên đạt được .,đảm bảo phần kiến thức cho sinh viên đạt được .
2,em cảm ơn !,em cảm ơn !,em cảm ơn !
1,"rút kinh nghiệm về sau , em sẽ ở nhà code bài cờ tướng và đọc slide và không cần lên lớp quá chuyên cần nữa .","rút kinh nghiệm về sau , em sẽ ở nhà code bài cờ tướng và đọc slide và không cần lên lớp quá chuyên cần nữa .","rút kinh nghiệm về sau , em sẽ ở nhà code bài cờ tướng và đọc slide và không cần lên lớp quá chuyên cần nữa ."
3,"thầy rất hiền và nhiệt tình quan tâm giúp đỡ chúng em , nhất là trong giờ thực hành nên em rất quý thầy .","thầy rất hiền và nhiệt tình quan tâm giúp đỡ chúng em , nhất là trong giờ thực hành nên em rất quý thầy .","thầy rất hiền và nhiệt tình quan tâm giúp đỡ chúng em , nhất là trong giờ thực hành nên em rất quý thầy ."
3,thầy chu đáo và tỉ mỉ .,thầy chu đáo và tỉ mỉ .,thầy chu đáo và tỉ mỉ .
2,thầy có vẻ quá hiền .,thầy có vẻ quá hiền .,thầy có vẻ quá hiền .
1,cô dạy không nhiệt tình tuy có đầy đủ bài học .,cô dạy không nhiệt tình tuy có đầy đủ bài học .,cô dạy không nhiệt tình tuy có đầy đủ bài học .
2,riêng bản thân em nhận thấy mình có thể học môn này mà không tham gia học đầy đủ trên lớp .,riêng bản thân em nhận thấy mình có thể học môn này mà không tham gia học đầy đủ trên lớp .,riêng bản thân em nhận thấy mình có thể học môn này mà không tham gia học đầy đủ trên lớp .
3,"giảng dạy ngắn gọn , dễ hiểu .","giảng dạy ngắn gọn , dễ hiểu .","giảng dạy ngắn gọn , dễ hiểu ."
2,chào thầy !,chào thầy !,chào thầy !
3,"cô dạy tận tình , dễ hiểu , sử dụng thời gian lên lớp hợp lý .","cô dạy tận tình , dễ hiểu , sử dụng thời gian lên lớp hợp lý .","cô dạy tận tình , dễ hiểu , sử dụng thời gian lên lớp hợp lý ."
3,cho sinh viên cơ hội tham gia project thực tế .,cho sinh viên cơ hội tham gia project thực tế .,cho sinh viên cơ hội tham gia project thực tế .
3,"giảng hay , giảng viên vui tính , nhiệt tình .","giảng hay , giảng viên vui tính , nhiệt tình .","giảng hay , giảng viên vui tính , nhiệt tình ."
3,tận tình tích cực .,tận tình tích cực .,tận tình tích cực .
3,thầy viết chữ rất đẹp !,thầy viết chữ rất đẹp !,thầy viết chữ rất đẹp !
1,nhất thiết phải đảm bảo yêu cầu về cơ sở vật chất phù hợp với môn học .,nhất thiết phải đảm bảo yêu cầu về cơ sở vật chất phù hợp với môn học .,nhất thiết phải đảm bảo yêu cầu về cơ sở vật chất phù hợp với môn học .
2,"kiến thức , khả năng truyền đạt .","kiến thức , khả năng truyền đạt .","kiến thức , khả năng truyền đạt ."
2,em không có ý kiến về vấn đề này .,em không có ý kiến về vấn đề này .,em không có ý kiến về vấn đề này .
3,khi cô dạy luôn cuốn hút sinh viên .,khi cô dạy luôn cuốn hút sinh viên .,khi cô dạy luôn cuốn hút sinh viên .
3,nắm được các kiến thức quan trọng .,nắm được các kiến thức quan trọng .,nắm được các kiến thức quan trọng .
3,"rèn luyện kiến thức chuyên môn , tận tâm , nhiệt tình hơn .","rèn luyện kiến thức chuyên môn , tận tâm , nhiệt tình hơn .","rèn luyện kiến thức chuyên môn , tận tâm , nhiệt tình hơn ."
2,có nghĩ 2 buổi không hề báo trước .,có nghĩ 2 buổi không hề báo trước .,có nghĩ 2 buổi không hề báo trước .
3,giảng dạy ngắn gọn dễ hiểu 10 fraction 10 điểm cho thầy luôn .,giảng dạy ngắn gọn dễ hiểu 10 fraction 10 điểm cho thầy luôn .,giảng dạy ngắn gọn dễ hiểu 10 fraction 10 điểm cho thầy luôn .
2,cơ mà em nghĩ là thầy phải hơn cả tuổi ba em .,cơ mà em nghĩ là thầy phải hơn cả tuổi ba em .,cơ mà em nghĩ là thầy phải hơn cả tuổi ba em .
1,"nên xắp xếp lịch báo cáo , thuyết trình một cách cụ thể , giúp cho sinh viên chủ động được thời gian cũng như nắm bắt được kiến thức cụ thể của từng buổi .","nên xắp xếp lịch báo cáo , thuyết trình một cách cụ thể , giúp cho sinh viên chủ động được thời gian cũng như nắm bắt được kiến thức cụ thể của từng buổi .","nên xắp xếp lịch báo cáo , thuyết trình một cách cụ thể , giúp cho sinh viên chủ động được thời gian cũng như nắm bắt được kiến thức cụ thể của từng buổi ."
2,everything .,everything .,everything .
2,giảng bài tập kết hợp lý thuyết .,giảng bài tập kết hợp lý thuyết .,giảng bài tập kết hợp lý thuyết .
3,cô giảng dễ hiểu và nhiệt tình .,cô giảng dễ hiểu và nhiệt tình .,cô giảng dễ hiểu và nhiệt tình .
1,dạy lố giờ .,dạy lố giờ .,dạy lố giờ .
3,giảng dạy hay .,giảng dạy hay .,giảng dạy hay .
2,ra các dạng của đề thi !,ra các dạng của đề thi !,ra các dạng của đề thi !
1,cần phải có phương pháp giảng dạy linh hoạt và sáng tạo để gây hứng thú cho người học .,cần phải có phương pháp giảng dạy linh hoạt và sáng tạo để gây hứng thú cho người học .,cần phải có phương pháp giảng dạy linh hoạt và sáng tạo để gây hứng thú cho người học .
3,"giáo viên tận tình , dạy truyền đạt tốt .","giáo viên tận tình , dạy truyền đạt tốt .","giáo viên tận tình , dạy truyền đạt tốt ."
3,"giảng bài chi tiết , cụ thể .","giảng bài chi tiết , cụ thể .","giảng bài chi tiết , cụ thể ."
1,"hình thức 2 cần có sự phân bố thời gian gặp sinh viên hợp lý , không thể để cuối kỳ , gặp rồi cho đồ án liên tục , ảnh hưởng đến việc ôn tập cho kỳ thi cuối kỳ của sinh viên .","hình thức 2 cần có sự phân bố thời gian gặp sinh viên hợp lý , không thể để cuối kỳ , gặp rồi cho đồ án liên tục , ảnh hưởng đến việc ôn tập cho kỳ thi cuối kỳ của sinh viên .","hình thức 2 cần có sự phân bố thời gian gặp sinh viên hợp lý , không thể để cuối kỳ , gặp rồi cho đồ án liên tục , ảnh hưởng đến việc ôn tập cho kỳ thi cuối kỳ của sinh viên ."
1,"máy nghe nên được trang bị tốt hơn , phòng học nên sáng hơn .","máy nghe nên được trang bị tốt hơn , phòng học nên sáng hơn .","máy nghe nên được trang bị tốt hơn , phòng học nên sáng hơn ."
2,thực tế với hiện trạng .,thực tế với hiện trạng .,thực tế với hiện trạng .
1,thầy dạy chán chưa thu hút học sinh .,thầy dạy chán chưa thu hút học sinh .,thầy dạy chán chưa thu hút học sinh .
3,thầy dạy rất hay ạ !,thầy dạy rất hay ạ !,thầy dạy rất hay ạ !
2,làm bài tập về nhà .,làm bài tập về nhà .,làm bài tập về nhà .
3,thầy giảng rất hay !,thầy giảng rất hay !,thầy giảng rất hay !
3,giảng viên nhiệt tình và tận tâm với sinh viên .,giảng viên nhiệt tình và tận tâm với sinh viên .,giảng viên nhiệt tình và tận tâm với sinh viên .
3,"cô giảng dạy nhiệt tình , giải đáp thắc mắc cho sinh viên nhanh chóng , kiên nhẫn giải thích cho sinh viên .","cô giảng dạy nhiệt tình , giải đáp thắc mắc cho sinh viên nhanh chóng , kiên nhẫn giải thích cho sinh viên .","cô giảng dạy nhiệt tình , giải đáp thắc mắc cho sinh viên nhanh chóng , kiên nhẫn giải thích cho sinh viên ."
1,"đôi khi bài thực hành và lý thuyết không khớp gì nhau cả , có 2 tuần lớp thực hành học trước lý thuyết .","đôi khi bài thực hành và lý thuyết không khớp gì nhau cả , có 2 tuần lớp thực hành học trước lý thuyết .","đôi khi bài thực hành và lý thuyết không khớp gì nhau cả , có 2 tuần lớp thực hành học trước lý thuyết ."
2,mọi thứ .,mọi thứ .,mọi thứ .
2,có tương tác với học sinh .,có tương tác với học sinh .,có tương tác với học sinh .
3,"giáo viên truyền đạt tốt , tạo nhiều cảm hứng cho sinh viên , giúp nâng cao trình độ ngoại ngữ .","giáo viên truyền đạt tốt , tạo nhiều cảm hứng cho sinh viên , giúp nâng cao trình độ ngoại ngữ .","giáo viên truyền đạt tốt , tạo nhiều cảm hứng cho sinh viên , giúp nâng cao trình độ ngoại ngữ ."
2,khả năng truyền tải kiến thức .,khả năng truyền tải kiến thức .,khả năng truyền tải kiến thức .
2,không có ý kiến khác .,không có ý kiến khác .,không có ý kiến khác .
1,thái độ hơi khó chịu với sinh viên .,thái độ hơi khó chịu với sinh viên .,thái độ hơi khó chịu với sinh viên .
1,thầy wzjwz247 đôi lúc nhìn hơi bị bí hiểm em cảm thấy sợ vì điều này .,thầy wzjwz247 đôi lúc nhìn hơi bị bí hiểm em cảm thấy sợ vì điều này .,thầy wzjwz247 đôi lúc nhìn hơi bị bí hiểm em cảm thấy sợ vì điều này .
3,thầy giảng rất tận tâm .,thầy giảng rất tận tâm .,thầy giảng rất tận tâm .
1,trong khi thầy dạy sinh viên chỉ hiểu được vài gạch đầu dòng thì lại làm một vấn đề mà google cũng bó tay .,trong khi thầy dạy sinh viên chỉ hiểu được vài gạch đầu dòng thì lại làm một vấn đề mà google cũng bó tay .,trong khi thầy dạy sinh viên chỉ hiểu được vài gạch đầu dòng thì lại làm một vấn đề mà google cũng bó tay .
3,"khả năng truyền đạt kiến thức cao , thường hay gọi lên bảng để kiểm tra năng lực sinh viên .","khả năng truyền đạt kiến thức cao , thường hay gọi lên bảng để kiểm tra năng lực sinh viên .","khả năng truyền đạt kiến thức cao , thường hay gọi lên bảng để kiểm tra năng lực sinh viên ."
1,"các bài tập của nhóm đều tự làm , hoặc có tham khảo số liệu thống kê để phân tích thị trường nhưng lại làm tỉ lệ sao chép theo thuật toán của turnitindotcom > 30% ( theo thầy nói bài > 30 % sẽ bị 0 điểm ) .","các bài tập của nhóm đều tự làm , hoặc có tham khảo số liệu thống kê để phân tích thị trường nhưng lại làm tỉ lệ sao chép theo thuật toán của turnitindotcom > 30% ( theo thầy nói bài > 30 % sẽ bị 0 điểm ) .","các bài tập của nhóm đều tự làm , hoặc có tham khảo số liệu thống kê để phân tích thị trường nhưng lại làm tỉ lệ sao chép theo thuật toán của turnitindotcom > 30% ( theo thầy nói bài > 30 % sẽ bị 0 điểm ) ."
2,cho bài tập và ví dụ .,cho bài tập và ví dụ .,cho bài tập và ví dụ .
2,"thưa , không có ạ .","thưa , không có ạ .","thưa , không có ạ ."
1,khi sinh viên hỏi phải có câu trả lời chính xác không được bỏ qua những câu hỏi của sinh viên .,khi sinh viên hỏi phải có câu trả lời chính xác không được bỏ qua những câu hỏi của sinh viên .,khi sinh viên hỏi phải có câu trả lời chính xác không được bỏ qua những câu hỏi của sinh viên .
1,lịch thực hành ban ra quá trễ !,lịch thực hành ban ra quá trễ !,lịch thực hành ban ra quá trễ !
3,thầy cô giáo dạy rất nhiệt tình và vui vẻ .,thầy cô giáo dạy rất nhiệt tình và vui vẻ .,thầy cô giáo dạy rất nhiệt tình và vui vẻ .
2,giảng dạy .,giảng dạy .,giảng dạy .
1,lượng kiến thức quá nhiều trong một học kỳ .,lượng kiến thức quá nhiều trong một học kỳ .,lượng kiến thức quá nhiều trong một học kỳ .
3,"giáo trình rõ ràng , bài tập đầy đủ nội dung đã học .","giáo trình rõ ràng , bài tập đầy đủ nội dung đã học .","giáo trình rõ ràng , bài tập đầy đủ nội dung đã học ."
1,hay nghỉ .,hay nghỉ .,hay nghỉ .
2,áp dụng .,áp dụng .,áp dụng .
1,"cô tận tình với học sinh , nhưng còn thiếu cách truyền đạt một chút .","cô tận tình với học sinh , nhưng còn thiếu cách truyền đạt một chút .","cô tận tình với học sinh , nhưng còn thiếu cách truyền đạt một chút ."
2,em không ý kiến .,em không ý kiến .,em không ý kiến .
2,"môn thực hành này , về kiến thức , học tập , chủ yếu là em trao đổi với bạn học và với giáo viên lý thuyết cô wzjwz152 .","môn thực hành này , về kiến thức , học tập , chủ yếu là em trao đổi với bạn học và với giáo viên lý thuyết cô wzjwz152 .","môn thực hành này , về kiến thức , học tập , chủ yếu là em trao đổi với bạn học và với giáo viên lý thuyết cô wzjwz152 ."
1,"cô dạy nhiệt tình nhưng nói qua rất nhỏ , khó nghe .","cô dạy nhiệt tình nhưng nói qua rất nhỏ , khó nghe .","cô dạy nhiệt tình nhưng nói qua rất nhỏ , khó nghe ."
3,"thầy có tâm và rất tận tình , rõ ràng trong các thông báo .","thầy có tâm và rất tận tình , rõ ràng trong các thông báo .","thầy có tâm và rất tận tình , rõ ràng trong các thông báo ."
2,"chuẩn bị đầy đủ các phần mềm , chương trình cần thiết sẵn trong các phòng thực hành phù hợp với đặc trưng môn học .","chuẩn bị đầy đủ các phần mềm , chương trình cần thiết sẵn trong các phòng thực hành phù hợp với đặc trưng môn học .","chuẩn bị đầy đủ các phần mềm , chương trình cần thiết sẵn trong các phòng thực hành phù hợp với đặc trưng môn học ."
2,không có ạ .,không có ạ .,không có ạ .
1,giảng viên vào lớp toàn đọc báo bấm slide thời lượng không được bảo đảm tầm 9h là đi họp hoài .,giảng viên vào lớp toàn đọc báo bấm slide thời lượng không được bảo đảm tầm 9h là đi họp hoài .,giảng viên vào lớp toàn đọc báo bấm slide thời lượng không được bảo đảm tầm 9h là đi họp hoài .
2,thực hành đầy đủ .,thực hành đầy đủ .,thực hành đầy đủ .
1,phòng ốc nên sạch sẽ hơn thì sinh viên sẽ có hứng thú ngồi lâu hơn trong phòng học .,phòng ốc nên sạch sẽ hơn thì sinh viên sẽ có hứng thú ngồi lâu hơn trong phòng học .,phòng ốc nên sạch sẽ hơn thì sinh viên sẽ có hứng thú ngồi lâu hơn trong phòng học .
3,"giảng viên vui vẻ hòa đồng , tận tâm với sinh viên , truyền đạt kiến thức tốt .","giảng viên vui vẻ hòa đồng , tận tâm với sinh viên , truyền đạt kiến thức tốt .","giảng viên vui vẻ hòa đồng , tận tâm với sinh viên , truyền đạt kiến thức tốt ."
3,thầy dạy kỹ càng .,thầy dạy kỹ càng .,thầy dạy kỹ càng .
1,không nên sử dụng thực hành hình thức 2 .,không nên sử dụng thực hành hình thức 2 .,không nên sử dụng thực hành hình thức 2 .
1,"quá ô nhiễm tiếng ồn , mệt mỏi và chán học !","quá ô nhiễm tiếng ồn , mệt mỏi và chán học !","quá ô nhiễm tiếng ồn , mệt mỏi và chán học !"
1,giáo viên nghỉ dạy .,giáo viên nghỉ dạy .,giáo viên nghỉ dạy .
1,thầy chỉ làm việc của thầy .,thầy chỉ làm việc của thầy .,thầy chỉ làm việc của thầy .
2,chơi trò chơi .,chơi trò chơi .,chơi trò chơi .
1,"giảng viên cần phải nói rõ hơn , giới thiệu , phân tích , cho ví dụ minh họa .","giảng viên cần phải nói rõ hơn , giới thiệu , phân tích , cho ví dụ minh họa .","giảng viên cần phải nói rõ hơn , giới thiệu , phân tích , cho ví dụ minh họa ."
2,thầy rất ít nổi nóng .,thầy rất ít nổi nóng .,thầy rất ít nổi nóng .
1,"thú vị , cải thiện khả năng giao tiếp bằng tiếng anh .","thú vị , cải thiện khả năng giao tiếp bằng tiếng anh .","thú vị , cải thiện khả năng giao tiếp bằng tiếng anh ."
3,"giảng viên dạy rất hay , bài tập khá đa dạng , đi thi nắm vững được các dạng nên không cần học tủ , thầy rất nhiệt tình .","giảng viên dạy rất hay , bài tập khá đa dạng , đi thi nắm vững được các dạng nên không cần học tủ , thầy rất nhiệt tình .","giảng viên dạy rất hay , bài tập khá đa dạng , đi thi nắm vững được các dạng nên không cần học tủ , thầy rất nhiệt tình ."
3,"lên lớp đúng giờ , tận tâm với sinh viên .","lên lớp đúng giờ , tận tâm với sinh viên .","lên lớp đúng giờ , tận tâm với sinh viên ."
1,thật sự để đánh giá tổng quát được chất lượng đào tạo thì có lẽ một sinh viên phải học qua nhiều giáo viên mới có cái nhìn tổng quát về cách giảng dạy và chất lượng .,thật sự để đánh giá tổng quát được chất lượng đào tạo thì có lẽ một sinh viên phải học qua nhiều giáo viên mới có cái nhìn tổng quát về cách giảng dạy và chất lượng .,thật sự để đánh giá tổng quát được chất lượng đào tạo thì có lẽ một sinh viên phải học qua nhiều giáo viên mới có cái nhìn tổng quát về cách giảng dạy và chất lượng .
3,"giảng viên rất tận tâm , nhiệt tình , gần gũi sinh viên .","giảng viên rất tận tâm , nhiệt tình , gần gũi sinh viên .","giảng viên rất tận tâm , nhiệt tình , gần gũi sinh viên ."
2,em không có ý kiến gì cả .,em không có ý kiến gì cả .,em không có ý kiến gì cả .
1,may mắn cho các sinh viên sau này không còn làm việc với giảng viên này .,may mắn cho các sinh viên sau này không còn làm việc với giảng viên này .,may mắn cho các sinh viên sau này không còn làm việc với giảng viên này .
3,"cô có khả năng truyền đạt tốt , giảng dạy kết hợp với luyện tập các kỹ năng cơ bản trong môn học rất linh hoạt và hấp dẫn , cô có sự nhiệt tình lớn .","cô có khả năng truyền đạt tốt , giảng dạy kết hợp với luyện tập các kỹ năng cơ bản trong môn học rất linh hoạt và hấp dẫn , cô có sự nhiệt tình lớn .","cô có khả năng truyền đạt tốt , giảng dạy kết hợp với luyện tập các kỹ năng cơ bản trong môn học rất linh hoạt và hấp dẫn , cô có sự nhiệt tình lớn ."
3,rất thực tiễn .,rất thực tiễn .,rất thực tiễn .
3,"dạy đầy đủ kiến thức , hỗ trợ sinh viên tốt .","dạy đầy đủ kiến thức , hỗ trợ sinh viên tốt .","dạy đầy đủ kiến thức , hỗ trợ sinh viên tốt ."
2,vì môn vậy lý kỹ thuật sinh viên chỉ học để lấy điểm cao kéo điểm trung bình lên thôi .,vì môn vậy lý kỹ thuật sinh viên chỉ học để lấy điểm cao kéo điểm trung bình lên thôi .,vì môn vậy lý kỹ thuật sinh viên chỉ học để lấy điểm cao kéo điểm trung bình lên thôi .
1,cần có thêm nhiều bài tập .,cần có thêm nhiều bài tập .,cần có thêm nhiều bài tập .
2,em chưa gặp thầy lần nào .,em chưa gặp thầy lần nào .,em chưa gặp thầy lần nào .
1,cô dạy còn hơi nhanh hơi thuần lý thuyết .,cô dạy còn hơi nhanh hơi thuần lý thuyết .,cô dạy còn hơi nhanh hơi thuần lý thuyết .
2,truyền đạt .,truyền đạt .,truyền đạt .
3,"dạy dễ hiểu , vui vẻ , tận tình .","dạy dễ hiểu , vui vẻ , tận tình .","dạy dễ hiểu , vui vẻ , tận tình ."
3,"giảng kỹ , hay .","giảng kỹ , hay .","giảng kỹ , hay ."
2,thêm giờ thực hành .,thêm giờ thực hành .,thêm giờ thực hành .
3,"giáo viên vui tính , dạy dễ hiểu .","giáo viên vui tính , dạy dễ hiểu .","giáo viên vui tính , dạy dễ hiểu ."
1,hay bị về trễ colonsad .,hay bị về trễ colonsad .,hay bị về trễ colonsad .
3,"thầy wzjwz262 nhiệt tình , truyền đạt tốt kiến thức , giới thiệu thêm nhiều nguồn tài liệu cho sinh viên .","thầy wzjwz262 nhiệt tình , truyền đạt tốt kiến thức , giới thiệu thêm nhiều nguồn tài liệu cho sinh viên .","thầy wzjwz262 nhiệt tình , truyền đạt tốt kiến thức , giới thiệu thêm nhiều nguồn tài liệu cho sinh viên ."
1,khả năng truyền đạt kiến thức kém .,khả năng truyền đạt kiến thức kém .,khả năng truyền đạt kiến thức kém .
3,"tài liệu , nội dung bài học thầy wzjwz197 cung cấp đầy đủ , chi tiết .","tài liệu , nội dung bài học thầy wzjwz197 cung cấp đầy đủ , chi tiết .","tài liệu , nội dung bài học thầy wzjwz197 cung cấp đầy đủ , chi tiết ."
1,thường đi trễ .,thường đi trễ .,thường đi trễ .
1,đôi khi giảng bài quá nhanh .,đôi khi giảng bài quá nhanh .,đôi khi giảng bài quá nhanh .
1,cô cho bài tập về nhà hơi nhiều .,cô cho bài tập về nhà hơi nhiều .,cô cho bài tập về nhà hơi nhiều .
1,phương pháp dạy còn chưa thực sự thu hút được sự chú ý của sinh viên gây nên nhàm chán và thụ động .,phương pháp dạy còn chưa thực sự thu hút được sự chú ý của sinh viên gây nên nhàm chán và thụ động .,phương pháp dạy còn chưa thực sự thu hút được sự chú ý của sinh viên gây nên nhàm chán và thụ động .
3,giảng viên giảng dạy dễ hiểu .,giảng viên giảng dạy dễ hiểu .,giảng viên giảng dạy dễ hiểu .
1,dạy song song hai lớp cùng lúc và không dạy nhiệt tình cho sinh viên trường đại học công nghệ thông tin .,dạy song song hai lớp cùng lúc và không dạy nhiệt tình cho sinh viên trường đại học công nghệ thông tin .,dạy song song hai lớp cùng lúc và không dạy nhiệt tình cho sinh viên trường đại học công nghệ thông tin .
1,khi học sinh nào có ý kiến muốn phát biểu thì thầy tranh luận tới cùng .,khi học sinh nào có ý kiến muốn phát biểu thì thầy tranh luận tới cùng .,khi học sinh nào có ý kiến muốn phát biểu thì thầy tranh luận tới cùng .
1,chương trình học quá nhiều và nhiều phần không cần thiết .,chương trình học quá nhiều và nhiều phần không cần thiết .,chương trình học quá nhiều và nhiều phần không cần thiết .
3,thầy rất thoáng và thoải mái .,thầy rất thoáng và thoải mái .,thầy rất thoáng và thoải mái .
3,giảng viên vần tạo thêm động lực học cho sinh viên .,giảng viên vần tạo thêm động lực học cho sinh viên .,giảng viên vần tạo thêm động lực học cho sinh viên .
2,cũng hài lòng .,cũng hài lòng .,cũng hài lòng .
3,em thích cách dạy của thầy .,em thích cách dạy của thầy .,em thích cách dạy của thầy .
2,cách nói chuyện .,cách nói chuyện .,cách nói chuyện .
1,tăng thời gian học vì anh văn là môn học khó .,tăng thời gian học vì anh văn là môn học khó .,tăng thời gian học vì anh văn là môn học khó .
3,vận dụng được một số kiến thức để áp dụng những môn học sau .,vận dụng được một số kiến thức để áp dụng những môn học sau .,vận dụng được một số kiến thức để áp dụng những môn học sau .
1,nên có nhiều bài tập vận dụng về nhà cho sinh viên .,nên có nhiều bài tập vận dụng về nhà cho sinh viên .,nên có nhiều bài tập vận dụng về nhà cho sinh viên .
2,giảng viên không có tính hài hước .,giảng viên không có tính hài hước .,giảng viên không có tính hài hước .
2,em cám ơn .,em cám ơn .,em cám ơn .
1,"làm các bài lab trên win server 2012 rất khác so với win server 2003, mà lại toàn cho làm các bài lab trên win server 2003, có vẻ cũ .","làm các bài lab trên win server 2012 rất khác so với win server 2003, mà lại toàn cho làm các bài lab trên win server 2003, có vẻ cũ .","làm các bài lab trên win server 2012 rất khác so với win server 2003, mà lại toàn cho làm các bài lab trên win server 2003, có vẻ cũ ."
1,cần tiếp cận với sinh viên nhiều hơn .,cần tiếp cận với sinh viên nhiều hơn .,cần tiếp cận với sinh viên nhiều hơn .
1,"không có hoạt động nhóm , bài tập ít .","không có hoạt động nhóm , bài tập ít .","không có hoạt động nhóm , bài tập ít ."
2,về cách cho sinh viên thảo luận nhóm .,về cách cho sinh viên thảo luận nhóm .,về cách cho sinh viên thảo luận nhóm .
1,chưa chuẩn bị kỹ nội dung giảng dạy .,chưa chuẩn bị kỹ nội dung giảng dạy .,chưa chuẩn bị kỹ nội dung giảng dạy .
2,đánh giá tính chuyên cần .,đánh giá tính chuyên cần .,đánh giá tính chuyên cần .
1,không tạo được sự tâp trung hứng thú cho sinh viên .,không tạo được sự tâp trung hứng thú cho sinh viên .,không tạo được sự tâp trung hứng thú cho sinh viên .
2,"giờ quen miệng , nói câu đó quài .","giờ quen miệng , nói câu đó quài .","giờ quen miệng , nói câu đó quài ."
3,"cách truyền đạt , sự tận tâm .","cách truyền đạt , sự tận tâm .","cách truyền đạt , sự tận tâm ."
3,"giảng viên nhiệt tình , giảng dạy tốt , dễ hiểu .","giảng viên nhiệt tình , giảng dạy tốt , dễ hiểu .","giảng viên nhiệt tình , giảng dạy tốt , dễ hiểu ."
3,"thầy vui tính , giảng bài dễ hiểu , nhiệt tình .","thầy vui tính , giảng bài dễ hiểu , nhiệt tình .","thầy vui tính , giảng bài dễ hiểu , nhiệt tình ."
2,sự nhiệt tình giảng dạy của giảng viên .,sự nhiệt tình giảng dạy của giảng viên .,sự nhiệt tình giảng dạy của giảng viên .
2,dễ .,dễ .,dễ .
2,không có ý kiến gì ạ .,không có ý kiến gì ạ .,không có ý kiến gì ạ .
2,không có ý kiến thêm .,không có ý kiến thêm .,không có ý kiến thêm .
1,cô dạy hay nhưng phòng máy nhiều hôm thiếu máy .,cô dạy hay nhưng phòng máy nhiều hôm thiếu máy .,cô dạy hay nhưng phòng máy nhiều hôm thiếu máy .
2,cô lo sợ sinh viên sẽ không thể hiểu được nhưng thật sự thì để đỗ được đại học thì mức độ tư duy của các sinh viên đã tương đối tốt .,cô lo sợ sinh viên sẽ không thể hiểu được nhưng thật sự thì để đỗ được đại học thì mức độ tư duy của các sinh viên đã tương đối tốt .,cô lo sợ sinh viên sẽ không thể hiểu được nhưng thật sự thì để đỗ được đại học thì mức độ tư duy của các sinh viên đã tương đối tốt .
3,"giảng viên đảm bảo giờ giấc , học bù đầy đủ .","giảng viên đảm bảo giờ giấc , học bù đầy đủ .","giảng viên đảm bảo giờ giấc , học bù đầy đủ ."
1,"em không ý kiến gì về việc thầy chấm khó hay dễ nhưng nếu chấm khó thì thầy nên quan tâm đầu tư về việc giảng dạy nhiều hơn , tạo nhiều hoạt động hỗ trợ và thúc đẩy sinh viên làm đồ án .","em không ý kiến gì về việc thầy chấm khó hay dễ nhưng nếu chấm khó thì thầy nên quan tâm đầu tư về việc giảng dạy nhiều hơn , tạo nhiều hoạt động hỗ trợ và thúc đẩy sinh viên làm đồ án .","em không ý kiến gì về việc thầy chấm khó hay dễ nhưng nếu chấm khó thì thầy nên quan tâm đầu tư về việc giảng dạy nhiều hơn , tạo nhiều hoạt động hỗ trợ và thúc đẩy sinh viên làm đồ án ."
2,em thi giữa kỳ được 9dot5 điểm .,em thi giữa kỳ được 9dot5 điểm .,em thi giữa kỳ được 9dot5 điểm .
1,"có rất nhiều thiết bị đang xuống cấp và hư hỏng , ảnh hưởng đến chất lượng giảng dạy .","có rất nhiều thiết bị đang xuống cấp và hư hỏng , ảnh hưởng đến chất lượng giảng dạy .","có rất nhiều thiết bị đang xuống cấp và hư hỏng , ảnh hưởng đến chất lượng giảng dạy ."
2,"lớp có 3 thầy nhưng không biết thầy wzjwz282 , 3 thầy đó là doubledot wzjwz283 , wzjwz284 , wzjwz285 .","lớp có 3 thầy nhưng không biết thầy wzjwz282 , 3 thầy đó là doubledot wzjwz283 , wzjwz284 , wzjwz285 .","lớp có 3 thầy nhưng không biết thầy wzjwz282 , 3 thầy đó là doubledot wzjwz283 , wzjwz284 , wzjwz285 ."
3,thầy dạy cung cấp rất nhiều ví dụ thực tế .,thầy dạy cung cấp rất nhiều ví dụ thực tế .,thầy dạy cung cấp rất nhiều ví dụ thực tế .
1,slide quá dài và dùng từ ngữ khó hiểu .,slide quá dài và dùng từ ngữ khó hiểu .,slide quá dài và dùng từ ngữ khó hiểu .
2,không có gì để phàn nàn .,không có gì để phàn nàn .,không có gì để phàn nàn .
1,"cần có một phòng máy tốt hơn , hiện đại hơn .","cần có một phòng máy tốt hơn , hiện đại hơn .","cần có một phòng máy tốt hơn , hiện đại hơn ."
2,hay kể chuyện cho lớp em nghe .,hay kể chuyện cho lớp em nghe .,hay kể chuyện cho lớp em nghe .
1,nếu có thì cũng xin xem lại chất lượng môn này .,nếu có thì cũng xin xem lại chất lượng môn này .,nếu có thì cũng xin xem lại chất lượng môn này .
2,giải bài tập về nhà .,giải bài tập về nhà .,giải bài tập về nhà .
3,đảm bảo cân bằng giữa học lý thuyết và làm bài tập .,đảm bảo cân bằng giữa học lý thuyết và làm bài tập .,đảm bảo cân bằng giữa học lý thuyết và làm bài tập .
3,cô giảng bài rất dễ hiểu .,cô giảng bài rất dễ hiểu .,cô giảng bài rất dễ hiểu .
2,thầy cho bài tập về nhà hàng tuần .,thầy cho bài tập về nhà hàng tuần .,thầy cho bài tập về nhà hàng tuần .
2,về các ví dụ .,về các ví dụ .,về các ví dụ .
3,nhiệt tình giúp đỡ học sinh .,nhiệt tình giúp đỡ học sinh .,nhiệt tình giúp đỡ học sinh .
2,đến lớp dúng giờ !,đến lớp dúng giờ !,đến lớp dúng giờ !
2,lớp học thực hành luôn duy trì sĩ số 10 - 50 sinh viên .,lớp học thực hành luôn duy trì sĩ số 10 - 50 sinh viên .,lớp học thực hành luôn duy trì sĩ số 10 - 50 sinh viên .
1,sinh viên được được thuyết trình nhưng thật sự chưa hiểu quả .,sinh viên được được thuyết trình nhưng thật sự chưa hiểu quả .,sinh viên được được thuyết trình nhưng thật sự chưa hiểu quả .
2,"giảng viên cố gắng tìm đủ thiết bị , dụng cụ cho sinh viên thực hành .","giảng viên cố gắng tìm đủ thiết bị , dụng cụ cho sinh viên thực hành .","giảng viên cố gắng tìm đủ thiết bị , dụng cụ cho sinh viên thực hành ."
1,cần phân chia trình độ giữa các bạn để chia lớp rõ ràng hơn .,cần phân chia trình độ giữa các bạn để chia lớp rõ ràng hơn .,cần phân chia trình độ giữa các bạn để chia lớp rõ ràng hơn .
1,lâu lâu thầy nói cực nhanh nghe không kịp ý thầy .,lâu lâu thầy nói cực nhanh nghe không kịp ý thầy .,lâu lâu thầy nói cực nhanh nghe không kịp ý thầy .
3,giáo viên giảng dạy nhiệt tình .,giáo viên giảng dạy nhiệt tình .,giáo viên giảng dạy nhiệt tình .
1,"slide còn hơi khô khan , cách giải thích của giảng viên còn chưa thuyết phục dễ hiểu .","slide còn hơi khô khan , cách giải thích của giảng viên còn chưa thuyết phục dễ hiểu .","slide còn hơi khô khan , cách giải thích của giảng viên còn chưa thuyết phục dễ hiểu ."
2,kiến thức được đưa vào ứng dụng nhiều bài toán .,kiến thức được đưa vào ứng dụng nhiều bài toán .,kiến thức được đưa vào ứng dụng nhiều bài toán .
2,kiến thức xã hội .,kiến thức xã hội .,kiến thức xã hội .
2,làm bài tập .,làm bài tập .,làm bài tập .
2,"buổi đầu tiên là một bài thực hành đơn giản , buổi thứ 2 chia nhóm và thông báo đề tài đồ án cuối kỳ , buổi thứ 3 là chấm đồ án .","buổi đầu tiên là một bài thực hành đơn giản , buổi thứ 2 chia nhóm và thông báo đề tài đồ án cuối kỳ , buổi thứ 3 là chấm đồ án .","buổi đầu tiên là một bài thực hành đơn giản , buổi thứ 2 chia nhóm và thông báo đề tài đồ án cuối kỳ , buổi thứ 3 là chấm đồ án ."
3,"khi sinh viên có thắc mắc về bài tập thì giáo viên chỉ dẫn tận tình , dễ hiểu .","khi sinh viên có thắc mắc về bài tập thì giáo viên chỉ dẫn tận tình , dễ hiểu .","khi sinh viên có thắc mắc về bài tập thì giáo viên chỉ dẫn tận tình , dễ hiểu ."
2,thầy có hướng dẫn vào lúc thực hành .,thầy có hướng dẫn vào lúc thực hành .,thầy có hướng dẫn vào lúc thực hành .
3,"thầy dạy rất tận tâm và dễ hiểu , tuy bị mất căn bản nhập môn lập trình nhưng sau mỗi buổi học của thầy , em cảm thấy vô cùng hứng thú và có động lực hơn với môn lập trình hướng đối tượng nói riêng và những môn có liên quan đế lập trình khác nói chung .","thầy dạy rất tận tâm và dễ hiểu , tuy bị mất căn bản nhập môn lập trình nhưng sau mỗi buổi học của thầy , em cảm thấy vô cùng hứng thú và có động lực hơn với môn lập trình hướng đối tượng nói riêng và những môn có liên quan đế lập trình khác nói chung .","thầy dạy rất tận tâm và dễ hiểu , tuy bị mất căn bản nhập môn lập trình nhưng sau mỗi buổi học của thầy , em cảm thấy vô cùng hứng thú và có động lực hơn với môn lập trình hướng đối tượng nói riêng và những môn có liên quan đế lập trình khác nói chung ."
3,cô giảng dễ hiểu giúp em tiếp thu bài rất nhanh .,cô giảng dễ hiểu giúp em tiếp thu bài rất nhanh .,cô giảng dễ hiểu giúp em tiếp thu bài rất nhanh .
2,phần tài liệu .,phần tài liệu .,phần tài liệu .
2,không có điều gì không hài lòng về thầy .,không có điều gì không hài lòng về thầy .,không có điều gì không hài lòng về thầy .
2,không có điều không hài lòng .,không có điều không hài lòng .,không có điều không hài lòng .
2,có bám sát chương trình dạy .,có bám sát chương trình dạy .,có bám sát chương trình dạy .
2,tâm sự của một đứa sinh viên bị thầy đánh rớt .,tâm sự của một đứa sinh viên bị thầy đánh rớt .,tâm sự của một đứa sinh viên bị thầy đánh rớt .
1,"phương pháp thầy cho các bạn thuyết trình trên lớp cũng không khả quan , một buổi học đến 4 nhóm thuyết trình về 4 chủ đề khác nhau .","phương pháp thầy cho các bạn thuyết trình trên lớp cũng không khả quan , một buổi học đến 4 nhóm thuyết trình về 4 chủ đề khác nhau .","phương pháp thầy cho các bạn thuyết trình trên lớp cũng không khả quan , một buổi học đến 4 nhóm thuyết trình về 4 chủ đề khác nhau ."
3,"thầy dạy dễ hiểu , rất hài lòng .","thầy dạy dễ hiểu , rất hài lòng .","thầy dạy dễ hiểu , rất hài lòng ."
2,đó là tại sao .,đó là tại sao .,đó là tại sao .
1,chỉ làm bài tập dựa trên tài liệu và tìm kiếm trên mạng .,chỉ làm bài tập dựa trên tài liệu và tìm kiếm trên mạng .,chỉ làm bài tập dựa trên tài liệu và tìm kiếm trên mạng .
3,thầy dạy dễ hiểu có tâm .,thầy dạy dễ hiểu có tâm .,thầy dạy dễ hiểu có tâm .
2,dạy đủ giờ !,dạy đủ giờ !,dạy đủ giờ !
3,"cách dạy chậm rãi , dễ hiểu , giảng viên thân thiện với sinh viên .","cách dạy chậm rãi , dễ hiểu , giảng viên thân thiện với sinh viên .","cách dạy chậm rãi , dễ hiểu , giảng viên thân thiện với sinh viên ."
3,"thầy giảng bài cực kỳ thu hút , dễ hiểu , không gây buồn ngủ , nhàm chán .","thầy giảng bài cực kỳ thu hút , dễ hiểu , không gây buồn ngủ , nhàm chán .","thầy giảng bài cực kỳ thu hút , dễ hiểu , không gây buồn ngủ , nhàm chán ."
3,"giảng viên dạy tận tâm , nhiệt tình , vui vẻ với sinh viên , dạy đầy đủ kiến thức cần thiết .","giảng viên dạy tận tâm , nhiệt tình , vui vẻ với sinh viên , dạy đầy đủ kiến thức cần thiết .","giảng viên dạy tận tâm , nhiệt tình , vui vẻ với sinh viên , dạy đầy đủ kiến thức cần thiết ."
3,kiến thức môn học ứng dụng tốt cho công việc sau này .,kiến thức môn học ứng dụng tốt cho công việc sau này .,kiến thức môn học ứng dụng tốt cho công việc sau này .
2,kiến thức .,kiến thức .,kiến thức .
2,không biết cô wzjwz327 là ai ?,không biết cô wzjwz327 là ai ?,không biết cô wzjwz327 là ai ?
2,kiểm tra bằng web .,kiểm tra bằng web .,kiểm tra bằng web .
3,rất hòa đồng .,rất hòa đồng .,rất hòa đồng .
2,"và cuối cùng , đây cũng chỉ là tâm sự của riêng tôi , tôi không có ý gì cả , có lẽ đó cũng là chút kỷ niệm mà tôi lưu lại đối với môn học này , có lẽ vì số tôi quá đen , âu thì tôi đành cam chịu vậy hi hi rớt môn rồi , buồn quá .","và cuối cùng , đây cũng chỉ là tâm sự của riêng tôi , tôi không có ý gì cả , có lẽ đó cũng là chút kỷ niệm mà tôi lưu lại đối với môn học này , có lẽ vì số tôi quá đen , âu thì tôi đành cam chịu vậy hi hi rớt môn rồi , buồn quá .","và cuối cùng , đây cũng chỉ là tâm sự của riêng tôi , tôi không có ý gì cả , có lẽ đó cũng là chút kỷ niệm mà tôi lưu lại đối với môn học này , có lẽ vì số tôi quá đen , âu thì tôi đành cam chịu vậy hi hi rớt môn rồi , buồn quá ."
3,thầy tận tâm !,thầy tận tâm !,thầy tận tâm !
1,chưa có demo thực tế .,chưa có demo thực tế .,chưa có demo thực tế .
2,tất cả môn học .,tất cả môn học .,tất cả môn học .
2,khá giống lúc học phổ thông .,khá giống lúc học phổ thông .,khá giống lúc học phổ thông .
3,"giảng viên có nhiều ví dụ , bài tập minh họa cho bài học .","giảng viên có nhiều ví dụ , bài tập minh họa cho bài học .","giảng viên có nhiều ví dụ , bài tập minh họa cho bài học ."
2,phong cách thầy rất giống wzjwz225 .,phong cách thầy rất giống wzjwz225 .,phong cách thầy rất giống wzjwz225 .
3,"giáo viên luôn chia sẻ những ứng dụng của kiến thức đã học với thực tiễn , chia sẻ khá nhiều kinh nghiệm thực tế vô cùng bổ ích với sinh viên .","giáo viên luôn chia sẻ những ứng dụng của kiến thức đã học với thực tiễn , chia sẻ khá nhiều kinh nghiệm thực tế vô cùng bổ ích với sinh viên .","giáo viên luôn chia sẻ những ứng dụng của kiến thức đã học với thực tiễn , chia sẻ khá nhiều kinh nghiệm thực tế vô cùng bổ ích với sinh viên ."
1,môn này giải bài tập khá nhiều và khó .,môn này giải bài tập khá nhiều và khó .,môn này giải bài tập khá nhiều và khó .
1,và cần có thêm những lưu ý cho học sinh .,và cần có thêm những lưu ý cho học sinh .,và cần có thêm những lưu ý cho học sinh .
1,cô nói hơi nhỏ nên hơi buồn ngủ .,cô nói hơi nhỏ nên hơi buồn ngủ .,cô nói hơi nhỏ nên hơi buồn ngủ .
1,không đến lớp làm sinh viên đi học rồi phải tự đi về .,không đến lớp làm sinh viên đi học rồi phải tự đi về .,không đến lớp làm sinh viên đi học rồi phải tự đi về .
1,"phòng thực hành khoa wzjwz70 máy hư tùm lum , không hiểu sao phòng thực hành mấy khoa khác như wzjwz71 , wzjwz72 đầu tư mới với tốt hơn nhiều .","phòng thực hành khoa wzjwz70 máy hư tùm lum , không hiểu sao phòng thực hành mấy khoa khác như wzjwz71 , wzjwz72 đầu tư mới với tốt hơn nhiều .","phòng thực hành khoa wzjwz70 máy hư tùm lum , không hiểu sao phòng thực hành mấy khoa khác như wzjwz71 , wzjwz72 đầu tư mới với tốt hơn nhiều ."
1,cần nêu ý nghĩa quan trọng của môn học nhiều hơn .,cần nêu ý nghĩa quan trọng của môn học nhiều hơn .,cần nêu ý nghĩa quan trọng của môn học nhiều hơn .
1,giảng viên tới lớp hơi trễ .,giảng viên tới lớp hơi trễ .,giảng viên tới lớp hơi trễ .
3,cảm ơn hai thầy và nhà trường đã đọc !,cảm ơn hai thầy và nhà trường đã đọc !,cảm ơn hai thầy và nhà trường đã đọc !
2,thầy giảng dạy nhiều kiến thức .,thầy giảng dạy nhiều kiến thức .,thầy giảng dạy nhiều kiến thức .
3,thầy dạy thực tế .,thầy dạy thực tế .,thầy dạy thực tế .
3,"giảng viên tích cực hỗ trợ sinh viên , truyền đạt hiệu quả .","giảng viên tích cực hỗ trợ sinh viên , truyền đạt hiệu quả .","giảng viên tích cực hỗ trợ sinh viên , truyền đạt hiệu quả ."
1,mong thầy giảng giải và cho bài tập từng bước nhiều hơn .,mong thầy giảng giải và cho bài tập từng bước nhiều hơn .,mong thầy giảng giải và cho bài tập từng bước nhiều hơn .
1,nội dung môn học nên tập trung vào chuyên ngành học .,nội dung môn học nên tập trung vào chuyên ngành học .,nội dung môn học nên tập trung vào chuyên ngành học .
1,giảng viên hay cho nghỉ học mà không báo trước .,giảng viên hay cho nghỉ học mà không báo trước .,giảng viên hay cho nghỉ học mà không báo trước .
2,đồ họa máy tính là môn có hình thức thực hành 1 .,đồ họa máy tính là môn có hình thức thực hành 1 .,đồ họa máy tính là môn có hình thức thực hành 1 .
1,cần tạo các buổi seminar để sinh viên có thể hiểu sâu thêm về các vấn đề trong chuyên ngành nhưng không có trong môn học .,cần tạo các buổi seminar để sinh viên có thể hiểu sâu thêm về các vấn đề trong chuyên ngành nhưng không có trong môn học .,cần tạo các buổi seminar để sinh viên có thể hiểu sâu thêm về các vấn đề trong chuyên ngành nhưng không có trong môn học .
1,mong phòng đào tạo trong tương lai sắp xếp cho thầy wzjwz128 dạy lớp em bất cứ môn nào thầy có thể .,mong phòng đào tạo trong tương lai sắp xếp cho thầy wzjwz128 dạy lớp em bất cứ môn nào thầy có thể .,mong phòng đào tạo trong tương lai sắp xếp cho thầy wzjwz128 dạy lớp em bất cứ môn nào thầy có thể .
1,"đến khi cuối kỳ , chỉ cần sinh viên mắc một sai sót nhỏ thì sẽ rớt môn .","đến khi cuối kỳ , chỉ cần sinh viên mắc một sai sót nhỏ thì sẽ rớt môn .","đến khi cuối kỳ , chỉ cần sinh viên mắc một sai sót nhỏ thì sẽ rớt môn ."
2,thắc mắc ngay tại lớp những cái mình không hiểu .,thắc mắc ngay tại lớp những cái mình không hiểu .,thắc mắc ngay tại lớp những cái mình không hiểu .
3,"thầy dạy tốt , lập nhóm thuyết trình tạo không khí học tập tốt .","thầy dạy tốt , lập nhóm thuyết trình tạo không khí học tập tốt .","thầy dạy tốt , lập nhóm thuyết trình tạo không khí học tập tốt ."
2,"sinh viên sẽ được học nhiều kiến thức thực tế , thiết thực và hiệu quả hơn .","sinh viên sẽ được học nhiều kiến thức thực tế , thiết thực và hiệu quả hơn .","sinh viên sẽ được học nhiều kiến thức thực tế , thiết thực và hiệu quả hơn ."
3,"giảng viên vui tính , nhiệt tình , tạo sự thoải mái trong lớp học .","giảng viên vui tính , nhiệt tình , tạo sự thoải mái trong lớp học .","giảng viên vui tính , nhiệt tình , tạo sự thoải mái trong lớp học ."
2,cô rất hiền .,cô rất hiền .,cô rất hiền .
1,chưa tương tác tốt với sinh viên qua e-mail .,chưa tương tác tốt với sinh viên qua e-mail .,chưa tương tác tốt với sinh viên qua e-mail .
3,"giáo viên luôn đảm bảo đúng giờ giảng dạy , giảng bài dễ hiểu .","giáo viên luôn đảm bảo đúng giờ giảng dạy , giảng bài dễ hiểu .","giáo viên luôn đảm bảo đúng giờ giảng dạy , giảng bài dễ hiểu ."
1,phương pháp giảng dạy chưa được cập nhật .,phương pháp giảng dạy chưa được cập nhật .,phương pháp giảng dạy chưa được cập nhật .
1,đưa ra các tiêu chí tính điểm một cách cụ thể .,đưa ra các tiêu chí tính điểm một cách cụ thể .,đưa ra các tiêu chí tính điểm một cách cụ thể .
3,"thầy dạy dễ hiểu , sẵn sàng giúp đỡ sinh viên , tận tâm , nhiệt tình .","thầy dạy dễ hiểu , sẵn sàng giúp đỡ sinh viên , tận tâm , nhiệt tình .","thầy dạy dễ hiểu , sẵn sàng giúp đỡ sinh viên , tận tâm , nhiệt tình ."
2,em không có gì thắc mắc .,em không có gì thắc mắc .,em không có gì thắc mắc .
3,em rất hài lòng về phương pháp giảng dạy của thầy ạ .,em rất hài lòng về phương pháp giảng dạy của thầy ạ .,em rất hài lòng về phương pháp giảng dạy của thầy ạ .
2,đảm bảo về mặt giờ giấc .,đảm bảo về mặt giờ giấc .,đảm bảo về mặt giờ giấc .
2,giảng viên cho nhiều bài tập để sinh viên làm .,giảng viên cho nhiều bài tập để sinh viên làm .,giảng viên cho nhiều bài tập để sinh viên làm .
3,"thầy vui tính , tụi em dễ tiếp xúc dễ hỏi .","thầy vui tính , tụi em dễ tiếp xúc dễ hỏi .","thầy vui tính , tụi em dễ tiếp xúc dễ hỏi ."
2,thầy có vẻ hơi có chịu .,thầy có vẻ hơi có chịu .,thầy có vẻ hơi có chịu .
2,nghiên cứu khoa học .,nghiên cứu khoa học .,nghiên cứu khoa học .
2,"thầy có tạo điều kiện cho chúng em thuyết trình về đồ án môn học , nhưng khi chúng em thuyết trình về nội dung doubledot "" giới thiệu về hệ thống nhúng và vai trò cũng như các ngành ứng dụng hệ thống nhúng "" .","thầy có tạo điều kiện cho chúng em thuyết trình về đồ án môn học , nhưng khi chúng em thuyết trình về nội dung doubledot "" giới thiệu về hệ thống nhúng và vai trò cũng như các ngành ứng dụng hệ thống nhúng "" .","thầy có tạo điều kiện cho chúng em thuyết trình về đồ án môn học , nhưng khi chúng em thuyết trình về nội dung doubledot "" giới thiệu về hệ thống nhúng và vai trò cũng như các ngành ứng dụng hệ thống nhúng "" ."
3,"cô nhiệt tình giúp đỡ , tận tâm với công việc .","cô nhiệt tình giúp đỡ , tận tâm với công việc .","cô nhiệt tình giúp đỡ , tận tâm với công việc ."
3,"vui tính , tận tình .","vui tính , tận tình .","vui tính , tận tình ."
1,"thực ra mà nói , chúng em đóng tiền thực hành 320k trên 1 chỉ , nhưng các giờ thực hành chưa tốt .","thực ra mà nói , chúng em đóng tiền thực hành 320k trên 1 chỉ , nhưng các giờ thực hành chưa tốt .","thực ra mà nói , chúng em đóng tiền thực hành 320k trên 1 chỉ , nhưng các giờ thực hành chưa tốt ."
2,giao tiếp .,giao tiếp .,giao tiếp .
2,50% giành cho kiến thức chi tiết một loại công nghệ dotnet doubledot có thể giống đồ án cuối kỳ hiện tại .,50% giành cho kiến thức chi tiết một loại công nghệ dotnet doubledot có thể giống đồ án cuối kỳ hiện tại .,50% giành cho kiến thức chi tiết một loại công nghệ dotnet doubledot có thể giống đồ án cuối kỳ hiện tại .
3,cho nhiều bài tập để học tập cũng như ôn thi .,cho nhiều bài tập để học tập cũng như ôn thi .,cho nhiều bài tập để học tập cũng như ôn thi .
1,nội dung thi khó đối với sinh viên không chuyên .,nội dung thi khó đối với sinh viên không chuyên .,nội dung thi khó đối với sinh viên không chuyên .
3,nhiệt tình giúp đỡ sinh viên và tạo sinh viên có nơi để nâng cao kỹ năng lập trình .,nhiệt tình giúp đỡ sinh viên và tạo sinh viên có nơi để nâng cao kỹ năng lập trình .,nhiệt tình giúp đỡ sinh viên và tạo sinh viên có nơi để nâng cao kỹ năng lập trình .
3,"nhiệt tình , chi tiết .","nhiệt tình , chi tiết .","nhiệt tình , chi tiết ."
1,chưa tương tác nhiều với sinh viên .,chưa tương tác nhiều với sinh viên .,chưa tương tác nhiều với sinh viên .
3,"cô quá là dễ thương , nhiệt tình .","cô quá là dễ thương , nhiệt tình .","cô quá là dễ thương , nhiệt tình ."
2,cô cho làm đồ án .,cô cho làm đồ án .,cô cho làm đồ án .
1,"cách giảng suông khá nhàm chán , chưa tạo được sự thu hút sinh viên nghe giảng .","cách giảng suông khá nhàm chán , chưa tạo được sự thu hút sinh viên nghe giảng .","cách giảng suông khá nhàm chán , chưa tạo được sự thu hút sinh viên nghe giảng ."
2,tại do tuần thi .,tại do tuần thi .,tại do tuần thi .
2,em không có ý kiến về mục này ạ .,em không có ý kiến về mục này ạ .,em không có ý kiến về mục này ạ .
1,cô nói hơi nhỏ .,cô nói hơi nhỏ .,cô nói hơi nhỏ .
1,thầy nên cho bọn em xem code chạy thử colonsmallsmile .,thầy nên cho bọn em xem code chạy thử colonsmallsmile .,thầy nên cho bọn em xem code chạy thử colonsmallsmile .
2,thực hiện nhóm nhiều .,thực hiện nhóm nhiều .,thực hiện nhóm nhiều .
2,kết hợp lý thuyết và thực hành .,kết hợp lý thuyết và thực hành .,kết hợp lý thuyết và thực hành .
2,giảng viên rất đảm bảo giờ lên lớp .,giảng viên rất đảm bảo giờ lên lớp .,giảng viên rất đảm bảo giờ lên lớp .
2,"tinh thần , kiến thức .","tinh thần , kiến thức .","tinh thần , kiến thức ."
3,"nhiệt tình , thoải mái .","nhiệt tình , thoải mái .","nhiệt tình , thoải mái ."
3,hỗ trợ sinh viên tối đa .,hỗ trợ sinh viên tối đa .,hỗ trợ sinh viên tối đa .
1,"thời lượng học lý thuyết của môn học ngắn , dễ bị ảnh hưởng khi giảng viên đến trễ hay tham gia các buổi họp .","thời lượng học lý thuyết của môn học ngắn , dễ bị ảnh hưởng khi giảng viên đến trễ hay tham gia các buổi họp .","thời lượng học lý thuyết của môn học ngắn , dễ bị ảnh hưởng khi giảng viên đến trễ hay tham gia các buổi họp ."
3,thầy có chia sẻ nhiều kinh nghiệm thực tế .,thầy có chia sẻ nhiều kinh nghiệm thực tế .,thầy có chia sẻ nhiều kinh nghiệm thực tế .
1,cập nhật điểm chậm .,cập nhật điểm chậm .,cập nhật điểm chậm .
3,"cô giảng hay , nhiệt tình .","cô giảng hay , nhiệt tình .","cô giảng hay , nhiệt tình ."
2,thành vòng tuần hoàn đến khi thi .,thành vòng tuần hoàn đến khi thi .,thành vòng tuần hoàn đến khi thi .
2,cô đi bài tập hơi chậm nhưng như vậy cũng được .,cô đi bài tập hơi chậm nhưng như vậy cũng được .,cô đi bài tập hơi chậm nhưng như vậy cũng được .
3,em hoàn toàn hài lòng về phương pháp giảng dạy của cô .,em hoàn toàn hài lòng về phương pháp giảng dạy của cô .,em hoàn toàn hài lòng về phương pháp giảng dạy của cô .
3,"nhiệt tình , hướng dẫn cụ thể .","nhiệt tình , hướng dẫn cụ thể .","nhiệt tình , hướng dẫn cụ thể ."
3,"thầy nhiệt tình , tận tụy , vui vẻ .","thầy nhiệt tình , tận tụy , vui vẻ .","thầy nhiệt tình , tận tụy , vui vẻ ."
1,giáo trình không phù hợp với sinh viên .,giáo trình không phù hợp với sinh viên .,giáo trình không phù hợp với sinh viên .
3,nguyên tắc và tận tình giảng dạy .,nguyên tắc và tận tình giảng dạy .,nguyên tắc và tận tình giảng dạy .
3,dễ nắm bắt kiến thức để đi thi .,dễ nắm bắt kiến thức để đi thi .,dễ nắm bắt kiến thức để đi thi .
2,em thấy học vậy cũng được rồi .,em thấy học vậy cũng được rồi .,em thấy học vậy cũng được rồi .
3,nhiệt huyết với sinh viên .,nhiệt huyết với sinh viên .,nhiệt huyết với sinh viên .
3,"truyền đạt tốt , giọng nói to rõ ràng .","truyền đạt tốt , giọng nói to rõ ràng .","truyền đạt tốt , giọng nói to rõ ràng ."
1,"thầy nên điều chỉnh lại cách giảng bài , thầy nói thường xuyên ngắt nhịp nên buồn ngủ quá .","thầy nên điều chỉnh lại cách giảng bài , thầy nói thường xuyên ngắt nhịp nên buồn ngủ quá .","thầy nên điều chỉnh lại cách giảng bài , thầy nói thường xuyên ngắt nhịp nên buồn ngủ quá ."
3,"thầy ôn kỹ , hay cho bài tập trên moodle , cập nhật file bài giảng , bài tập , bài ôn thường xuyên .","thầy ôn kỹ , hay cho bài tập trên moodle , cập nhật file bài giảng , bài tập , bài ôn thường xuyên .","thầy ôn kỹ , hay cho bài tập trên moodle , cập nhật file bài giảng , bài tập , bài ôn thường xuyên ."
1,sử dụng slide nguyên bản tiếng anh .,sử dụng slide nguyên bản tiếng anh .,sử dụng slide nguyên bản tiếng anh .
1,truyền đạt chưa được thu hút nên hơi khó hiểu một chút .,truyền đạt chưa được thu hút nên hơi khó hiểu một chút .,truyền đạt chưa được thu hút nên hơi khó hiểu một chút .
2,"thưa , không có .","thưa , không có .","thưa , không có ."
2,cô cho bài tập hơi nhiều ( nhưng mà không sao colonsmilesmile ) .,cô cho bài tập hơi nhiều ( nhưng mà không sao colonsmilesmile ) .,cô cho bài tập hơi nhiều ( nhưng mà không sao colonsmilesmile ) .
1,giảng viên nên hướng dẫn thêm nhiều bài tập và tận dụng thời gian nhiều hơn vì môn này cần những bài tập mẫu để sinh viên dễ nắm kiến thức hơn .,giảng viên nên hướng dẫn thêm nhiều bài tập và tận dụng thời gian nhiều hơn vì môn này cần những bài tập mẫu để sinh viên dễ nắm kiến thức hơn .,giảng viên nên hướng dẫn thêm nhiều bài tập và tận dụng thời gian nhiều hơn vì môn này cần những bài tập mẫu để sinh viên dễ nắm kiến thức hơn .
1,lý thuyết hơi nhiều .,lý thuyết hơi nhiều .,lý thuyết hơi nhiều .
1,nên phát hết các bài kiểm tra còn lại .,nên phát hết các bài kiểm tra còn lại .,nên phát hết các bài kiểm tra còn lại .
3,"nhìn chung cô dạy khá là nhanh bạn nào có tư duy , logic không được tốt thì sẽ không hiểu cô nói .","nhìn chung cô dạy khá là nhanh bạn nào có tư duy , logic không được tốt thì sẽ không hiểu cô nói .","nhìn chung cô dạy khá là nhanh bạn nào có tư duy , logic không được tốt thì sẽ không hiểu cô nói ."
3,"thầy dạy nhanh , hay !","thầy dạy nhanh , hay !","thầy dạy nhanh , hay !"
2,em không có ý kiến về mục này .,em không có ý kiến về mục này .,em không có ý kiến về mục này .
1,cần tăng số buổi thực hành lên vì quá ít .,cần tăng số buổi thực hành lên vì quá ít .,cần tăng số buổi thực hành lên vì quá ít .
2,cảm ơn cô .,cảm ơn cô .,cảm ơn cô .
2,nhất là những bạn nhỏ đến lớn chưa chơi game bao giờ .,nhất là những bạn nhỏ đến lớn chưa chơi game bao giờ .,nhất là những bạn nhỏ đến lớn chưa chơi game bao giờ .
2,báo cáo cuối kỳ thầy tập trung cả lớp trong một buổi .,báo cáo cuối kỳ thầy tập trung cả lớp trong một buổi .,báo cáo cuối kỳ thầy tập trung cả lớp trong một buổi .
1,thường thì 8h kém 10 mới bắt đầu học .,thường thì 8h kém 10 mới bắt đầu học .,thường thì 8h kém 10 mới bắt đầu học .
3,cô cho thực hành rất nhiều .,cô cho thực hành rất nhiều .,cô cho thực hành rất nhiều .
2,trong khi chương trình quy định 2 tiết cho một bài .,trong khi chương trình quy định 2 tiết cho một bài .,trong khi chương trình quy định 2 tiết cho một bài .
2,"không có , do em không có khả năng tiếp thu đối với môn này thôi .","không có , do em không có khả năng tiếp thu đối với môn này thôi .","không có , do em không có khả năng tiếp thu đối với môn này thôi ."
2,chắc tại bữa giáo viên dạy mà hôm đó em học mác – lênin .,chắc tại bữa giáo viên dạy mà hôm đó em học mác – lênin .,chắc tại bữa giáo viên dạy mà hôm đó em học mác – lênin .
1,báo nghỉ không rõ ràng .,báo nghỉ không rõ ràng .,báo nghỉ không rõ ràng .
3,"giáo viên giảng dạy tận tâm , nhiệt tình .","giáo viên giảng dạy tận tâm , nhiệt tình .","giáo viên giảng dạy tận tâm , nhiệt tình ."
2,cô cho bài tập trắc nghiệm về nhà trên moodle .,cô cho bài tập trắc nghiệm về nhà trên moodle .,cô cho bài tập trắc nghiệm về nhà trên moodle .
2,bình thường .,bình thường .,bình thường .
2,"hướng dẫn , giảng dạy .","hướng dẫn , giảng dạy .","hướng dẫn , giảng dạy ."
2,không có gì cả .,không có gì cả .,không có gì cả .
3,thầy giảng bài dễ hiểu và rất vui tính .,thầy giảng bài dễ hiểu và rất vui tính .,thầy giảng bài dễ hiểu và rất vui tính .
3,thầy rất hiền và nhiệt tình trong từng tiết học .,thầy rất hiền và nhiệt tình trong từng tiết học .,thầy rất hiền và nhiệt tình trong từng tiết học .
1,các trang bị để nghe không rõ .,các trang bị để nghe không rõ .,các trang bị để nghe không rõ .
1,thường lố giờ .,thường lố giờ .,thường lố giờ .
1,em xin lỗi nhưng đó là sự thật !,em xin lỗi nhưng đó là sự thật !,em xin lỗi nhưng đó là sự thật !
1,"kiến thức truyền đạt còn ít , thời gian lên lớp thường trễ .","kiến thức truyền đạt còn ít , thời gian lên lớp thường trễ .","kiến thức truyền đạt còn ít , thời gian lên lớp thường trễ ."
3,cô có cách dạy hay dễ hiểu tận tình .,cô có cách dạy hay dễ hiểu tận tình .,cô có cách dạy hay dễ hiểu tận tình .
1,"gần tới kỳ thi cuỗi kỳ mà sinh viên chưa biết được mình đang học gì , dù có cố gắng nghe nhưng vẫn không hiểu .","gần tới kỳ thi cuỗi kỳ mà sinh viên chưa biết được mình đang học gì , dù có cố gắng nghe nhưng vẫn không hiểu .","gần tới kỳ thi cuỗi kỳ mà sinh viên chưa biết được mình đang học gì , dù có cố gắng nghe nhưng vẫn không hiểu ."
1,"dọng thầy hơi khó nghe , nói còn hơi to .","dọng thầy hơi khó nghe , nói còn hơi to .","dọng thầy hơi khó nghe , nói còn hơi to ."
1,đề thi cuối kỳ quá dài so với thời gian kiểm tra .,đề thi cuối kỳ quá dài so với thời gian kiểm tra .,đề thi cuối kỳ quá dài so với thời gian kiểm tra .
3,dạy rất kỹ .,dạy rất kỹ .,dạy rất kỹ .
1,nhà trường nên cài bộ microsoft visual studio phiên bản mới hơn 2010 .,nhà trường nên cài bộ microsoft visual studio phiên bản mới hơn 2010 .,nhà trường nên cài bộ microsoft visual studio phiên bản mới hơn 2010 .
2,vâng không có ý kiến gì thêm .,vâng không có ý kiến gì thêm .,vâng không có ý kiến gì thêm .
2,vì học là để code mà .,vì học là để code mà .,vì học là để code mà .
1,"giảng viên nghỉ dạy nhiều buổi , kiến thức truyền đạt cho sinh viên không nhiều .","giảng viên nghỉ dạy nhiều buổi , kiến thức truyền đạt cho sinh viên không nhiều .","giảng viên nghỉ dạy nhiều buổi , kiến thức truyền đạt cho sinh viên không nhiều ."
3,"thầy rất vui tính , truyền tải thông tin tuyệt vời .","thầy rất vui tính , truyền tải thông tin tuyệt vời .","thầy rất vui tính , truyền tải thông tin tuyệt vời ."
3,"em ở nhà tự học , thi thực hành vừa rồi cũng được 10 điểm .","em ở nhà tự học , thi thực hành vừa rồi cũng được 10 điểm .","em ở nhà tự học , thi thực hành vừa rồi cũng được 10 điểm ."
3,"thầy vui tính , cởi mở .","thầy vui tính , cởi mở .","thầy vui tính , cởi mở ."
3,"cho quá nhiều bài tập , chỉ nên cho bài tập ví dụ điển hình .","cho quá nhiều bài tập , chỉ nên cho bài tập ví dụ điển hình .","cho quá nhiều bài tập , chỉ nên cho bài tập ví dụ điển hình ."
1,giảng viên cho bài tập nhiều và dồn lại cùng một lúc đa số sinh viên đều làm kịp thời gian dù những môn khác có giảm thời gian học lại cũng không làm bài kịp .,giảng viên cho bài tập nhiều và dồn lại cùng một lúc đa số sinh viên đều làm kịp thời gian dù những môn khác có giảm thời gian học lại cũng không làm bài kịp .,giảng viên cho bài tập nhiều và dồn lại cùng một lúc đa số sinh viên đều làm kịp thời gian dù những môn khác có giảm thời gian học lại cũng không làm bài kịp .
2,"cập nhật , cập nhật !","cập nhật , cập nhật !","cập nhật , cập nhật !"
1,không có hoạt động nhóm .,không có hoạt động nhóm .,không có hoạt động nhóm .
1,chưa quan tâm tới những sinh viên còn yếu .,chưa quan tâm tới những sinh viên còn yếu .,chưa quan tâm tới những sinh viên còn yếu .
2,thật sự anh văn là một môn rất quan trọng trong lĩnh vực công việc và học tập .,thật sự anh văn là một môn rất quan trọng trong lĩnh vực công việc và học tập .,thật sự anh văn là một môn rất quan trọng trong lĩnh vực công việc và học tập .
3,dạy theo sát chương trình .,dạy theo sát chương trình .,dạy theo sát chương trình .
3,"giảng viên giảng kỹ , nhiệt tình .","giảng viên giảng kỹ , nhiệt tình .","giảng viên giảng kỹ , nhiệt tình ."
3,"giảng viên nhiệt tình , có các hoạt động mang tính làm việc nhóm rất cao .","giảng viên nhiệt tình , có các hoạt động mang tính làm việc nhóm rất cao .","giảng viên nhiệt tình , có các hoạt động mang tính làm việc nhóm rất cao ."
2,thân ái !,thân ái !,thân ái !
2,chưa bao giờ gặp mặt giáo viên từ lúc bắt đầu học đến bây giờ !,chưa bao giờ gặp mặt giáo viên từ lúc bắt đầu học đến bây giờ !,chưa bao giờ gặp mặt giáo viên từ lúc bắt đầu học đến bây giờ !
3,thầy giảng nhiệt tình và rất hay .,thầy giảng nhiệt tình và rất hay .,thầy giảng nhiệt tình và rất hay .
1,cách truyền đạt của giảng viên làm sinh viên khó tiếp thu .,cách truyền đạt của giảng viên làm sinh viên khó tiếp thu .,cách truyền đạt của giảng viên làm sinh viên khó tiếp thu .
2,phương pháp làm bài tập .,phương pháp làm bài tập .,phương pháp làm bài tập .
3,"cô dạy tâm huyết , quan tâm học sinh .","cô dạy tâm huyết , quan tâm học sinh .","cô dạy tâm huyết , quan tâm học sinh ."
2,cảm ơn !,cảm ơn !,cảm ơn !
2,chắc là em không có gì là không hài lòng về thầy wzjwz317 .,chắc là em không có gì là không hài lòng về thầy wzjwz317 .,chắc là em không có gì là không hài lòng về thầy wzjwz317 .
3,"cô lên lớp đúng giờ , giảng bài rất dễ hiểu cho sinh viên .","cô lên lớp đúng giờ , giảng bài rất dễ hiểu cho sinh viên .","cô lên lớp đúng giờ , giảng bài rất dễ hiểu cho sinh viên ."
2,"giáo viên là thầy , không phải cô .","giáo viên là thầy , không phải cô .","giáo viên là thầy , không phải cô ."
3,cách giảng dạy hay .,cách giảng dạy hay .,cách giảng dạy hay .
2,hợp tác .,hợp tác .,hợp tác .
1,không hiểu bài cho lắm .,không hiểu bài cho lắm .,không hiểu bài cho lắm .
2,"nộp báo cáo sau khi thực hành , đăng lịch học lên moodle .","nộp báo cáo sau khi thực hành , đăng lịch học lên moodle .","nộp báo cáo sau khi thực hành , đăng lịch học lên moodle ."
2,không có ý kiến gì !,không có ý kiến gì !,không có ý kiến gì !
1,"nên thực hành speaking nhiều hơn và phân bổ thời gian học grammar , cũng như phân thêm thời gian học hoặc nghe phần listening .","nên thực hành speaking nhiều hơn và phân bổ thời gian học grammar , cũng như phân thêm thời gian học hoặc nghe phần listening .","nên thực hành speaking nhiều hơn và phân bổ thời gian học grammar , cũng như phân thêm thời gian học hoặc nghe phần listening ."
3,"thầy hay cho deadline hằng tuần , đảm bảo kiến thức cho sinh viên .","thầy hay cho deadline hằng tuần , đảm bảo kiến thức cho sinh viên .","thầy hay cho deadline hằng tuần , đảm bảo kiến thức cho sinh viên ."
3,"vui vẻ , dạy dễ hiểu , giúp đỡ mọi lúc mọi nơi .","vui vẻ , dạy dễ hiểu , giúp đỡ mọi lúc mọi nơi .","vui vẻ , dạy dễ hiểu , giúp đỡ mọi lúc mọi nơi ."
2,không có ý kiến chất lượng môn học vừa đủ cho mọi sinh viên .,không có ý kiến chất lượng môn học vừa đủ cho mọi sinh viên .,không có ý kiến chất lượng môn học vừa đủ cho mọi sinh viên .
2,thật chất em không học thầy này .,thật chất em không học thầy này .,thật chất em không học thầy này .
1,cách thức thông báo qua facebook không hiệu quả .,cách thức thông báo qua facebook không hiệu quả .,cách thức thông báo qua facebook không hiệu quả .
1,không có ổ cắm điện .,không có ổ cắm điện .,không có ổ cắm điện .
3,"thầy tân tâm , dạy dễ hiểu .","thầy tân tâm , dạy dễ hiểu .","thầy tân tâm , dạy dễ hiểu ."
3,giáo viên truyền đạt tốt .,giáo viên truyền đạt tốt .,giáo viên truyền đạt tốt .
3,thầy khá tận tâm và nhiệt thành .,thầy khá tận tâm và nhiệt thành .,thầy khá tận tâm và nhiệt thành .
3,"dễ chịu và giảng dễ hiểu , tạo cảm giác thích thú cho sinh viên .","dễ chịu và giảng dễ hiểu , tạo cảm giác thích thú cho sinh viên .","dễ chịu và giảng dễ hiểu , tạo cảm giác thích thú cho sinh viên ."
3,cách giảng dễ hiểu .,cách giảng dễ hiểu .,cách giảng dễ hiểu .
3,"nội dung bài giảng dễ hiểu , giảng viên nhiệt tình , vui tính .","nội dung bài giảng dễ hiểu , giảng viên nhiệt tình , vui tính .","nội dung bài giảng dễ hiểu , giảng viên nhiệt tình , vui tính ."
2,"mỗi một vấn đề nhiều người sẽ hiểu nhiều cách khác nhau , có thể sinh viên chưa hiểu sẽ tìm ra một cách hiểu theo một mặt khác của giáo viên .","mỗi một vấn đề nhiều người sẽ hiểu nhiều cách khác nhau , có thể sinh viên chưa hiểu sẽ tìm ra một cách hiểu theo một mặt khác của giáo viên .","mỗi một vấn đề nhiều người sẽ hiểu nhiều cách khác nhau , có thể sinh viên chưa hiểu sẽ tìm ra một cách hiểu theo một mặt khác của giáo viên ."
3,nhiệt tình chu đáo với sinh viên .,nhiệt tình chu đáo với sinh viên .,nhiệt tình chu đáo với sinh viên .
1,dạy khó hiểu .,dạy khó hiểu .,dạy khó hiểu .
2,"bởi chúng em đang đi học , phải học của nhiều môn khác nhau .","bởi chúng em đang đi học , phải học của nhiều môn khác nhau .","bởi chúng em đang đi học , phải học của nhiều môn khác nhau ."
1,chưa có sự đồng bộ giữa lý thuyết và thực hành .,chưa có sự đồng bộ giữa lý thuyết và thực hành .,chưa có sự đồng bộ giữa lý thuyết và thực hành .
1,lớp trưởng quản lý 19 - 20 nhóm trong lớp đòi hỏi lớp trưởng phải có kiến thức tốt và trách nhiệm .,lớp trưởng quản lý 19 - 20 nhóm trong lớp đòi hỏi lớp trưởng phải có kiến thức tốt và trách nhiệm .,lớp trưởng quản lý 19 - 20 nhóm trong lớp đòi hỏi lớp trưởng phải có kiến thức tốt và trách nhiệm .
1,tài liệu chính thức của trường chưa có .,tài liệu chính thức của trường chưa có .,tài liệu chính thức của trường chưa có .
3,"cách dạy hài hước , không gây buồn ngủ .","cách dạy hài hước , không gây buồn ngủ .","cách dạy hài hước , không gây buồn ngủ ."
2,mở rộng kiến thức làm cơ sở cho các môn học khác .,mở rộng kiến thức làm cơ sở cho các môn học khác .,mở rộng kiến thức làm cơ sở cho các môn học khác .
2,thầy trực phòng thực hành cũng đã bảo về và vào phòng tắt máy lạnh .,thầy trực phòng thực hành cũng đã bảo về và vào phòng tắt máy lạnh .,thầy trực phòng thực hành cũng đã bảo về và vào phòng tắt máy lạnh .
1,tài liệu giảng dạy cần bổ sung .,tài liệu giảng dạy cần bổ sung .,tài liệu giảng dạy cần bổ sung .
2,xin cảm ơn !,xin cảm ơn !,xin cảm ơn !
1,"phòng máy , thiết bị mạng cần được đầu tư và vệ sinh , em thấy phòng máy quá bụi , cửa thì hở nên không mát , dẫn đến điều hòa mất tác dụng , lãng phí .","phòng máy , thiết bị mạng cần được đầu tư và vệ sinh , em thấy phòng máy quá bụi , cửa thì hở nên không mát , dẫn đến điều hòa mất tác dụng , lãng phí .","phòng máy , thiết bị mạng cần được đầu tư và vệ sinh , em thấy phòng máy quá bụi , cửa thì hở nên không mát , dẫn đến điều hòa mất tác dụng , lãng phí ."
1,nên tổng hợp ý chính các bài để ôn .,nên tổng hợp ý chính các bài để ôn .,nên tổng hợp ý chính các bài để ôn .
1,giảng viên cần giảng giải các slide chậm lại và giải kỹ các ví dụ cơ bản .,giảng viên cần giảng giải các slide chậm lại và giải kỹ các ví dụ cơ bản .,giảng viên cần giảng giải các slide chậm lại và giải kỹ các ví dụ cơ bản .
1,"làm debate nhiều , còn học về giáo trình rất ít .","làm debate nhiều , còn học về giáo trình rất ít .","làm debate nhiều , còn học về giáo trình rất ít ."
2,em xin cám ơn .,em xin cám ơn .,em xin cám ơn .
3,giọng cô dễ nghe .,giọng cô dễ nghe .,giọng cô dễ nghe .
1,nâng cao chất lượng phòng máy .,nâng cao chất lượng phòng máy .,nâng cao chất lượng phòng máy .
3,rất hài lòng giảng viên .,rất hài lòng giảng viên .,rất hài lòng giảng viên .
2,"tôi và các bạn khác cùng bước vào , khi đó thầy yêu cầu đồng loạt mở hết code lên chạy demo để thầy chấm , và không may thay thầy đã tìm ra 2 bạn có source code y chang nhau , thầy bắt đầu tra hỏi lý thuyết về đề tài 'xxx' đối với 2 bạn đó .","tôi và các bạn khác cùng bước vào , khi đó thầy yêu cầu đồng loạt mở hết code lên chạy demo để thầy chấm , và không may thay thầy đã tìm ra 2 bạn có source code y chang nhau , thầy bắt đầu tra hỏi lý thuyết về đề tài 'xxx' đối với 2 bạn đó .","tôi và các bạn khác cùng bước vào , khi đó thầy yêu cầu đồng loạt mở hết code lên chạy demo để thầy chấm , và không may thay thầy đã tìm ra 2 bạn có source code y chang nhau , thầy bắt đầu tra hỏi lý thuyết về đề tài 'xxx' đối với 2 bạn đó ."
3,cô dung dậy nhiệt tình dễ hiểu .,cô dung dậy nhiệt tình dễ hiểu .,cô dung dậy nhiệt tình dễ hiểu .
3,giảng viên rất tận tình trong việc giảng dạy .,giảng viên rất tận tình trong việc giảng dạy .,giảng viên rất tận tình trong việc giảng dạy .
1,"anh wzjwz232 ơi , cho đề cuối kỳ dễ dễ đi .","anh wzjwz232 ơi , cho đề cuối kỳ dễ dễ đi .","anh wzjwz232 ơi , cho đề cuối kỳ dễ dễ đi ."
3,"giọng nói , cử chỉ , cách truyền đạt của cô rất chi là dễ thương .","giọng nói , cử chỉ , cách truyền đạt của cô rất chi là dễ thương .","giọng nói , cử chỉ , cách truyền đạt của cô rất chi là dễ thương ."
1,"gây rất nhiều áp lực cho sinh viên , khó tính .","gây rất nhiều áp lực cho sinh viên , khó tính .","gây rất nhiều áp lực cho sinh viên , khó tính ."
3,giảng viên nhiệt tình giảng lại nhiều lần một vấn đề khó tiếp thu .,giảng viên nhiệt tình giảng lại nhiều lần một vấn đề khó tiếp thu .,giảng viên nhiệt tình giảng lại nhiều lần một vấn đề khó tiếp thu .
1,giọng thầy nơi hơi buồn ngủ .,giọng thầy nơi hơi buồn ngủ .,giọng thầy nơi hơi buồn ngủ .
2,lấy điểm bằng cách gọi lên bảng làm bài .,lấy điểm bằng cách gọi lên bảng làm bài .,lấy điểm bằng cách gọi lên bảng làm bài .
3,"cô rất tận tình trong giảng dạy , luôn cải tiến phương pháp dạy .","cô rất tận tình trong giảng dạy , luôn cải tiến phương pháp dạy .","cô rất tận tình trong giảng dạy , luôn cải tiến phương pháp dạy ."
1,"em mong muốn cô tương tác với sinh viên nhiều hơn qua moodle ( post tài liệu tham khảo thêm , post ghi chú về bài giảng và các lưu ý trên lớp và cập nhật điểm số bài tập nhanh hơn ) .","em mong muốn cô tương tác với sinh viên nhiều hơn qua moodle ( post tài liệu tham khảo thêm , post ghi chú về bài giảng và các lưu ý trên lớp và cập nhật điểm số bài tập nhanh hơn ) .","em mong muốn cô tương tác với sinh viên nhiều hơn qua moodle ( post tài liệu tham khảo thêm , post ghi chú về bài giảng và các lưu ý trên lớp và cập nhật điểm số bài tập nhanh hơn ) ."
2,tiếng anh .,tiếng anh .,tiếng anh .
1,mong giảng viên ngày càng chấn chỉnh việc dạy học để các khoá sau được hiểu tốt hơn .,mong giảng viên ngày càng chấn chỉnh việc dạy học để các khoá sau được hiểu tốt hơn .,mong giảng viên ngày càng chấn chỉnh việc dạy học để các khoá sau được hiểu tốt hơn .
2,có vẻ như đó là thói quen của thầy ạ .,có vẻ như đó là thói quen của thầy ạ .,có vẻ như đó là thói quen của thầy ạ .
2,giống như việc cung cấp cho phép cộng và yêu cầu là giải được bất đẳng thức .,giống như việc cung cấp cho phép cộng và yêu cầu là giải được bất đẳng thức .,giống như việc cung cấp cho phép cộng và yêu cầu là giải được bất đẳng thức .
3,"giảng dạy tận tâm , nhiệt tình .","giảng dạy tận tâm , nhiệt tình .","giảng dạy tận tâm , nhiệt tình ."
3,có thông báo cho sinh viên rất đầy đủ .,có thông báo cho sinh viên rất đầy đủ .,có thông báo cho sinh viên rất đầy đủ .
3,ôn tập tỉ mỉ .,ôn tập tỉ mỉ .,ôn tập tỉ mỉ .
3,thầy giảng rất dễ hiểu .,thầy giảng rất dễ hiểu .,thầy giảng rất dễ hiểu .
3,"thầy nhiệt tình , ân cần .","thầy nhiệt tình , ân cần .","thầy nhiệt tình , ân cần ."
2,tìm hiểu về các case study giúp chúng em biết thêm nhiều kiến thức mới và trình bày sản phẩm của mình trước lớp để thấy những thiếu sót của mình .,tìm hiểu về các case study giúp chúng em biết thêm nhiều kiến thức mới và trình bày sản phẩm của mình trước lớp để thấy những thiếu sót của mình .,tìm hiểu về các case study giúp chúng em biết thêm nhiều kiến thức mới và trình bày sản phẩm của mình trước lớp để thấy những thiếu sót của mình .
1,hình thức thực hành 2 dường như không có tác dụng với sinh viên .,hình thức thực hành 2 dường như không có tác dụng với sinh viên .,hình thức thực hành 2 dường như không có tác dụng với sinh viên .
3,"thầy dạy chậm , nhưng dễ hiểu , học sinh dễ nắm bắt chương trình học , biết được hướng căn bản để làm bài .","thầy dạy chậm , nhưng dễ hiểu , học sinh dễ nắm bắt chương trình học , biết được hướng căn bản để làm bài .","thầy dạy chậm , nhưng dễ hiểu , học sinh dễ nắm bắt chương trình học , biết được hướng căn bản để làm bài ."
2,cảm ơn thầy .,cảm ơn thầy .,cảm ơn thầy .
2,đảm bảo thời gian .,đảm bảo thời gian .,đảm bảo thời gian .
1,thầy lúc nào cũng chỉ nghĩ cho thầy chứ không nghĩ cho người khác .,thầy lúc nào cũng chỉ nghĩ cho thầy chứ không nghĩ cho người khác .,thầy lúc nào cũng chỉ nghĩ cho thầy chứ không nghĩ cho người khác .
3,em đã biết được cấu trúc dữ liệu là gì .,em đã biết được cấu trúc dữ liệu là gì .,em đã biết được cấu trúc dữ liệu là gì .
2,gặp giáo viên cũng chỉ là biết mặt để thầy cô còn chấm điểm đồ án hi hi .,gặp giáo viên cũng chỉ là biết mặt để thầy cô còn chấm điểm đồ án hi hi .,gặp giáo viên cũng chỉ là biết mặt để thầy cô còn chấm điểm đồ án hi hi .
2,nếu thỉnh thoảng thầy bù lịch học thì em không nói ạ .,nếu thỉnh thoảng thầy bù lịch học thì em không nói ạ .,nếu thỉnh thoảng thầy bù lịch học thì em không nói ạ .
3,"thầy nhiệt tình , vui tính , cách dạy thoải mái , khả năng truyền đạt tốt , quan tâm đến sinh viên .","thầy nhiệt tình , vui tính , cách dạy thoải mái , khả năng truyền đạt tốt , quan tâm đến sinh viên .","thầy nhiệt tình , vui tính , cách dạy thoải mái , khả năng truyền đạt tốt , quan tâm đến sinh viên ."
1,cần có đề cương rõ ràng ngay từ đầu .,cần có đề cương rõ ràng ngay từ đầu .,cần có đề cương rõ ràng ngay từ đầu .
3,giảng viên dạy dễ hiểu .,giảng viên dạy dễ hiểu .,giảng viên dạy dễ hiểu .
3,"giảng viên rất vui tính , giảng dạy nhiệt tình , chi tiết cho sinh viên .","giảng viên rất vui tính , giảng dạy nhiệt tình , chi tiết cho sinh viên .","giảng viên rất vui tính , giảng dạy nhiệt tình , chi tiết cho sinh viên ."
1,không sửa bài chi tiết vì nghĩ nó dễ so với học sinh .,không sửa bài chi tiết vì nghĩ nó dễ so với học sinh .,không sửa bài chi tiết vì nghĩ nó dễ so với học sinh .
3,"giảng viên dạy tận tình dễ hiểu , đầy đủ kiến thức và hiệu quả trong giảng dạy .","giảng viên dạy tận tình dễ hiểu , đầy đủ kiến thức và hiệu quả trong giảng dạy .","giảng viên dạy tận tình dễ hiểu , đầy đủ kiến thức và hiệu quả trong giảng dạy ."
3,giáo viện rất nhiệt tình với sinh viên .,giáo viện rất nhiệt tình với sinh viên .,giáo viện rất nhiệt tình với sinh viên .
1,"phần máy tính không hỗ trợ cho việc học nhiều , chỉ làm sinh viên phân tán .","phần máy tính không hỗ trợ cho việc học nhiều , chỉ làm sinh viên phân tán .","phần máy tính không hỗ trợ cho việc học nhiều , chỉ làm sinh viên phân tán ."
3,giúp em hiểu ra được nhiều cái hay .,giúp em hiểu ra được nhiều cái hay .,giúp em hiểu ra được nhiều cái hay .
1,kiến thức giảng rất khó hiểu .,kiến thức giảng rất khó hiểu .,kiến thức giảng rất khó hiểu .
1,"thầy còn giảng bài hơi nhỏ , sinh viên tụi em lắng nghe không rõ .","thầy còn giảng bài hơi nhỏ , sinh viên tụi em lắng nghe không rõ .","thầy còn giảng bài hơi nhỏ , sinh viên tụi em lắng nghe không rõ ."
1,dạy nhiệt tình nên hay lấn giờ quá tiết .,dạy nhiệt tình nên hay lấn giờ quá tiết .,dạy nhiệt tình nên hay lấn giờ quá tiết .
2,chia sẻ .,chia sẻ .,chia sẻ .
2,cho đồ án môn này để sinh viên nghiên cứu .,cho đồ án môn này để sinh viên nghiên cứu .,cho đồ án môn này để sinh viên nghiên cứu .
2,đầy đủ số tiết .,đầy đủ số tiết .,đầy đủ số tiết .
2,đầy đủ .,đầy đủ .,đầy đủ .
1,nên bỏ thi code trên giấy .,nên bỏ thi code trên giấy .,nên bỏ thi code trên giấy .
2,"mỗi một vấn đề đều phải dừng lại hỏi xem còn sinh viên nào có cách khác không , hay đơn giản là cách hiểu khác trên cùng một vấn đề .","mỗi một vấn đề đều phải dừng lại hỏi xem còn sinh viên nào có cách khác không , hay đơn giản là cách hiểu khác trên cùng một vấn đề .","mỗi một vấn đề đều phải dừng lại hỏi xem còn sinh viên nào có cách khác không , hay đơn giản là cách hiểu khác trên cùng một vấn đề ."
2,hoạt động tổ chức thuyết trình .,hoạt động tổ chức thuyết trình .,hoạt động tổ chức thuyết trình .
2,không ý kiến gì .,không ý kiến gì .,không ý kiến gì .
2,hết !,hết !,hết !
1,"giảng viên đứng lớp sử dụng giờ trên lớp không hiệu quả , thường kết thúc sớm , và dặn dò những điều không cần thiết , cụ thể như có những buổi học diễn ra doubledot sinh viên lên seminar đề tài không liên quan .","giảng viên đứng lớp sử dụng giờ trên lớp không hiệu quả , thường kết thúc sớm , và dặn dò những điều không cần thiết , cụ thể như có những buổi học diễn ra doubledot sinh viên lên seminar đề tài không liên quan .","giảng viên đứng lớp sử dụng giờ trên lớp không hiệu quả , thường kết thúc sớm , và dặn dò những điều không cần thiết , cụ thể như có những buổi học diễn ra doubledot sinh viên lên seminar đề tài không liên quan ."
2,cách dạy của thầy .,cách dạy của thầy .,cách dạy của thầy .
1,khả năng truyền đạt của giảng viên còn gây khó khăn cho sinh viên .,khả năng truyền đạt của giảng viên còn gây khó khăn cho sinh viên .,khả năng truyền đạt của giảng viên còn gây khó khăn cho sinh viên .
1,giảng viên nên tập trung nhiều giờ giảng lý thuyết hơn để giúp sinh viên hiểu và hiểu sâu hơn về bài học .,giảng viên nên tập trung nhiều giờ giảng lý thuyết hơn để giúp sinh viên hiểu và hiểu sâu hơn về bài học .,giảng viên nên tập trung nhiều giờ giảng lý thuyết hơn để giúp sinh viên hiểu và hiểu sâu hơn về bài học .
1,cần wifi mạnh thêm cho dãy nhà cũ .,cần wifi mạnh thêm cho dãy nhà cũ .,cần wifi mạnh thêm cho dãy nhà cũ .
1,"nên cho sinh viên đi tham quan thực tế môi trường doanh nghiệp , hạn chê lý thuyết suông .","nên cho sinh viên đi tham quan thực tế môi trường doanh nghiệp , hạn chê lý thuyết suông .","nên cho sinh viên đi tham quan thực tế môi trường doanh nghiệp , hạn chê lý thuyết suông ."
3,cô hướng dẫn rất nhiệt tình .,cô hướng dẫn rất nhiệt tình .,cô hướng dẫn rất nhiệt tình .
2,tất cả các hoạt động trên lớp .,tất cả các hoạt động trên lớp .,tất cả các hoạt động trên lớp .
1,nghỉ học thường xuyên .,nghỉ học thường xuyên .,nghỉ học thường xuyên .
2,khả năng truyền đạt chưa thực sự xuất sắc .,khả năng truyền đạt chưa thực sự xuất sắc .,khả năng truyền đạt chưa thực sự xuất sắc .
2,hoàn thiện giáo trình thực hành .,hoàn thiện giáo trình thực hành .,hoàn thiện giáo trình thực hành .
1,"cải thiện máy chiếu , phòng thực hành .","cải thiện máy chiếu , phòng thực hành .","cải thiện máy chiếu , phòng thực hành ."
3,"thầy vui tính , rất tâm lý sinh viên .","thầy vui tính , rất tâm lý sinh viên .","thầy vui tính , rất tâm lý sinh viên ."
3,"thầy dạy rất nhiệt tình , công bằng trong đánh giá .","thầy dạy rất nhiệt tình , công bằng trong đánh giá .","thầy dạy rất nhiệt tình , công bằng trong đánh giá ."
3,tiếc là học kỳ 2 em không đăng ký được lớp lập trình hướng đối tượng của cô !,tiếc là học kỳ 2 em không đăng ký được lớp lập trình hướng đối tượng của cô !,tiếc là học kỳ 2 em không đăng ký được lớp lập trình hướng đối tượng của cô !
1,"cần giảng kỹ hơn phần lý thuyết , đi sâu chậm hơn một chút .","cần giảng kỹ hơn phần lý thuyết , đi sâu chậm hơn một chút .","cần giảng kỹ hơn phần lý thuyết , đi sâu chậm hơn một chút ."
2,mở rộng kiến thức nâng cao cho sinh viên .,mở rộng kiến thức nâng cao cho sinh viên .,mở rộng kiến thức nâng cao cho sinh viên .
3,"hướng dẫn rất tận tình , trình bày hướng dẫn rất đẹp , có phong cách , thể hiện một thái độ rất nghiêm túc trong công việc giảng dạy .","hướng dẫn rất tận tình , trình bày hướng dẫn rất đẹp , có phong cách , thể hiện một thái độ rất nghiêm túc trong công việc giảng dạy .","hướng dẫn rất tận tình , trình bày hướng dẫn rất đẹp , có phong cách , thể hiện một thái độ rất nghiêm túc trong công việc giảng dạy ."
3,"hiền , dễ thương , cười tươi .","hiền , dễ thương , cười tươi .","hiền , dễ thương , cười tươi ."
2,em không có ý kiến gì thêm .,em không có ý kiến gì thêm .,em không có ý kiến gì thêm .
1,"thực hành mạng cần cung cấp tài liệu thực hành trước , những câu hỏi trong thực hành cần cho sinh viên biết để tìm hiểu nghiên cứu trước chứ đến khi thực hành mới cho biết để nghiên cứu thật sự không hiểu quả .","thực hành mạng cần cung cấp tài liệu thực hành trước , những câu hỏi trong thực hành cần cho sinh viên biết để tìm hiểu nghiên cứu trước chứ đến khi thực hành mới cho biết để nghiên cứu thật sự không hiểu quả .","thực hành mạng cần cung cấp tài liệu thực hành trước , những câu hỏi trong thực hành cần cho sinh viên biết để tìm hiểu nghiên cứu trước chứ đến khi thực hành mới cho biết để nghiên cứu thật sự không hiểu quả ."
2,cho bài tập làm tại lớp .,cho bài tập làm tại lớp .,cho bài tập làm tại lớp .
2,điểm danh học sinh đi học .,điểm danh học sinh đi học .,điểm danh học sinh đi học .
1,"máy chiếu phòng học quà mờ , đề nghị nên thay đổi .","máy chiếu phòng học quà mờ , đề nghị nên thay đổi .","máy chiếu phòng học quà mờ , đề nghị nên thay đổi ."
2,thầy cho nhiều bài tập .,thầy cho nhiều bài tập .,thầy cho nhiều bài tập .
1,"cần cải thiện chất lượng phòng học thực hành của khoa wzjwz36 tại phòng wzjwz37 , máy tính của trường cung cấp không thể sử dụng để thực hành , 10% sinh viên phải dùng laptop cá nhân để làm thực hành , bên cạnh đó phòng học cũng rất chật và nóng bức .","cần cải thiện chất lượng phòng học thực hành của khoa wzjwz36 tại phòng wzjwz37 , máy tính của trường cung cấp không thể sử dụng để thực hành , 10% sinh viên phải dùng laptop cá nhân để làm thực hành , bên cạnh đó phòng học cũng rất chật và nóng bức .","cần cải thiện chất lượng phòng học thực hành của khoa wzjwz36 tại phòng wzjwz37 , máy tính của trường cung cấp không thể sử dụng để thực hành , 10% sinh viên phải dùng laptop cá nhân để làm thực hành , bên cạnh đó phòng học cũng rất chật và nóng bức ."
3,giảng dạy đầy đủ đúng giờ .,giảng dạy đầy đủ đúng giờ .,giảng dạy đầy đủ đúng giờ .
3,thầy trang bị cho chúng em những kiến thức khá hữu ích sau khi ra trường !,thầy trang bị cho chúng em những kiến thức khá hữu ích sau khi ra trường !,thầy trang bị cho chúng em những kiến thức khá hữu ích sau khi ra trường !
1,thầy thường vào lớp trễ .,thầy thường vào lớp trễ .,thầy thường vào lớp trễ .
2,liên hệ thực tế .,liên hệ thực tế .,liên hệ thực tế .
1,cần nêu rõ mối liên hệ giữa môn này với chuyên ngành đang theo học .,cần nêu rõ mối liên hệ giữa môn này với chuyên ngành đang theo học .,cần nêu rõ mối liên hệ giữa môn này với chuyên ngành đang theo học .
2,"thầy cho đề thực hành cũng khá hay , nhưng mà thật thì em toàn code mấy bài đó trên notepad rồi nộp , không test gì cả , nhưng được cái là đồ án 10 thì điểm thực hành cũng 10 luôn .","thầy cho đề thực hành cũng khá hay , nhưng mà thật thì em toàn code mấy bài đó trên notepad rồi nộp , không test gì cả , nhưng được cái là đồ án 10 thì điểm thực hành cũng 10 luôn .","thầy cho đề thực hành cũng khá hay , nhưng mà thật thì em toàn code mấy bài đó trên notepad rồi nộp , không test gì cả , nhưng được cái là đồ án 10 thì điểm thực hành cũng 10 luôn ."
2,các hoạt động thi đua các nhóm trên lớp với nhau .,các hoạt động thi đua các nhóm trên lớp với nhau .,các hoạt động thi đua các nhóm trên lớp với nhau .
2,vì theo em thầy mọi người đi học rất đầy đủ .,vì theo em thầy mọi người đi học rất đầy đủ .,vì theo em thầy mọi người đi học rất đầy đủ .
3,"tận tâm , nhiệt tình , hăng say .","tận tâm , nhiệt tình , hăng say .","tận tâm , nhiệt tình , hăng say ."
1,nên sắp lịch học phù hợp .,nên sắp lịch học phù hợp .,nên sắp lịch học phù hợp .
1,cần có các đề tài cụ thể và quy trình thực tế để sinh viên thực hiện ở môn học này !,cần có các đề tài cụ thể và quy trình thực tế để sinh viên thực hiện ở môn học này !,cần có các đề tài cụ thể và quy trình thực tế để sinh viên thực hiện ở môn học này !
2,sau khi học xong 2 môn học wzjwz168 và wzjwz87 lớp do thầy wzjwz88 làm giảng viên lý thuyết và thầy wzjwz89 làm giảng viên em thấy một điều thế này .,sau khi học xong 2 môn học wzjwz168 và wzjwz87 lớp do thầy wzjwz88 làm giảng viên lý thuyết và thầy wzjwz89 làm giảng viên em thấy một điều thế này .,sau khi học xong 2 môn học wzjwz168 và wzjwz87 lớp do thầy wzjwz88 làm giảng viên lý thuyết và thầy wzjwz89 làm giảng viên em thấy một điều thế này .
3,thường xuyên hỗ trợ sinh viên qua diễn đàn .,thường xuyên hỗ trợ sinh viên qua diễn đàn .,thường xuyên hỗ trợ sinh viên qua diễn đàn .
3,"vui vẻ , giảng dạy tận tình .","vui vẻ , giảng dạy tận tình .","vui vẻ , giảng dạy tận tình ."
3,"cô nhiệt tình , tài liệu post đầy đủ trên mạng .","cô nhiệt tình , tài liệu post đầy đủ trên mạng .","cô nhiệt tình , tài liệu post đầy đủ trên mạng ."
2,cho em xin ít con chip nfc .,cho em xin ít con chip nfc .,cho em xin ít con chip nfc .
3,"thầy nhiệt tình , tâm huyết .","thầy nhiệt tình , tâm huyết .","thầy nhiệt tình , tâm huyết ."
1,"buổi nào cũng có thực hành, học lý thuyết xong ra thực hành liền sẽ có hiệu quả cao !","buổi nào cũng có thực hành, học lý thuyết xong ra thực hành liền sẽ có hiệu quả cao !","buổi nào cũng có thực hành, học lý thuyết xong ra thực hành liền sẽ có hiệu quả cao !"
2,không dám ý kiến .,không dám ý kiến .,không dám ý kiến .
3,"tận tâm , có kế hoạch .","tận tâm , có kế hoạch .","tận tâm , có kế hoạch ."
3,"thầy dạy rất tận tâm , nhiệt tình .","thầy dạy rất tận tâm , nhiệt tình .","thầy dạy rất tận tâm , nhiệt tình ."
3,"giảng viên tận tâm , nhiệt huyết .","giảng viên tận tâm , nhiệt huyết .","giảng viên tận tâm , nhiệt huyết ."
2,đi dạy đúng giờ và bù đủ số buổi vắng .,đi dạy đúng giờ và bù đủ số buổi vắng .,đi dạy đúng giờ và bù đủ số buổi vắng .
1,cần đưa ra nhiều ví dụ minh họa hơn .,cần đưa ra nhiều ví dụ minh họa hơn .,cần đưa ra nhiều ví dụ minh họa hơn .
1,cô lại kiểu khó tính nữa .,cô lại kiểu khó tính nữa .,cô lại kiểu khó tính nữa .
1,đến lớp hơi muộn do giao thông .,đến lớp hơi muộn do giao thông .,đến lớp hơi muộn do giao thông .
3,giảng viên tận tâm nhiệt tình !,giảng viên tận tâm nhiệt tình !,giảng viên tận tâm nhiệt tình !
2,cách truyền tải vấn đề .,cách truyền tải vấn đề .,cách truyền tải vấn đề .
2,do chỉ mới được học thầy nhiệm trong 2 tuần cuối nên em không có đủ thời gian tiếp súc để đưa ra đánh giá cho khảo sát trên .,do chỉ mới được học thầy nhiệm trong 2 tuần cuối nên em không có đủ thời gian tiếp súc để đưa ra đánh giá cho khảo sát trên .,do chỉ mới được học thầy nhiệm trong 2 tuần cuối nên em không có đủ thời gian tiếp súc để đưa ra đánh giá cho khảo sát trên .
1,những gì quan trọng cần nắm bắt và tìm hiểu thêm .,những gì quan trọng cần nắm bắt và tìm hiểu thêm .,những gì quan trọng cần nắm bắt và tìm hiểu thêm .
2,phân công từng nhóm lên thuyết trình .,phân công từng nhóm lên thuyết trình .,phân công từng nhóm lên thuyết trình .
1,cần thêm nhiều kit để thực hành .,cần thêm nhiều kit để thực hành .,cần thêm nhiều kit để thực hành .
3,"thầy nên dạy nhiều hơn , nên dạy kỹ lý thuyết hơn .","thầy nên dạy nhiều hơn , nên dạy kỹ lý thuyết hơn .","thầy nên dạy nhiều hơn , nên dạy kỹ lý thuyết hơn ."
1,phương pháp dạy còn hơi khó hiểu .,phương pháp dạy còn hơi khó hiểu .,phương pháp dạy còn hơi khó hiểu .
1,không tập trung vào giảng kiến thức cho học sinh hiểu .,không tập trung vào giảng kiến thức cho học sinh hiểu .,không tập trung vào giảng kiến thức cho học sinh hiểu .
1,giảng viên nên làm từng bước chi tiết hơn là chiếu slide rồi nói .,giảng viên nên làm từng bước chi tiết hơn là chiếu slide rồi nói .,giảng viên nên làm từng bước chi tiết hơn là chiếu slide rồi nói .
1,có chăng là thầy cô làm những file hướng dẫn cụ thể để sinh viên biết mình cần tìm gì .,có chăng là thầy cô làm những file hướng dẫn cụ thể để sinh viên biết mình cần tìm gì .,có chăng là thầy cô làm những file hướng dẫn cụ thể để sinh viên biết mình cần tìm gì .
3,"thầy có tích hợp vừa học vừa chơi làm cho bài học không khô khan , và cô đọng lại , rất dễ hiểu , rất tận tình .","thầy có tích hợp vừa học vừa chơi làm cho bài học không khô khan , và cô đọng lại , rất dễ hiểu , rất tận tình .","thầy có tích hợp vừa học vừa chơi làm cho bài học không khô khan , và cô đọng lại , rất dễ hiểu , rất tận tình ."
1,truyền đạt hơi khó hiểu .,truyền đạt hơi khó hiểu .,truyền đạt hơi khó hiểu .
1,"em thấy nội dung kiểm tra chưa phù hợp , chương trình học quá nặng .","em thấy nội dung kiểm tra chưa phù hợp , chương trình học quá nặng .","em thấy nội dung kiểm tra chưa phù hợp , chương trình học quá nặng ."
3,"giảng viên truyền đạt tốt , chỉ bảo tận tình .","giảng viên truyền đạt tốt , chỉ bảo tận tình .","giảng viên truyền đạt tốt , chỉ bảo tận tình ."
1,nên giải thích một số vấn đề khó chi tiết hơn .,nên giải thích một số vấn đề khó chi tiết hơn .,nên giải thích một số vấn đề khó chi tiết hơn .
2,ứng dụng của môn học đó giúp gì cho sinh viên .,ứng dụng của môn học đó giúp gì cho sinh viên .,ứng dụng của môn học đó giúp gì cho sinh viên .
1,nội dung truyền đạt để sinh viên thực hành chưa thực sự tốt .,nội dung truyền đạt để sinh viên thực hành chưa thực sự tốt .,nội dung truyền đạt để sinh viên thực hành chưa thực sự tốt .
2,nhưng điều đáng nói là điểm thi lại cao hơn những bạn thi đậu lần đầu và điểm này được lấy cho các bạn đó .,nhưng điều đáng nói là điểm thi lại cao hơn những bạn thi đậu lần đầu và điểm này được lấy cho các bạn đó .,nhưng điều đáng nói là điểm thi lại cao hơn những bạn thi đậu lần đầu và điểm này được lấy cho các bạn đó .
2,hy vọng nhà trường xem xét .,hy vọng nhà trường xem xét .,hy vọng nhà trường xem xét .
1,thông báo những buổi seminar và báo cáo phải chính xác để dễ dàng cho cả sinh viên lẫn giáo viên .,thông báo những buổi seminar và báo cáo phải chính xác để dễ dàng cho cả sinh viên lẫn giáo viên .,thông báo những buổi seminar và báo cáo phải chính xác để dễ dàng cho cả sinh viên lẫn giáo viên .
2,"ví dụ giơ tay phát biểu cộng điểm , lên bảng làm bài tập cộng điểm .","ví dụ giơ tay phát biểu cộng điểm , lên bảng làm bài tập cộng điểm .","ví dụ giơ tay phát biểu cộng điểm , lên bảng làm bài tập cộng điểm ."
1,cần giảng dạy theo slide tiếng việt hoặc giảng viên cần chú trọng dịch và giải thích hơn vì sinh viên cũng không giỏi tiếng anh nên khó tiếp thu .,cần giảng dạy theo slide tiếng việt hoặc giảng viên cần chú trọng dịch và giải thích hơn vì sinh viên cũng không giỏi tiếng anh nên khó tiếp thu .,cần giảng dạy theo slide tiếng việt hoặc giảng viên cần chú trọng dịch và giải thích hơn vì sinh viên cũng không giỏi tiếng anh nên khó tiếp thu .
2,có cái cô cho điểm trừ điểm cũng nương nhẹ .,có cái cô cho điểm trừ điểm cũng nương nhẹ .,có cái cô cho điểm trừ điểm cũng nương nhẹ .
2,chưa tìm ra .,chưa tìm ra .,chưa tìm ra .
2,"mong ban quản lý cơ sở ý kiến giúp chúng em , em xin cảm ơn !","mong ban quản lý cơ sở ý kiến giúp chúng em , em xin cảm ơn !","mong ban quản lý cơ sở ý kiến giúp chúng em , em xin cảm ơn !"
1,không tạo điều kiện cho sinh viên thoải mái học tập .,không tạo điều kiện cho sinh viên thoải mái học tập .,không tạo điều kiện cho sinh viên thoải mái học tập .
3,"cô truyền dạy kiến thức dễ hiểu , tận tình , thân thiện với học sinh và giúp đỡ học sinh tận tình !","cô truyền dạy kiến thức dễ hiểu , tận tình , thân thiện với học sinh và giúp đỡ học sinh tận tình !","cô truyền dạy kiến thức dễ hiểu , tận tình , thân thiện với học sinh và giúp đỡ học sinh tận tình !"
2,làm chủ đề đồ án nhóm .,làm chủ đề đồ án nhóm .,làm chủ đề đồ án nhóm .
3,thầy tận tâm và nhiệt tình .,thầy tận tâm và nhiệt tình .,thầy tận tâm và nhiệt tình .
3,ngoài giờ học thầy còn nói thêm về nhiều điều rất hay !,ngoài giờ học thầy còn nói thêm về nhiều điều rất hay !,ngoài giờ học thầy còn nói thêm về nhiều điều rất hay !
3,giảng hay và rất vui .,giảng hay và rất vui .,giảng hay và rất vui .
3,"trong lúc thực hành , giảng bài hướng dẫn nhiệt tình , kết hợp với bài tập để củng cố kiến thức .","trong lúc thực hành , giảng bài hướng dẫn nhiệt tình , kết hợp với bài tập để củng cố kiến thức .","trong lúc thực hành , giảng bài hướng dẫn nhiệt tình , kết hợp với bài tập để củng cố kiến thức ."
1,giảng viên nên luyện tập khả năng nói lưu loát và dễ hiểu hơn cho sinh viên !,giảng viên nên luyện tập khả năng nói lưu loát và dễ hiểu hơn cho sinh viên !,giảng viên nên luyện tập khả năng nói lưu loát và dễ hiểu hơn cho sinh viên !
2,phục vụ ở mảng nào cho công việc sau này !,phục vụ ở mảng nào cho công việc sau này !,phục vụ ở mảng nào cho công việc sau này !
2,kể chuyện .,kể chuyện .,kể chuyện .
3,cô dễ thương tận tình với sinh viên .,cô dễ thương tận tình với sinh viên .,cô dễ thương tận tình với sinh viên .
1,thầy nên cho bài tập môn hệ điều hành nhiều hơn nữa .,thầy nên cho bài tập môn hệ điều hành nhiều hơn nữa .,thầy nên cho bài tập môn hệ điều hành nhiều hơn nữa .
3,"giáo viên đến rất sớm , dạy nhiệt tình .","giáo viên đến rất sớm , dạy nhiệt tình .","giáo viên đến rất sớm , dạy nhiệt tình ."
2,dù sao em cũng cám ơn thầy đã dẫn dắt bọn em ở học kỳ hai này ạ .,dù sao em cũng cám ơn thầy đã dẫn dắt bọn em ở học kỳ hai này ạ .,dù sao em cũng cám ơn thầy đã dẫn dắt bọn em ở học kỳ hai này ạ .
1,"giảng viên không gây hứng thú cho sinh viên , làm sinh viên chán nản .","giảng viên không gây hứng thú cho sinh viên , làm sinh viên chán nản .","giảng viên không gây hứng thú cho sinh viên , làm sinh viên chán nản ."
1,"nên cung cấp cho sinh viên thêm nhiều tài liệu , cũng như bắt kịp xu thế phát triển của công nghệ để không bị lỗi thời lạc hậu .","nên cung cấp cho sinh viên thêm nhiều tài liệu , cũng như bắt kịp xu thế phát triển của công nghệ để không bị lỗi thời lạc hậu .","nên cung cấp cho sinh viên thêm nhiều tài liệu , cũng như bắt kịp xu thế phát triển của công nghệ để không bị lỗi thời lạc hậu ."
2,thầy giảng bài .,thầy giảng bài .,thầy giảng bài .
1,dạy quá nhanh .,dạy quá nhanh .,dạy quá nhanh .
1,"môn học nên cập nhật giáo trình mới liên tục , tài liệu học tập cũ , rất nhiều chỗ sai .","môn học nên cập nhật giáo trình mới liên tục , tài liệu học tập cũ , rất nhiều chỗ sai .","môn học nên cập nhật giáo trình mới liên tục , tài liệu học tập cũ , rất nhiều chỗ sai ."
3,"giảng viên tận tâm , nhiệt tình giúp đỡ sinh viên .","giảng viên tận tâm , nhiệt tình giúp đỡ sinh viên .","giảng viên tận tâm , nhiệt tình giúp đỡ sinh viên ."
3,"thầy dạy rất nhiệt tình , thầy kiêm luôn giáo viên thực hành .","thầy dạy rất nhiệt tình , thầy kiêm luôn giáo viên thực hành .","thầy dạy rất nhiệt tình , thầy kiêm luôn giáo viên thực hành ."
3,bài thực hành được xây dựng phù hợp với nội dung lý thuyết .,bài thực hành được xây dựng phù hợp với nội dung lý thuyết .,bài thực hành được xây dựng phù hợp với nội dung lý thuyết .
3,khả năng nói tiếng anh tốt .,khả năng nói tiếng anh tốt .,khả năng nói tiếng anh tốt .
3,ra một số bài tập hay có tính vận dụng .,ra một số bài tập hay có tính vận dụng .,ra một số bài tập hay có tính vận dụng .
2,mong thầy thay đổi trong các học kỳ sau .,mong thầy thay đổi trong các học kỳ sau .,mong thầy thay đổi trong các học kỳ sau .
3,cô tận tâm nhiệt tình giúp đỡ cho sinh viên .,cô tận tâm nhiệt tình giúp đỡ cho sinh viên .,cô tận tâm nhiệt tình giúp đỡ cho sinh viên .
1,khả năng truyền đạt còn kém .,khả năng truyền đạt còn kém .,khả năng truyền đạt còn kém .
3,thầy dạy hay và rất nhiệt tình la em và các bạn theo xu hướng tốt .,thầy dạy hay và rất nhiệt tình la em và các bạn theo xu hướng tốt .,thầy dạy hay và rất nhiệt tình la em và các bạn theo xu hướng tốt .
3,"sự tận tâm của thầy , các ví dụ đơn giản , dễ hiểu .","sự tận tâm của thầy , các ví dụ đơn giản , dễ hiểu .","sự tận tâm của thầy , các ví dụ đơn giản , dễ hiểu ."
1,cô nói hơi khó nghe và những điều học được ít gây được hứng thú nơi sinh viên .,cô nói hơi khó nghe và những điều học được ít gây được hứng thú nơi sinh viên .,cô nói hơi khó nghe và những điều học được ít gây được hứng thú nơi sinh viên .
1,nên cân bằng hai bên .,nên cân bằng hai bên .,nên cân bằng hai bên .
3,đồ án mang tính thực tiễn .,đồ án mang tính thực tiễn .,đồ án mang tính thực tiễn .
2,đó là giáo trình và tài liệu .,đó là giáo trình và tài liệu .,đó là giáo trình và tài liệu .
1,em thấy thầy chỉ giảng cho có .,em thấy thầy chỉ giảng cho có .,em thấy thầy chỉ giảng cho có .
3,"cô dạy nhiệt tình , kỹ , chịu khó nếu học sinh chưa hiểu bài .","cô dạy nhiệt tình , kỹ , chịu khó nếu học sinh chưa hiểu bài .","cô dạy nhiệt tình , kỹ , chịu khó nếu học sinh chưa hiểu bài ."
2,tăng cường thiết bị .,tăng cường thiết bị .,tăng cường thiết bị .
1,tài liệu tiếng anh gây khó khăn cho ôn thi .,tài liệu tiếng anh gây khó khăn cho ôn thi .,tài liệu tiếng anh gây khó khăn cho ôn thi .
1,nội dung thi cũng chỉ toàn lý thuyết .,nội dung thi cũng chỉ toàn lý thuyết .,nội dung thi cũng chỉ toàn lý thuyết .
1,môn này là bị trùng hoặc thừa vì mấy môn trước như lập trình mạng với đồ án vô số sinh viên đã tự học cái này rồi .,môn này là bị trùng hoặc thừa vì mấy môn trước như lập trình mạng với đồ án vô số sinh viên đã tự học cái này rồi .,môn này là bị trùng hoặc thừa vì mấy môn trước như lập trình mạng với đồ án vô số sinh viên đã tự học cái này rồi .
1,"nên trình bày bài tập bằng lời nói trước lớp nhiều hơn , dễ hiểu hơn .","nên trình bày bài tập bằng lời nói trước lớp nhiều hơn , dễ hiểu hơn .","nên trình bày bài tập bằng lời nói trước lớp nhiều hơn , dễ hiểu hơn ."
1,"phòng thực hành quy mô chưa lớn , vẫn còn các máy tính không sử dụng được .","phòng thực hành quy mô chưa lớn , vẫn còn các máy tính không sử dụng được .","phòng thực hành quy mô chưa lớn , vẫn còn các máy tính không sử dụng được ."
1,nếu không thì buổi học toán nào 3 tiết cũng thành 5 tiết .,nếu không thì buổi học toán nào 3 tiết cũng thành 5 tiết .,nếu không thì buổi học toán nào 3 tiết cũng thành 5 tiết .
2,cũng tự học là chính vì là môn thực hành mà .,cũng tự học là chính vì là môn thực hành mà .,cũng tự học là chính vì là môn thực hành mà .
2,"phần pl fraction sql , quản lý , phân quyền .","phần pl fraction sql , quản lý , phân quyền .","phần pl fraction sql , quản lý , phân quyền ."
1,wifi các phòng thực hành thường rất yếu .,wifi các phòng thực hành thường rất yếu .,wifi các phòng thực hành thường rất yếu .
3,"giảng viên giảng dạy hay , vui tính .","giảng viên giảng dạy hay , vui tính .","giảng viên giảng dạy hay , vui tính ."
3,"đảm bảo giờ lên lớp và sử dụng hiệu quả giờ lên lớp , có cập nhật bổ sung tài liệu tham khảo để giúp sinh viên dễ nắm bắt được bài học .","đảm bảo giờ lên lớp và sử dụng hiệu quả giờ lên lớp , có cập nhật bổ sung tài liệu tham khảo để giúp sinh viên dễ nắm bắt được bài học .","đảm bảo giờ lên lớp và sử dụng hiệu quả giờ lên lớp , có cập nhật bổ sung tài liệu tham khảo để giúp sinh viên dễ nắm bắt được bài học ."
1,thầy hay đi trễ và nghỉ dạy nhiều .,thầy hay đi trễ và nghỉ dạy nhiều .,thầy hay đi trễ và nghỉ dạy nhiều .
3,sự nhiệt tình và tận tình của giáo viên .,sự nhiệt tình và tận tình của giáo viên .,sự nhiệt tình và tận tình của giáo viên .
3,giảng viên có tương tác với giáo viên .,giảng viên có tương tác với giáo viên .,giảng viên có tương tác với giáo viên .
3,"thầy rất nhiệt tình và tận tâm , có kiến thức rộng .","thầy rất nhiệt tình và tận tâm , có kiến thức rộng .","thầy rất nhiệt tình và tận tâm , có kiến thức rộng ."
1,giờ giấc lộn xộn .,giờ giấc lộn xộn .,giờ giấc lộn xộn .
1,"tránh tình trạng giảng viên đang dạy thì hết phấn , micro hết pin .","tránh tình trạng giảng viên đang dạy thì hết phấn , micro hết pin .","tránh tình trạng giảng viên đang dạy thì hết phấn , micro hết pin ."
2,thầy đảm bảo tốt về giờ lên lớp .,thầy đảm bảo tốt về giờ lên lớp .,thầy đảm bảo tốt về giờ lên lớp .
3,thu hút sinh viên .,thu hút sinh viên .,thu hút sinh viên .
3,"giảng viên đưa ra những ví dụ cụ thể , hay gặp lỗi nhất trong phần giảng dạy .","giảng viên đưa ra những ví dụ cụ thể , hay gặp lỗi nhất trong phần giảng dạy .","giảng viên đưa ra những ví dụ cụ thể , hay gặp lỗi nhất trong phần giảng dạy ."
2,không có gì phàn nàn về giảng viên .,không có gì phàn nàn về giảng viên .,không có gì phàn nàn về giảng viên .
2,không có gì cả ạ .,không có gì cả ạ .,không có gì cả ạ .
3,giảng viên hỗ trợ tích cực .,giảng viên hỗ trợ tích cực .,giảng viên hỗ trợ tích cực .
1,hơi khó hiểu .,hơi khó hiểu .,hơi khó hiểu .
2,chỉ cần học sinh siêng năng là sẽ làm được và hiểu rõ hơn về lý thuyết sau mỗi lần làm bài thực hành .,chỉ cần học sinh siêng năng là sẽ làm được và hiểu rõ hơn về lý thuyết sau mỗi lần làm bài thực hành .,chỉ cần học sinh siêng năng là sẽ làm được và hiểu rõ hơn về lý thuyết sau mỗi lần làm bài thực hành .
1,nhiều lúc giảng dạy nói hơi nhanh .,nhiều lúc giảng dạy nói hơi nhanh .,nhiều lúc giảng dạy nói hơi nhanh .
1,thêm các buổi làm và sửa bài tập .,thêm các buổi làm và sửa bài tập .,thêm các buổi làm và sửa bài tập .
1,thầy hay đi trễ vài buổi đầu .,thầy hay đi trễ vài buổi đầu .,thầy hay đi trễ vài buổi đầu .
1,"giảng viên chuyên về vhdl , về môn học này thì sử dụng hdl nên có nhiều phần giảng viên không giải đáp được .","giảng viên chuyên về vhdl , về môn học này thì sử dụng hdl nên có nhiều phần giảng viên không giải đáp được .","giảng viên chuyên về vhdl , về môn học này thì sử dụng hdl nên có nhiều phần giảng viên không giải đáp được ."
1,cơ sở vật chất chưa tốt để nghe tiếng anh .,cơ sở vật chất chưa tốt để nghe tiếng anh .,cơ sở vật chất chưa tốt để nghe tiếng anh .
3,"thầy giảng hay , mặc dù thỉnh thoảng có ngoài lề nhưng làm cho chúng em rất hứng thú và không buồn ngủ .","thầy giảng hay , mặc dù thỉnh thoảng có ngoài lề nhưng làm cho chúng em rất hứng thú và không buồn ngủ .","thầy giảng hay , mặc dù thỉnh thoảng có ngoài lề nhưng làm cho chúng em rất hứng thú và không buồn ngủ ."
3,cô quan tâm đến sinh viên và truyền đạt kiến thức rất bổ ích .,cô quan tâm đến sinh viên và truyền đạt kiến thức rất bổ ích .,cô quan tâm đến sinh viên và truyền đạt kiến thức rất bổ ích .
1,"như vậy , sinh viên làm đồ án sẽ không có tương tác thực tế với giảng viên tương tác qua moodle thì vẫn được .","như vậy , sinh viên làm đồ án sẽ không có tương tác thực tế với giảng viên tương tác qua moodle thì vẫn được .","như vậy , sinh viên làm đồ án sẽ không có tương tác thực tế với giảng viên tương tác qua moodle thì vẫn được ."
3,"giảng viên vui tính , hay liên hệ với thực tế giúp cho sinh viên dễ nắm bắt vấn đề .","giảng viên vui tính , hay liên hệ với thực tế giúp cho sinh viên dễ nắm bắt vấn đề .","giảng viên vui tính , hay liên hệ với thực tế giúp cho sinh viên dễ nắm bắt vấn đề ."
2,đa phần bài thực hành đã được làm từ những bài tập về nhà của thầy x .,đa phần bài thực hành đã được làm từ những bài tập về nhà của thầy x .,đa phần bài thực hành đã được làm từ những bài tập về nhà của thầy x .
2,cảm ơn thầy đã sửa lỗi khi cài vmware giúp em colonsmallsmile .,cảm ơn thầy đã sửa lỗi khi cài vmware giúp em colonsmallsmile .,cảm ơn thầy đã sửa lỗi khi cài vmware giúp em colonsmallsmile .
1,"giảng viên giảng bài không tạo được sự hứng thú cho sinh viên khi học , nên thường phải áp dụng phương pháp của các giáo viên dạy môn chính trị như doubledot không cho sử dụng điện thoại , laptop trong lớp , điểm danh hoặc gọi tên để trả lời câu hỏi .","giảng viên giảng bài không tạo được sự hứng thú cho sinh viên khi học , nên thường phải áp dụng phương pháp của các giáo viên dạy môn chính trị như doubledot không cho sử dụng điện thoại , laptop trong lớp , điểm danh hoặc gọi tên để trả lời câu hỏi .","giảng viên giảng bài không tạo được sự hứng thú cho sinh viên khi học , nên thường phải áp dụng phương pháp của các giáo viên dạy môn chính trị như doubledot không cho sử dụng điện thoại , laptop trong lớp , điểm danh hoặc gọi tên để trả lời câu hỏi ."
2,"một số nội dung cơ bản như doubledot cấu trúc của json , xml .","một số nội dung cơ bản như doubledot cấu trúc của json , xml .","một số nội dung cơ bản như doubledot cấu trúc của json , xml ."
1,"phần quản lý thao tác của oracle , giảng viên cung cấp tài liệu quản lý thao tác của sql server .","phần quản lý thao tác của oracle , giảng viên cung cấp tài liệu quản lý thao tác của sql server .","phần quản lý thao tác của oracle , giảng viên cung cấp tài liệu quản lý thao tác của sql server ."
3,"nhiệt tình và tận tâm với học sinh , giảng bài rất dễ hiểu .","nhiệt tình và tận tâm với học sinh , giảng bài rất dễ hiểu .","nhiệt tình và tận tâm với học sinh , giảng bài rất dễ hiểu ."
3,"thày dạy nhiệt tình , dễ tiếp thu .","thày dạy nhiệt tình , dễ tiếp thu .","thày dạy nhiệt tình , dễ tiếp thu ."
3,"cô sẵn sàng giải đáp mọi thắc mắc nhanh nhất có thể , luôn tìm hiểu kỹ nội dung để có thể dạy tốt nhất .","cô sẵn sàng giải đáp mọi thắc mắc nhanh nhất có thể , luôn tìm hiểu kỹ nội dung để có thể dạy tốt nhất .","cô sẵn sàng giải đáp mọi thắc mắc nhanh nhất có thể , luôn tìm hiểu kỹ nội dung để có thể dạy tốt nhất ."
2,chưa học nhiều với thầy nên chưa có ý kiến gì về thầy .,chưa học nhiều với thầy nên chưa có ý kiến gì về thầy .,chưa học nhiều với thầy nên chưa có ý kiến gì về thầy .
1,hy vọng thầy đảm bảo thời gian lên lớp đủ 30 tiết .,hy vọng thầy đảm bảo thời gian lên lớp đủ 30 tiết .,hy vọng thầy đảm bảo thời gian lên lớp đủ 30 tiết .
3,cô rất tâm huyết và nhiệt thành .,cô rất tâm huyết và nhiệt thành .,cô rất tâm huyết và nhiệt thành .
3,thầy cũng tâm lý với sinh viên tụi em nữa ạ .,thầy cũng tâm lý với sinh viên tụi em nữa ạ .,thầy cũng tâm lý với sinh viên tụi em nữa ạ .
1,cải tiến phòng học nhiều thiết bị cho việc thực hành .,cải tiến phòng học nhiều thiết bị cho việc thực hành .,cải tiến phòng học nhiều thiết bị cho việc thực hành .
1,em muốn có thời gian tiếp xúc và học hỏi thầy nhiều hơn nhưng do thầy ít lên lớp nên không có cơ hội .,em muốn có thời gian tiếp xúc và học hỏi thầy nhiều hơn nhưng do thầy ít lên lớp nên không có cơ hội .,em muốn có thời gian tiếp xúc và học hỏi thầy nhiều hơn nhưng do thầy ít lên lớp nên không có cơ hội .
2,còn một điều nữa .,còn một điều nữa .,còn một điều nữa .
2,giảng bài .,giảng bài .,giảng bài .
2,"thầy dạy nhiệt tình , tốt nhưng không phù hợp với tôi .","thầy dạy nhiệt tình , tốt nhưng không phù hợp với tôi .","thầy dạy nhiệt tình , tốt nhưng không phù hợp với tôi ."
2,hầu như không có vấn đề gì không hài lòng .,hầu như không có vấn đề gì không hài lòng .,hầu như không có vấn đề gì không hài lòng .
1,"thầy nghỉ nhiều quá , làm tụi em cũng nghỉ theo .","thầy nghỉ nhiều quá , làm tụi em cũng nghỉ theo .","thầy nghỉ nhiều quá , làm tụi em cũng nghỉ theo ."
2,bài tập trên lớp .,bài tập trên lớp .,bài tập trên lớp .
3,giáo viên giảng dạy sử dụng nhiều ví dụ thực tiễn .,giáo viên giảng dạy sử dụng nhiều ví dụ thực tiễn .,giáo viên giảng dạy sử dụng nhiều ví dụ thực tiễn .
2,cách dạy .,cách dạy .,cách dạy .
3,"giáo viên tận tình , giảng dạy tốt .","giáo viên tận tình , giảng dạy tốt .","giáo viên tận tình , giảng dạy tốt ."
3,"thầy dạy rất nhiệt tình , dễ hiểu , tận tâm .","thầy dạy rất nhiệt tình , dễ hiểu , tận tâm .","thầy dạy rất nhiệt tình , dễ hiểu , tận tâm ."
2,đây là mong muốn của em chứ không phải không hài lòng ) .,đây là mong muốn của em chứ không phải không hài lòng ) .,đây là mong muốn của em chứ không phải không hài lòng ) .
2,cho phép sinh viên tự giác ôn tập .,cho phép sinh viên tự giác ôn tập .,cho phép sinh viên tự giác ôn tập .
3,vui nhộn trong giờ học .,vui nhộn trong giờ học .,vui nhộn trong giờ học .
2,giảng viên .,giảng viên .,giảng viên .
2,không thấy không hài lòng về giảng viên .,không thấy không hài lòng về giảng viên .,không thấy không hài lòng về giảng viên .
3,nhiệt tình truyền đạt kiến thức cho sinh viên .,nhiệt tình truyền đạt kiến thức cho sinh viên .,nhiệt tình truyền đạt kiến thức cho sinh viên .
2,theo ý kiến của cá nhân em và nhiều bạn đồng quan điểm thì cách dạy của thầy có nhiều yếu điểm như sau doubledot .,theo ý kiến của cá nhân em và nhiều bạn đồng quan điểm thì cách dạy của thầy có nhiều yếu điểm như sau doubledot .,theo ý kiến của cá nhân em và nhiều bạn đồng quan điểm thì cách dạy của thầy có nhiều yếu điểm như sau doubledot .
2,em đã kết thúc một học kỳ ở đó !,em đã kết thúc một học kỳ ở đó !,em đã kết thúc một học kỳ ở đó !
3,"rất thích cách dạy của thầy , thầy rất nhiệt tình , tận tâm và rất vui tính .","rất thích cách dạy của thầy , thầy rất nhiệt tình , tận tâm và rất vui tính .","rất thích cách dạy của thầy , thầy rất nhiệt tình , tận tâm và rất vui tính ."
3,thầy rất nhiệt tình với lớp .,thầy rất nhiệt tình với lớp .,thầy rất nhiệt tình với lớp .
1,"kỳ này dạy bằng slide tiếng anh nên đa phần sinh viên không nắm bắt kịp , gần như toàn bộ các bạn đều không hiểu bài .","kỳ này dạy bằng slide tiếng anh nên đa phần sinh viên không nắm bắt kịp , gần như toàn bộ các bạn đều không hiểu bài .","kỳ này dạy bằng slide tiếng anh nên đa phần sinh viên không nắm bắt kịp , gần như toàn bộ các bạn đều không hiểu bài ."
3,"thầy giảng dễ hiểu , nhiều minh hoạ thực tế .","thầy giảng dễ hiểu , nhiều minh hoạ thực tế .","thầy giảng dễ hiểu , nhiều minh hoạ thực tế ."
2,nâng cấp máy tính .,nâng cấp máy tính .,nâng cấp máy tính .
3,"thầy dạy nhiệt tình , có trình độ môn học yêu cầu sử dụng tư duy rất lớn .","thầy dạy nhiệt tình , có trình độ môn học yêu cầu sử dụng tư duy rất lớn .","thầy dạy nhiệt tình , có trình độ môn học yêu cầu sử dụng tư duy rất lớn ."
3,kiến thức đầy đủ .,kiến thức đầy đủ .,kiến thức đầy đủ .
2,"và não của con người không thích sự dễ dàng , nếu chỉ xử lý sự dễ dàng thì não khó có thể phát triển đến khả năng của nó .","và não của con người không thích sự dễ dàng , nếu chỉ xử lý sự dễ dàng thì não khó có thể phát triển đến khả năng của nó .","và não của con người không thích sự dễ dàng , nếu chỉ xử lý sự dễ dàng thì não khó có thể phát triển đến khả năng của nó ."
1,"viết bài nhiều quá , nên đưa bài dạy lên hệ thống moodle .","viết bài nhiều quá , nên đưa bài dạy lên hệ thống moodle .","viết bài nhiều quá , nên đưa bài dạy lên hệ thống moodle ."
1,thầy dạy quá tệ .,thầy dạy quá tệ .,thầy dạy quá tệ .
3,cô vui tính .,cô vui tính .,cô vui tính .
3,"giảng viên dạy truyền cảm hứng , sử dụng thời gian hợp lý .","giảng viên dạy truyền cảm hứng , sử dụng thời gian hợp lý .","giảng viên dạy truyền cảm hứng , sử dụng thời gian hợp lý ."
1,bài tập nên thiết thực .,bài tập nên thiết thực .,bài tập nên thiết thực .
3,cô wzjwz259 rất vui và nhiệt tình .,cô wzjwz259 rất vui và nhiệt tình .,cô wzjwz259 rất vui và nhiệt tình .
1,thực hành sớm hơn so với lý thuyết dẫn đến nhiều khó khăn cho sinh viên .,thực hành sớm hơn so với lý thuyết dẫn đến nhiều khó khăn cho sinh viên .,thực hành sớm hơn so với lý thuyết dẫn đến nhiều khó khăn cho sinh viên .
1,ít dạy ngữ pháp .,ít dạy ngữ pháp .,ít dạy ngữ pháp .
2,hơn là những thuật toán của những môn trước .,hơn là những thuật toán của những môn trước .,hơn là những thuật toán của những môn trước .
3,thầy giảng rất hay và cực kỳ nhiệt tình trong hoạt động giảng dạy .,thầy giảng rất hay và cực kỳ nhiệt tình trong hoạt động giảng dạy .,thầy giảng rất hay và cực kỳ nhiệt tình trong hoạt động giảng dạy .
1,nhiều slide .,nhiều slide .,nhiều slide .
1,"giảng viên nên kiểm tra sức học của từng bạn sinh viên riêng biệt thay vì kiếm điểm quá trình lấy từ hoạt động của nhóm vì nhóm chỉ có một vài bạn hoạt động còn các bạn còn lại đa số là ăn theo , có bạn ít thậm chí là không hoạt động và nhiều lần kéo điểm của nhóm xuống do các bạn hoat động năng nổ kiếm được .","giảng viên nên kiểm tra sức học của từng bạn sinh viên riêng biệt thay vì kiếm điểm quá trình lấy từ hoạt động của nhóm vì nhóm chỉ có một vài bạn hoạt động còn các bạn còn lại đa số là ăn theo , có bạn ít thậm chí là không hoạt động và nhiều lần kéo điểm của nhóm xuống do các bạn hoat động năng nổ kiếm được .","giảng viên nên kiểm tra sức học của từng bạn sinh viên riêng biệt thay vì kiếm điểm quá trình lấy từ hoạt động của nhóm vì nhóm chỉ có một vài bạn hoạt động còn các bạn còn lại đa số là ăn theo , có bạn ít thậm chí là không hoạt động và nhiều lần kéo điểm của nhóm xuống do các bạn hoat động năng nổ kiếm được ."
2,mặc dù môn này đã được nghe thầy nói được dạy lần đầu cho khóa 3 .,mặc dù môn này đã được nghe thầy nói được dạy lần đầu cho khóa 3 .,mặc dù môn này đã được nghe thầy nói được dạy lần đầu cho khóa 3 .
3,"tận tâm , chu đáo và luôn theo sát giúp sinh viên đạt kết quả tốt trong môn học .","tận tâm , chu đáo và luôn theo sát giúp sinh viên đạt kết quả tốt trong môn học .","tận tâm , chu đáo và luôn theo sát giúp sinh viên đạt kết quả tốt trong môn học ."
2,"thầy hay đi trễ nhưng không nhiều , chỉ 15 phút mỗi ngày .","thầy hay đi trễ nhưng không nhiều , chỉ 15 phút mỗi ngày .","thầy hay đi trễ nhưng không nhiều , chỉ 15 phút mỗi ngày ."
1,giảng viên cần cho ví dụ nhiều hơn .,giảng viên cần cho ví dụ nhiều hơn .,giảng viên cần cho ví dụ nhiều hơn .
1,"môn học còn khá nặng nề , không ứng dụng thực tiễn cũng như không phục vụ cho chuyên nghành , theo em nghĩ , môn giải tích thật sự không cần thiết lắm .","môn học còn khá nặng nề , không ứng dụng thực tiễn cũng như không phục vụ cho chuyên nghành , theo em nghĩ , môn giải tích thật sự không cần thiết lắm .","môn học còn khá nặng nề , không ứng dụng thực tiễn cũng như không phục vụ cho chuyên nghành , theo em nghĩ , môn giải tích thật sự không cần thiết lắm ."
3,luôn nhiệt tình trong giảng dạy .,luôn nhiệt tình trong giảng dạy .,luôn nhiệt tình trong giảng dạy .
1,"thầy wzjwz27 cần giảng bài rõ ràng hơn , khi giảng cần nói to hoặc dùng micro để mọi người trong lớp cùng nghe cũng như chú ý đến bài giảng .","thầy wzjwz27 cần giảng bài rõ ràng hơn , khi giảng cần nói to hoặc dùng micro để mọi người trong lớp cùng nghe cũng như chú ý đến bài giảng .","thầy wzjwz27 cần giảng bài rõ ràng hơn , khi giảng cần nói to hoặc dùng micro để mọi người trong lớp cùng nghe cũng như chú ý đến bài giảng ."
1,thầy dạy rất trầm .,thầy dạy rất trầm .,thầy dạy rất trầm .
1,"phương pháp truyền đạt khó tiếp thu , lượng kiến thức nhiều nhưng không tập trung .","phương pháp truyền đạt khó tiếp thu , lượng kiến thức nhiều nhưng không tập trung .","phương pháp truyền đạt khó tiếp thu , lượng kiến thức nhiều nhưng không tập trung ."
3,giảng viên thường không trả lời câu hỏi của sinh viền hoặc là khó chịu khi sinh viên hỏi bài .,giảng viên thường không trả lời câu hỏi của sinh viền hoặc là khó chịu khi sinh viên hỏi bài .,giảng viên thường không trả lời câu hỏi của sinh viền hoặc là khó chịu khi sinh viên hỏi bài .
3,cô dễ thương và giảng bài tận tình .,cô dễ thương và giảng bài tận tình .,cô dễ thương và giảng bài tận tình .
2,"mặc dù , có thể cái này sinh viên đang tự hiểu chỉ dùng cho các sắp xếp theo tính thự tự trong các hệ điều hành như về name , size .","mặc dù , có thể cái này sinh viên đang tự hiểu chỉ dùng cho các sắp xếp theo tính thự tự trong các hệ điều hành như về name , size .","mặc dù , có thể cái này sinh viên đang tự hiểu chỉ dùng cho các sắp xếp theo tính thự tự trong các hệ điều hành như về name , size ."
3,hoạt động giảng dạy của giáo viên khá tốt .,hoạt động giảng dạy của giáo viên khá tốt .,hoạt động giảng dạy của giáo viên khá tốt .
3,thầy đi rất đúng giờ và nhiệt tình .,thầy đi rất đúng giờ và nhiệt tình .,thầy đi rất đúng giờ và nhiệt tình .
3,thầy chủ động sửa bài tập trên lớp để sinh viên nắm kiến thức rõ hơn .,thầy chủ động sửa bài tập trên lớp để sinh viên nắm kiến thức rõ hơn .,thầy chủ động sửa bài tập trên lớp để sinh viên nắm kiến thức rõ hơn .
2,thầy dạy lý thuyết được .,thầy dạy lý thuyết được .,thầy dạy lý thuyết được .
3,có nhiều hoạt động cho phần speaking .,có nhiều hoạt động cho phần speaking .,có nhiều hoạt động cho phần speaking .
3,thầy cũng theo sát sinh viên để nghe sinh viên báo cáo tới tận cuối giờ .,thầy cũng theo sát sinh viên để nghe sinh viên báo cáo tới tận cuối giờ .,thầy cũng theo sát sinh viên để nghe sinh viên báo cáo tới tận cuối giờ .
2,học buổi sáng .,học buổi sáng .,học buổi sáng .
3,slide up đầy đủ trước mỗi buổi học .,slide up đầy đủ trước mỗi buổi học .,slide up đầy đủ trước mỗi buổi học .
2,thầy ngầu quá em hơi sợ .,thầy ngầu quá em hơi sợ .,thầy ngầu quá em hơi sợ .
3,giọng nói hay .,giọng nói hay .,giọng nói hay .
3,thầy luôn đúng giờ .,thầy luôn đúng giờ .,thầy luôn đúng giờ .
3,"giảng viên dạy dễ tiếp thu , slide trình bày được , giảng viên vui tính , dạy nhiệt tình , tận tình trong công việc .","giảng viên dạy dễ tiếp thu , slide trình bày được , giảng viên vui tính , dạy nhiệt tình , tận tình trong công việc .","giảng viên dạy dễ tiếp thu , slide trình bày được , giảng viên vui tính , dạy nhiệt tình , tận tình trong công việc ."
1,vì đôi khi tụi em theo bài không kịp .,vì đôi khi tụi em theo bài không kịp .,vì đôi khi tụi em theo bài không kịp .
3,cô rất hòa đông giảng dạy rất dễ hiểu .,cô rất hòa đông giảng dạy rất dễ hiểu .,cô rất hòa đông giảng dạy rất dễ hiểu .
1,em nghĩ nên bỏ môn này .,em nghĩ nên bỏ môn này .,em nghĩ nên bỏ môn này .
2,không có y kiến .,không có y kiến .,không có y kiến .
1,thầy dạy còn hơi khó hiểu .,thầy dạy còn hơi khó hiểu .,thầy dạy còn hơi khó hiểu .
1,thêm tiết sửa bài tập nhiều hơn .,thêm tiết sửa bài tập nhiều hơn .,thêm tiết sửa bài tập nhiều hơn .
2,có cho lên bảng làm bài tập .,có cho lên bảng làm bài tập .,có cho lên bảng làm bài tập .
3,"thầy dạy rất chi tiết , dễ hiểu và nhiệt tình .","thầy dạy rất chi tiết , dễ hiểu và nhiệt tình .","thầy dạy rất chi tiết , dễ hiểu và nhiệt tình ."
1,cho lớp leo cây nhiều quá .,cho lớp leo cây nhiều quá .,cho lớp leo cây nhiều quá .
2,chấm bài thi .,chấm bài thi .,chấm bài thi .
1,"trong buổi học thầy hay nói lan man nhiều chủ đề khác , tuy thu hút được sự tập trung và chú ý của sinh viên nhưng thường không liên quan hoặc ít liên quan đến môn học .","trong buổi học thầy hay nói lan man nhiều chủ đề khác , tuy thu hút được sự tập trung và chú ý của sinh viên nhưng thường không liên quan hoặc ít liên quan đến môn học .","trong buổi học thầy hay nói lan man nhiều chủ đề khác , tuy thu hút được sự tập trung và chú ý của sinh viên nhưng thường không liên quan hoặc ít liên quan đến môn học ."
3,"thầy rất vui vẻ , hỗ trợ tốt với sinh viên .","thầy rất vui vẻ , hỗ trợ tốt với sinh viên .","thầy rất vui vẻ , hỗ trợ tốt với sinh viên ."
2,em xim cám ơn !,em xim cám ơn !,em xim cám ơn !
1,nên có nhiều ví dụ hơn và trình bày nhiều hơn .,nên có nhiều ví dụ hơn và trình bày nhiều hơn .,nên có nhiều ví dụ hơn và trình bày nhiều hơn .
2,giọng nói của cô hơi khó nghe nhưng dần dần quen rồi thì mọi việc điều tốt .,giọng nói của cô hơi khó nghe nhưng dần dần quen rồi thì mọi việc điều tốt .,giọng nói của cô hơi khó nghe nhưng dần dần quen rồi thì mọi việc điều tốt .
2,thầy này không có dạy lớp em .,thầy này không có dạy lớp em .,thầy này không có dạy lớp em .
1,bài giảng thiếu sự thu hút .,bài giảng thiếu sự thu hút .,bài giảng thiếu sự thu hút .
2,"phòng học được trang bị tốt hơn , đảm bảo tốt cho công tác giảng dạy .","phòng học được trang bị tốt hơn , đảm bảo tốt cho công tác giảng dạy .","phòng học được trang bị tốt hơn , đảm bảo tốt cho công tác giảng dạy ."
3,giáo viên nhiệt tình giúp học sinh những phần học sinh không hiểu giáo viên dạy dễ hiểu .,giáo viên nhiệt tình giúp học sinh những phần học sinh không hiểu giáo viên dạy dễ hiểu .,giáo viên nhiệt tình giúp học sinh những phần học sinh không hiểu giáo viên dạy dễ hiểu .
1,giảng viên dạy khó hiểu .,giảng viên dạy khó hiểu .,giảng viên dạy khó hiểu .
1,cần hướng dẫn nhiều hơn về phần bài tập .,cần hướng dẫn nhiều hơn về phần bài tập .,cần hướng dẫn nhiều hơn về phần bài tập .
2,không có colonsmile .,không có colonsmile .,không có colonsmile .
3,"biết tạo điều kiện cho học sinh rèn luyện các kỹ năng , khả năng dẫn dắt truyền đạt tốt .","biết tạo điều kiện cho học sinh rèn luyện các kỹ năng , khả năng dẫn dắt truyền đạt tốt .","biết tạo điều kiện cho học sinh rèn luyện các kỹ năng , khả năng dẫn dắt truyền đạt tốt ."
3,thầy dạy nhiệt tình có nhiều tiết bài tập cho sinh viên .,thầy dạy nhiệt tình có nhiều tiết bài tập cho sinh viên .,thầy dạy nhiệt tình có nhiều tiết bài tập cho sinh viên .
1,"thầy cung cấp nhiều thông tin hay , hữu ích đối với đồ án .","thầy cung cấp nhiều thông tin hay , hữu ích đối với đồ án .","thầy cung cấp nhiều thông tin hay , hữu ích đối với đồ án ."
2,cách truyền đạt kiến thức cho sinh viên .,cách truyền đạt kiến thức cho sinh viên .,cách truyền đạt kiến thức cho sinh viên .
2,thầy có cho bài tập .,thầy có cho bài tập .,thầy có cho bài tập .
3,dạy tốt chu đáo .,dạy tốt chu đáo .,dạy tốt chu đáo .
2,trách nhiệm .,trách nhiệm .,trách nhiệm .
3,"nhiệt tình , tân tâm .","nhiệt tình , tân tâm .","nhiệt tình , tân tâm ."
2,bài tập làm thêm .,bài tập làm thêm .,bài tập làm thêm .
2,thái độ .,thái độ .,thái độ .
3,"thầy dạy rất có tâm , dễ hiểu .","thầy dạy rất có tâm , dễ hiểu .","thầy dạy rất có tâm , dễ hiểu ."
1,nội dung khó hiểu .,nội dung khó hiểu .,nội dung khó hiểu .
2,nếu kết thúc thực hành sớm .,nếu kết thúc thực hành sớm .,nếu kết thúc thực hành sớm .
1,slide bài giảng nên sử dụng hoàn toàn bằng tiếng anh thay vì sử dụng nửa việt nửa anh như hiện nay để tránh gây khó hiểu cho sinh viên .,slide bài giảng nên sử dụng hoàn toàn bằng tiếng anh thay vì sử dụng nửa việt nửa anh như hiện nay để tránh gây khó hiểu cho sinh viên .,slide bài giảng nên sử dụng hoàn toàn bằng tiếng anh thay vì sử dụng nửa việt nửa anh như hiện nay để tránh gây khó hiểu cho sinh viên .
2,"cách giảng dạy , các hoạt động được tổ chức trong giờ học của giáo viên .","cách giảng dạy , các hoạt động được tổ chức trong giờ học của giáo viên .","cách giảng dạy , các hoạt động được tổ chức trong giờ học của giáo viên ."
2,"giảng viên cho sinh viên thực hiện một dự án thực tế ngoài nội dung môn học , với mục tiêu áp dụng quy trình scrum .","giảng viên cho sinh viên thực hiện một dự án thực tế ngoài nội dung môn học , với mục tiêu áp dụng quy trình scrum .","giảng viên cho sinh viên thực hiện một dự án thực tế ngoài nội dung môn học , với mục tiêu áp dụng quy trình scrum ."
3,cung cấp tài liệu tham khảo tốt .,cung cấp tài liệu tham khảo tốt .,cung cấp tài liệu tham khảo tốt .
1,"đồ án khó , liên quan tới nhiều nội dung chưa được học .","đồ án khó , liên quan tới nhiều nội dung chưa được học .","đồ án khó , liên quan tới nhiều nội dung chưa được học ."
2,thay vì ngồi chờ chấm điểm như đi thi thực hành .,thay vì ngồi chờ chấm điểm như đi thi thực hành .,thay vì ngồi chờ chấm điểm như đi thi thực hành .
3,"giảng viên hướng dẫn nhiệt tình , chi tiết .","giảng viên hướng dẫn nhiệt tình , chi tiết .","giảng viên hướng dẫn nhiệt tình , chi tiết ."
1,thầy nóng tính và tự tôn cao quá .,thầy nóng tính và tự tôn cao quá .,thầy nóng tính và tự tôn cao quá .
3,thang điểm kiểm tra bài thực hành dễ gây ức chế .,thang điểm kiểm tra bài thực hành dễ gây ức chế .,thang điểm kiểm tra bài thực hành dễ gây ức chế .
2,"giờ giấc , cách giảng dạy .","giờ giấc , cách giảng dạy .","giờ giấc , cách giảng dạy ."
3,cập nhật kiến thức thực tế .,cập nhật kiến thức thực tế .,cập nhật kiến thức thực tế .
3,"truyền đạt bài học tốt , dễ hiểu .","truyền đạt bài học tốt , dễ hiểu .","truyền đạt bài học tốt , dễ hiểu ."
3,phong cách giảng bài của thầy rất gần gũi với sinh viên !,phong cách giảng bài của thầy rất gần gũi với sinh viên !,phong cách giảng bài của thầy rất gần gũi với sinh viên !
2,chỉ tại em thiếu từ vựng anh văn .,chỉ tại em thiếu từ vựng anh văn .,chỉ tại em thiếu từ vựng anh văn .
1,cần cung cấp tài liệu đầy đủ và chính xác hơn .,cần cung cấp tài liệu đầy đủ và chính xác hơn .,cần cung cấp tài liệu đầy đủ và chính xác hơn .
2,nếu cảm thấy muốn học em sẽ tự lên lớp .,nếu cảm thấy muốn học em sẽ tự lên lớp .,nếu cảm thấy muốn học em sẽ tự lên lớp .
1,thầy nên kết hợp hình ảnh và ví dụ hoá cho từng bước của giải thuật ở trong slide thay vì chữ quá nhiều sẽ khiến sinh viên khó tiếp thu hơn .,thầy nên kết hợp hình ảnh và ví dụ hoá cho từng bước của giải thuật ở trong slide thay vì chữ quá nhiều sẽ khiến sinh viên khó tiếp thu hơn .,thầy nên kết hợp hình ảnh và ví dụ hoá cho từng bước của giải thuật ở trong slide thay vì chữ quá nhiều sẽ khiến sinh viên khó tiếp thu hơn .
1,cần dạy dễ hiểu và tận tâm hơn .,cần dạy dễ hiểu và tận tâm hơn .,cần dạy dễ hiểu và tận tâm hơn .
3,"giảng viên truyền đạt kiến thức tốt , có nhiều kinh nghiệm , phát âm tốt .","giảng viên truyền đạt kiến thức tốt , có nhiều kinh nghiệm , phát âm tốt .","giảng viên truyền đạt kiến thức tốt , có nhiều kinh nghiệm , phát âm tốt ."
2,"trong bài thực hành thì có hướng dẫn làm , đọc cũng có thể làm được .","trong bài thực hành thì có hướng dẫn làm , đọc cũng có thể làm được .","trong bài thực hành thì có hướng dẫn làm , đọc cũng có thể làm được ."
3,giảng viên hay đặt vấn đề để sinh viên suy nghĩ .,giảng viên hay đặt vấn đề để sinh viên suy nghĩ .,giảng viên hay đặt vấn đề để sinh viên suy nghĩ .
1,giảng viên nên giảng nhiều hơn chứ không nên để sinh viên lên làm bài tập .,giảng viên nên giảng nhiều hơn chứ không nên để sinh viên lên làm bài tập .,giảng viên nên giảng nhiều hơn chứ không nên để sinh viên lên làm bài tập .
1,môn học khá khó .,môn học khá khó .,môn học khá khó .
2,không biết .,không biết .,không biết .
1,"hay cho nghỉ , mất tiết .","hay cho nghỉ , mất tiết .","hay cho nghỉ , mất tiết ."
1,cô không cung cấp đáp án bài tập trên moodle .,cô không cung cấp đáp án bài tập trên moodle .,cô không cung cấp đáp án bài tập trên moodle .
3,"truyền đạt hay , tận tâm .","truyền đạt hay , tận tâm .","truyền đạt hay , tận tâm ."
3,"giảng viên truyền đạt tốt , em không có ý kiến gì thêm .","giảng viên truyền đạt tốt , em không có ý kiến gì thêm .","giảng viên truyền đạt tốt , em không có ý kiến gì thêm ."
3,cho học sinh tích cực thuyết trình bằng tiếng anh .,cho học sinh tích cực thuyết trình bằng tiếng anh .,cho học sinh tích cực thuyết trình bằng tiếng anh .
3,giảng viên tận tâm nhiệt tình và khả năng truyền đạt tốt .,giảng viên tận tâm nhiệt tình và khả năng truyền đạt tốt .,giảng viên tận tâm nhiệt tình và khả năng truyền đạt tốt .
2,có một lần cúp điện cô không dùng slide để giảng bài em thấy dễ hiểu hơn nhiều .,có một lần cúp điện cô không dùng slide để giảng bài em thấy dễ hiểu hơn nhiều .,có một lần cúp điện cô không dùng slide để giảng bài em thấy dễ hiểu hơn nhiều .
1,điểm quá trình chưa thật sự công bằng với sinh viên .,điểm quá trình chưa thật sự công bằng với sinh viên .,điểm quá trình chưa thật sự công bằng với sinh viên .
2,không có ý kiến gì thêm .,không có ý kiến gì thêm .,không có ý kiến gì thêm .
2,thầy xem bên phần của thầy wzjwz139 nha thầy .,thầy xem bên phần của thầy wzjwz139 nha thầy .,thầy xem bên phần của thầy wzjwz139 nha thầy .
2,giải bài tập giúp hiểu hơn về bài học .,giải bài tập giúp hiểu hơn về bài học .,giải bài tập giúp hiểu hơn về bài học .
2,chưa gặp lần nào .,chưa gặp lần nào .,chưa gặp lần nào .
1,nhưng lớp trường lại chậm trể trong việc đưa về cho sinh viên thế nên cần phân bổ tài liệu trực tiếp cho sinh viên .,nhưng lớp trường lại chậm trể trong việc đưa về cho sinh viên thế nên cần phân bổ tài liệu trực tiếp cho sinh viên .,nhưng lớp trường lại chậm trể trong việc đưa về cho sinh viên thế nên cần phân bổ tài liệu trực tiếp cho sinh viên .
3,cho bài tập cụ thể .,cho bài tập cụ thể .,cho bài tập cụ thể .
1,"một số bài tập không rõ , không đi sâu .","một số bài tập không rõ , không đi sâu .","một số bài tập không rõ , không đi sâu ."
3,"tận tình giúp đỡ học sinh , thầy dạy nhiệt huyết .","tận tình giúp đỡ học sinh , thầy dạy nhiệt huyết .","tận tình giúp đỡ học sinh , thầy dạy nhiệt huyết ."
2,chắc cũng sẽ không ảnh hưởng nhiều lắm đến thời gian dạy bài mới trên lớp .,chắc cũng sẽ không ảnh hưởng nhiều lắm đến thời gian dạy bài mới trên lớp .,chắc cũng sẽ không ảnh hưởng nhiều lắm đến thời gian dạy bài mới trên lớp .
1,"nếu thầy đã không đảm bảo giờ lên lớp , thì khi ra bài thi và đề cương ôn tập nên chú ý đến việc rõ ràng , hướng dẫn rõ sinh viên biết mình phải học gì .","nếu thầy đã không đảm bảo giờ lên lớp , thì khi ra bài thi và đề cương ôn tập nên chú ý đến việc rõ ràng , hướng dẫn rõ sinh viên biết mình phải học gì .","nếu thầy đã không đảm bảo giờ lên lớp , thì khi ra bài thi và đề cương ôn tập nên chú ý đến việc rõ ràng , hướng dẫn rõ sinh viên biết mình phải học gì ."
1,cô nên thêm nhiều phần đọc .,cô nên thêm nhiều phần đọc .,cô nên thêm nhiều phần đọc .
3,dạy khá tốt .,dạy khá tốt .,dạy khá tốt .
2,em không có điều không hài lòng về giảng viên .,em không có điều không hài lòng về giảng viên .,em không có điều không hài lòng về giảng viên .
3,"thân thiện , vui vẻ .","thân thiện , vui vẻ .","thân thiện , vui vẻ ."
2,cách chỉ dẫn .,cách chỉ dẫn .,cách chỉ dẫn .
3,thầy vui tính dạy dễ hiểu .,thầy vui tính dạy dễ hiểu .,thầy vui tính dạy dễ hiểu .
3,"giảng viên hòa đồng , vui vẻ , tận tình giải đáp thắc mắc của sinh viên .","giảng viên hòa đồng , vui vẻ , tận tình giải đáp thắc mắc của sinh viên .","giảng viên hòa đồng , vui vẻ , tận tình giải đáp thắc mắc của sinh viên ."
3,"dạy nhiệt tình , dễ tiếp thu .","dạy nhiệt tình , dễ tiếp thu .","dạy nhiệt tình , dễ tiếp thu ."
3,"dạy dễ hiểu , kỹ càng .","dạy dễ hiểu , kỹ càng .","dạy dễ hiểu , kỹ càng ."
3,"giảng viên dạy tận tình , cung cấp đầy đủ kiến thức cho sinh viên .","giảng viên dạy tận tình , cung cấp đầy đủ kiến thức cho sinh viên .","giảng viên dạy tận tình , cung cấp đầy đủ kiến thức cho sinh viên ."
2,có liên hệ thực tế .,có liên hệ thực tế .,có liên hệ thực tế .
3,chưa bao giờ có ý định nghỉ tiết của thầy ( trừ trường hợp ngủ quên colonbigsmile ) .,chưa bao giờ có ý định nghỉ tiết của thầy ( trừ trường hợp ngủ quên colonbigsmile ) .,chưa bao giờ có ý định nghỉ tiết của thầy ( trừ trường hợp ngủ quên colonbigsmile ) .
2,tên thầy dài quá nhưng em nhớ nó như một món quà dành cho thầy .,tên thầy dài quá nhưng em nhớ nó như một món quà dành cho thầy .,tên thầy dài quá nhưng em nhớ nó như một món quà dành cho thầy .
2,không có hoạt động giảng dạy nào không hài lòng .,không có hoạt động giảng dạy nào không hài lòng .,không có hoạt động giảng dạy nào không hài lòng .
1,bài tập về nhà hơi khó .,bài tập về nhà hơi khó .,bài tập về nhà hơi khó .
2,mong được làm việc với thầy nhiều hơn .,mong được làm việc với thầy nhiều hơn .,mong được làm việc với thầy nhiều hơn .
3,nhiệt huyết .,nhiệt huyết .,nhiệt huyết .
1,mong rằng cô sẽ điều chỉnh để sinh viên có thể dễ dàng theo dõi bài giảng hơn .,mong rằng cô sẽ điều chỉnh để sinh viên có thể dễ dàng theo dõi bài giảng hơn .,mong rằng cô sẽ điều chỉnh để sinh viên có thể dễ dàng theo dõi bài giảng hơn .
2,cám ơn thầy !,cám ơn thầy !,cám ơn thầy !
3,khá là tâm huyết .,khá là tâm huyết .,khá là tâm huyết .
3,"cô dễ thương , dạy quá có tâm .","cô dễ thương , dạy quá có tâm .","cô dễ thương , dạy quá có tâm ."
3,cố gắng làm nhiều bài tập hơn nữa .,cố gắng làm nhiều bài tập hơn nữa .,cố gắng làm nhiều bài tập hơn nữa .
3,thầy dạy rất nhiệt tình giúp sinh viên .,thầy dạy rất nhiệt tình giúp sinh viên .,thầy dạy rất nhiệt tình giúp sinh viên .
1,cần nhiều bài tập hơn .,cần nhiều bài tập hơn .,cần nhiều bài tập hơn .
3,he's very funny .,he's very funny .,he's very funny .
1,"đừng để sinh viên ngủ , vắng khi đi học .","đừng để sinh viên ngủ , vắng khi đi học .","đừng để sinh viên ngủ , vắng khi đi học ."
2,bài tập trực tuyến .,bài tập trực tuyến .,bài tập trực tuyến .
3,"thầy rất nhiệt tình và năng động , học thầy có thêm nhiều kiến thức mới không chỉ gói gọn trong nội dung môn học .","thầy rất nhiệt tình và năng động , học thầy có thêm nhiều kiến thức mới không chỉ gói gọn trong nội dung môn học .","thầy rất nhiệt tình và năng động , học thầy có thêm nhiều kiến thức mới không chỉ gói gọn trong nội dung môn học ."
1,một số buổi dạy của giảng viên không hiệu quả về giờ giấc .,một số buổi dạy của giảng viên không hiệu quả về giờ giấc .,một số buổi dạy của giảng viên không hiệu quả về giờ giấc .
1,phòng học thực hành wzjwz18 không đảm bảo chất lượng cho việc học thực hành .,phòng học thực hành wzjwz18 không đảm bảo chất lượng cho việc học thực hành .,phòng học thực hành wzjwz18 không đảm bảo chất lượng cho việc học thực hành .
3,"giảng dạy nhiệt tình , vui vẻ .","giảng dạy nhiệt tình , vui vẻ .","giảng dạy nhiệt tình , vui vẻ ."
1,giáo viên chưa tạo được không khí vui vẻ trong lớp học .,giáo viên chưa tạo được không khí vui vẻ trong lớp học .,giáo viên chưa tạo được không khí vui vẻ trong lớp học .
2,đúng như vậy luôn hi hi .,đúng như vậy luôn hi hi .,đúng như vậy luôn hi hi .
2,thông tin đầy đủ về môn học cho sinh viên khi sinh viên đăng ký môn học .,thông tin đầy đủ về môn học cho sinh viên khi sinh viên đăng ký môn học .,thông tin đầy đủ về môn học cho sinh viên khi sinh viên đăng ký môn học .
1,theo em thầy nên sử dụng website môn học để cung cấp tài liệu cho sinh viên .,theo em thầy nên sử dụng website môn học để cung cấp tài liệu cho sinh viên .,theo em thầy nên sử dụng website môn học để cung cấp tài liệu cho sinh viên .
3,giáo viên rất nhiệt tình giảng dạy cho sinh viên .,giáo viên rất nhiệt tình giảng dạy cho sinh viên .,giáo viên rất nhiệt tình giảng dạy cho sinh viên .
2,các buổi thuyết trình .,các buổi thuyết trình .,các buổi thuyết trình .
1,nhưng khi thi cuối kỳ thì kiến thức quá khó .,nhưng khi thi cuối kỳ thì kiến thức quá khó .,nhưng khi thi cuối kỳ thì kiến thức quá khó .
2,dạy với slide tiếng anh .,dạy với slide tiếng anh .,dạy với slide tiếng anh .
1,toàn đến gần thi thầy mới dạy hết chương trình học .,toàn đến gần thi thầy mới dạy hết chương trình học .,toàn đến gần thi thầy mới dạy hết chương trình học .
3,"thầy rất dễ chịu , giới thiệu về thực tế bên ngoài nhiều !","thầy rất dễ chịu , giới thiệu về thực tế bên ngoài nhiều !","thầy rất dễ chịu , giới thiệu về thực tế bên ngoài nhiều !"
1,lớp đã nghỉ 4 tuần liên tiếp chưa tính một vài ngày nghỉ khác .,lớp đã nghỉ 4 tuần liên tiếp chưa tính một vài ngày nghỉ khác .,lớp đã nghỉ 4 tuần liên tiếp chưa tính một vài ngày nghỉ khác .
3,thầy dạy rất tận tâm .,thầy dạy rất tận tâm .,thầy dạy rất tận tâm .
3,thầy tận tình vui tính .,thầy tận tình vui tính .,thầy tận tình vui tính .
3,thầy có kiến thức sâu rộng nên truyền đạt nhiều kiến thức rất hay .,thầy có kiến thức sâu rộng nên truyền đạt nhiều kiến thức rất hay .,thầy có kiến thức sâu rộng nên truyền đạt nhiều kiến thức rất hay .
2,do dạy khác chuẩn coloncontemn .,do dạy khác chuẩn coloncontemn .,do dạy khác chuẩn coloncontemn .
2,thầy không điểm danh .,thầy không điểm danh .,thầy không điểm danh .
2,sử dụng trang web trao đổi thảo luận trong lớp .,sử dụng trang web trao đổi thảo luận trong lớp .,sử dụng trang web trao đổi thảo luận trong lớp .
3,tận tình .,tận tình .,tận tình .
3,truyền đạt hay .,truyền đạt hay .,truyền đạt hay .
1,thầy dữ quá sinh viên 50 người thì 49 người sợ thầy .,thầy dữ quá sinh viên 50 người thì 49 người sợ thầy .,thầy dữ quá sinh viên 50 người thì 49 người sợ thầy .
3,đúng thời gian lên lớp và tận tình giảng dạy .,đúng thời gian lên lớp và tận tình giảng dạy .,đúng thời gian lên lớp và tận tình giảng dạy .
3,"kỳ sau em có học một môn của chị nữa đó , nhớ giúp em qua môn nha chị .","kỳ sau em có học một môn của chị nữa đó , nhớ giúp em qua môn nha chị .","kỳ sau em có học một môn của chị nữa đó , nhớ giúp em qua môn nha chị ."
1,"những vấn đề cô nói thường nhanh , dài và khó hiểu .","những vấn đề cô nói thường nhanh , dài và khó hiểu .","những vấn đề cô nói thường nhanh , dài và khó hiểu ."
2,có nắm được lý thuyết của môn học .,có nắm được lý thuyết của môn học .,có nắm được lý thuyết của môn học .
2,"thái độ , phong cách làm việc của thầy .","thái độ , phong cách làm việc của thầy .","thái độ , phong cách làm việc của thầy ."
2,"nếu như một người không xem bài "" kỹ "" trước ở nhà .","nếu như một người không xem bài "" kỹ "" trước ở nhà .","nếu như một người không xem bài "" kỹ "" trước ở nhà ."
1,nội dung chưa cô động .,nội dung chưa cô động .,nội dung chưa cô động .
1,do gộp cả cấu trúc dữ liệu 1 và 2 vào trong cùng 1 học kỳ nên lượng kiến thức khá nhiều .,do gộp cả cấu trúc dữ liệu 1 và 2 vào trong cùng 1 học kỳ nên lượng kiến thức khá nhiều .,do gộp cả cấu trúc dữ liệu 1 và 2 vào trong cùng 1 học kỳ nên lượng kiến thức khá nhiều .
3,cô wzjwz231 thường xuyên chữa bài tập và đi sát vào nội dung học tập .,cô wzjwz231 thường xuyên chữa bài tập và đi sát vào nội dung học tập .,cô wzjwz231 thường xuyên chữa bài tập và đi sát vào nội dung học tập .
1,"giáo viên nói hơi nhỏ , rất khó nghe , và hiểu được bài .","giáo viên nói hơi nhỏ , rất khó nghe , và hiểu được bài .","giáo viên nói hơi nhỏ , rất khó nghe , và hiểu được bài ."
2,hiện tại em không nhớ nổi mặt của thầy fraction cô như nào nữa colondoublesurprise .,hiện tại em không nhớ nổi mặt của thầy fraction cô như nào nữa colondoublesurprise .,hiện tại em không nhớ nổi mặt của thầy fraction cô như nào nữa colondoublesurprise .
2,về giảng dạy .,về giảng dạy .,về giảng dạy .
2,giọng nói .,giọng nói .,giọng nói .
3,"vui tính , hài hước pha lẫn trong bài giảng của thầy !","vui tính , hài hước pha lẫn trong bài giảng của thầy !","vui tính , hài hước pha lẫn trong bài giảng của thầy !"
1,cho thêm bài tập và các chủ đề để sinh viên tìm hiểu .,cho thêm bài tập và các chủ đề để sinh viên tìm hiểu .,cho thêm bài tập và các chủ đề để sinh viên tìm hiểu .
2,ít điểm danh .,ít điểm danh .,ít điểm danh .
3,thầy không khắt khe với sinh viên .,thầy không khắt khe với sinh viên .,thầy không khắt khe với sinh viên .
1,lúc thầy giảng chung cả lớp rất khó để các bạn dưới lớp nghe được giọng thầy .,lúc thầy giảng chung cả lớp rất khó để các bạn dưới lớp nghe được giọng thầy .,lúc thầy giảng chung cả lớp rất khó để các bạn dưới lớp nghe được giọng thầy .
1,việc phân chia nhóm không hợp lý dẫn tới chất lượng học tập không tốt .,việc phân chia nhóm không hợp lý dẫn tới chất lượng học tập không tốt .,việc phân chia nhóm không hợp lý dẫn tới chất lượng học tập không tốt .
2,không ý kiến thêm .,không ý kiến thêm .,không ý kiến thêm .
1,chỉ có học lý thuyết .,chỉ có học lý thuyết .,chỉ có học lý thuyết .
3,chúc thầy sức khỏe và thành công .,chúc thầy sức khỏe và thành công .,chúc thầy sức khỏe và thành công .
2,hóa hợp với sinh viên hơn .,hóa hợp với sinh viên hơn .,hóa hợp với sinh viên hơn .
3,kiến thức học khá vừa sức với sinh viên .,kiến thức học khá vừa sức với sinh viên .,kiến thức học khá vừa sức với sinh viên .
3,tôi nghĩ thầy là một người tốt và thân thiện .,tôi nghĩ thầy là một người tốt và thân thiện .,tôi nghĩ thầy là một người tốt và thân thiện .
3,thầy thân thiện và nhiệt tình .,thầy thân thiện và nhiệt tình .,thầy thân thiện và nhiệt tình .
2,học đều đặn .,học đều đặn .,học đều đặn .
3,cô rất tận tình giúp đỡ chúng em trong học tập .,cô rất tận tình giúp đỡ chúng em trong học tập .,cô rất tận tình giúp đỡ chúng em trong học tập .
3,thầy truyền cảm hứng học cho các em cũng như sự chân thành truyền đạt của thầy thật quý báu .,thầy truyền cảm hứng học cho các em cũng như sự chân thành truyền đạt của thầy thật quý báu .,thầy truyền cảm hứng học cho các em cũng như sự chân thành truyền đạt của thầy thật quý báu .
2,mỗi khi lấy micro lại phải lấy thêm cả loa .,mỗi khi lấy micro lại phải lấy thêm cả loa .,mỗi khi lấy micro lại phải lấy thêm cả loa .
1,"nhiều điều cô dạy hơi nhanh , cô nên cho làm thêm nhiều bài tập nữa .","nhiều điều cô dạy hơi nhanh , cô nên cho làm thêm nhiều bài tập nữa .","nhiều điều cô dạy hơi nhanh , cô nên cho làm thêm nhiều bài tập nữa ."
3,"thầy trẻ , hiền , dạy dễ hiểu .","thầy trẻ , hiền , dạy dễ hiểu .","thầy trẻ , hiền , dạy dễ hiểu ."
1,học kỳ này học phần của em không có giáo viên này giảng dạy .,học kỳ này học phần của em không có giáo viên này giảng dạy .,học kỳ này học phần của em không có giáo viên này giảng dạy .
1,chưa hiệu quả .,chưa hiệu quả .,chưa hiệu quả .
3,"giải đáp các thắc mắc của sinh viên , hướng dẫn , theo dõi và giám sát sinh viên trong lúc thực hành .","giải đáp các thắc mắc của sinh viên , hướng dẫn , theo dõi và giám sát sinh viên trong lúc thực hành .","giải đáp các thắc mắc của sinh viên , hướng dẫn , theo dõi và giám sát sinh viên trong lúc thực hành ."
3,giảng viên nhiệt tình trong quá trình giảng dạy và hướng dẫn sinh viên .,giảng viên nhiệt tình trong quá trình giảng dạy và hướng dẫn sinh viên .,giảng viên nhiệt tình trong quá trình giảng dạy và hướng dẫn sinh viên .
2,"ví dụ đề tài của em là doubledot các nguyên lý cơ bản , bao gồm 7 nguyên tắc của bohm ( 1983 ) .","ví dụ đề tài của em là doubledot các nguyên lý cơ bản , bao gồm 7 nguyên tắc của bohm ( 1983 ) .","ví dụ đề tài của em là doubledot các nguyên lý cơ bản , bao gồm 7 nguyên tắc của bohm ( 1983 ) ."
2,"hiếm có môn học nào mà hình thức kiểm tra bao gồm cả việc thi giữa kỳ , cuối kỳ , thực hành lẫn làm đồ án môn học .","hiếm có môn học nào mà hình thức kiểm tra bao gồm cả việc thi giữa kỳ , cuối kỳ , thực hành lẫn làm đồ án môn học .","hiếm có môn học nào mà hình thức kiểm tra bao gồm cả việc thi giữa kỳ , cuối kỳ , thực hành lẫn làm đồ án môn học ."
3,"tích cực sử dụng hiệu quả trang moodle để cung cấp thông tin , dữ liệu .","tích cực sử dụng hiệu quả trang moodle để cung cấp thông tin , dữ liệu .","tích cực sử dụng hiệu quả trang moodle để cung cấp thông tin , dữ liệu ."
2,hình dung chưa ?,hình dung chưa ?,hình dung chưa ?
1,thầy theo chế độ trọng nam khinh nữ doubledot các câu hỏi dành cho nữ nhiều hơn dành cho nam .,thầy theo chế độ trọng nam khinh nữ doubledot các câu hỏi dành cho nữ nhiều hơn dành cho nam .,thầy theo chế độ trọng nam khinh nữ doubledot các câu hỏi dành cho nữ nhiều hơn dành cho nam .
3,ok hết .,ok hết .,ok hết .
2,em cảm ơn ?,em cảm ơn ?,em cảm ơn ?
3,"nhiệt tình , giảng dạy có hiệu quả cao .","nhiệt tình , giảng dạy có hiệu quả cao .","nhiệt tình , giảng dạy có hiệu quả cao ."
1,"thầy nghỉ không báo trước quá nhiều , số buổi lên lớp 50% .","thầy nghỉ không báo trước quá nhiều , số buổi lên lớp 50% .","thầy nghỉ không báo trước quá nhiều , số buổi lên lớp 50% ."
2,em xin góp ý như thế ạ .,em xin góp ý như thế ạ .,em xin góp ý như thế ạ .
1,nên cho chơi trò chơi về anh văn thật nhiều để có hứng thú nhiều hơn nữa .,nên cho chơi trò chơi về anh văn thật nhiều để có hứng thú nhiều hơn nữa .,nên cho chơi trò chơi về anh văn thật nhiều để có hứng thú nhiều hơn nữa .
2,"do học kỳ này em không thể đến lớp học môn này , nên em không thể đưa ra ý kiến gì thêm .","do học kỳ này em không thể đến lớp học môn này , nên em không thể đưa ra ý kiến gì thêm .","do học kỳ này em không thể đến lớp học môn này , nên em không thể đưa ra ý kiến gì thêm ."
2,cô dạy hay nhưng hơi nhanh .,cô dạy hay nhưng hơi nhanh .,cô dạy hay nhưng hơi nhanh .
1,"có thể do thầy bận việc nên việc dạy học trên lớp không được ổn định , dẫn tới việc học bù nhiều , mong thầy sắp xếp ổn thỏa hơn nữa do không phải khi nào em cũng học được nhiều buổi học bù như vậy .","có thể do thầy bận việc nên việc dạy học trên lớp không được ổn định , dẫn tới việc học bù nhiều , mong thầy sắp xếp ổn thỏa hơn nữa do không phải khi nào em cũng học được nhiều buổi học bù như vậy .","có thể do thầy bận việc nên việc dạy học trên lớp không được ổn định , dẫn tới việc học bù nhiều , mong thầy sắp xếp ổn thỏa hơn nữa do không phải khi nào em cũng học được nhiều buổi học bù như vậy ."
2,cảm ơn .,cảm ơn .,cảm ơn .
1,cần giảng kỹ hơn nữa .,cần giảng kỹ hơn nữa .,cần giảng kỹ hơn nữa .
1,thực trạng chung là giảng viên dạy thực hành ở trường chưa thật sự tận tâm giúp sinh viên nâng cao kỹ năng thực hành của môn học đó .,thực trạng chung là giảng viên dạy thực hành ở trường chưa thật sự tận tâm giúp sinh viên nâng cao kỹ năng thực hành của môn học đó .,thực trạng chung là giảng viên dạy thực hành ở trường chưa thật sự tận tâm giúp sinh viên nâng cao kỹ năng thực hành của môn học đó .
3,thầy dạy rất tốt .,thầy dạy rất tốt .,thầy dạy rất tốt .
1,ida pro 64-bit hoàn toàn có thể phân tích các file thực thi 32-bit nhưng các thanh ghi phức tạp hơn nhiều thay cho ida pro 64-bit không phân tích được cái file thực thi 32-bit colonsmile .,ida pro 64-bit hoàn toàn có thể phân tích các file thực thi 32-bit nhưng các thanh ghi phức tạp hơn nhiều thay cho ida pro 64-bit không phân tích được cái file thực thi 32-bit colonsmile .,ida pro 64-bit hoàn toàn có thể phân tích các file thực thi 32-bit nhưng các thanh ghi phức tạp hơn nhiều thay cho ida pro 64-bit không phân tích được cái file thực thi 32-bit colonsmile .
3,"thầy dạy hay , vui tính , hiểu tâm lý sinh viên , thích thầy nhất .","thầy dạy hay , vui tính , hiểu tâm lý sinh viên , thích thầy nhất .","thầy dạy hay , vui tính , hiểu tâm lý sinh viên , thích thầy nhất ."
1,cần nên cho bài tập về nhà .,cần nên cho bài tập về nhà .,cần nên cho bài tập về nhà .
1,"thầy giảng hơi khó hiểu , lên lớp hơi muộn , chưa đúng giờ .","thầy giảng hơi khó hiểu , lên lớp hơi muộn , chưa đúng giờ .","thầy giảng hơi khó hiểu , lên lớp hơi muộn , chưa đúng giờ ."
2,giảng viên giảng dạy theo đúng thời gian môn học .,giảng viên giảng dạy theo đúng thời gian môn học .,giảng viên giảng dạy theo đúng thời gian môn học .
1,cô giảng hơi nhanh và khó nghe .,cô giảng hơi nhanh và khó nghe .,cô giảng hơi nhanh và khó nghe .
3,cô hướng dẫn về cách thuyết trình rất hay .,cô hướng dẫn về cách thuyết trình rất hay .,cô hướng dẫn về cách thuyết trình rất hay .
3,thầy giảng bài kỹ !,thầy giảng bài kỹ !,thầy giảng bài kỹ !
3,cách thầy dạy học rất hay !,cách thầy dạy học rất hay !,cách thầy dạy học rất hay !
3,"thầy dạy dễ hiểu , rất nhiệt tình trả lời giải đáp của sinh viên .","thầy dạy dễ hiểu , rất nhiệt tình trả lời giải đáp của sinh viên .","thầy dạy dễ hiểu , rất nhiệt tình trả lời giải đáp của sinh viên ."
2,không có ý kiến .,không có ý kiến .,không có ý kiến .
2,"hình thức đánh giá , chấm điểm giữa các nhóm , đánh giá bản thân , nhóm khách hàng .","hình thức đánh giá , chấm điểm giữa các nhóm , đánh giá bản thân , nhóm khách hàng .","hình thức đánh giá , chấm điểm giữa các nhóm , đánh giá bản thân , nhóm khách hàng ."
1,cần cho sinh viên thảo luận nhiều hơn .,cần cho sinh viên thảo luận nhiều hơn .,cần cho sinh viên thảo luận nhiều hơn .
1,chưa thực sự tốt .,chưa thực sự tốt .,chưa thực sự tốt .
2,không rõ .,không rõ .,không rõ .
1,cách giảng dạy còn hơi nhanh và lý thuyết mới nhiều nên đôi lúc gây buồn ngủ .,cách giảng dạy còn hơi nhanh và lý thuyết mới nhiều nên đôi lúc gây buồn ngủ .,cách giảng dạy còn hơi nhanh và lý thuyết mới nhiều nên đôi lúc gây buồn ngủ .
3,"giảng viên dạy tốt , nhiệt tình .","giảng viên dạy tốt , nhiệt tình .","giảng viên dạy tốt , nhiệt tình ."
3,khả năng truyền đạt dễ hiểu .,khả năng truyền đạt dễ hiểu .,khả năng truyền đạt dễ hiểu .
1,"lý do doubledot "" thầy quên "" .","lý do doubledot "" thầy quên "" .","lý do doubledot "" thầy quên "" ."
1,tăng cường thêm thiết bị để môn học được hiệu quả .,tăng cường thêm thiết bị để môn học được hiệu quả .,tăng cường thêm thiết bị để môn học được hiệu quả .
2,không có .,không có .,không có .
3,em cảm thấy nó rất hữu ích cho chúng em sau này .,em cảm thấy nó rất hữu ích cho chúng em sau này .,em cảm thấy nó rất hữu ích cho chúng em sau này .
1,"cơ sở dữ liệu năm nay đã kết hợp với thiết kế cơ sở dữ liệu rồi , kiến thức nhiều mà thi có phần trắc nghiệm nữa thì đánh giá kiến thức học được chưa đảm bảo cho lắm ạ .","cơ sở dữ liệu năm nay đã kết hợp với thiết kế cơ sở dữ liệu rồi , kiến thức nhiều mà thi có phần trắc nghiệm nữa thì đánh giá kiến thức học được chưa đảm bảo cho lắm ạ .","cơ sở dữ liệu năm nay đã kết hợp với thiết kế cơ sở dữ liệu rồi , kiến thức nhiều mà thi có phần trắc nghiệm nữa thì đánh giá kiến thức học được chưa đảm bảo cho lắm ạ ."
2,không !,không !,không !
2,"thực sự thì giảng viên này không dạy lớp em , nên những đánh giá em chọn mặc định mức độ 3 .","thực sự thì giảng viên này không dạy lớp em , nên những đánh giá em chọn mặc định mức độ 3 .","thực sự thì giảng viên này không dạy lớp em , nên những đánh giá em chọn mặc định mức độ 3 ."
1,"thầy dạy hay , tuy nhiên còn nhiều chỗ chưa thật sự giải đáp hoàn toàn cho sinh viên vì chưa đủ thời gian .","thầy dạy hay , tuy nhiên còn nhiều chỗ chưa thật sự giải đáp hoàn toàn cho sinh viên vì chưa đủ thời gian .","thầy dạy hay , tuy nhiên còn nhiều chỗ chưa thật sự giải đáp hoàn toàn cho sinh viên vì chưa đủ thời gian ."
1,ít chú trọng phần ngữ pháp .,ít chú trọng phần ngữ pháp .,ít chú trọng phần ngữ pháp .
2,em xin hết ạ !,em xin hết ạ !,em xin hết ạ !
2,không có ý kiến !,không có ý kiến !,không có ý kiến !
2,"nếu được , thầy kể thêm truyện ngày xưa vào những lúc giải lao .","nếu được , thầy kể thêm truyện ngày xưa vào những lúc giải lao .","nếu được , thầy kể thêm truyện ngày xưa vào những lúc giải lao ."
3,sinh viên bọn em không chỉ được thực hành những kiến thức ở lớp lý thuyết mà còn được đi sâu hơn và được biết thêm những kiến thức mới .,sinh viên bọn em không chỉ được thực hành những kiến thức ở lớp lý thuyết mà còn được đi sâu hơn và được biết thêm những kiến thức mới .,sinh viên bọn em không chỉ được thực hành những kiến thức ở lớp lý thuyết mà còn được đi sâu hơn và được biết thêm những kiến thức mới .
3,giảng giải tốt vấn đề được đề cập đến .,giảng giải tốt vấn đề được đề cập đến .,giảng giải tốt vấn đề được đề cập đến .
2,hoàn toàn không có ý kiến .,hoàn toàn không có ý kiến .,hoàn toàn không có ý kiến .
1,"không nắm được thực lực , bài tập quá sức với sinh viên .","không nắm được thực lực , bài tập quá sức với sinh viên .","không nắm được thực lực , bài tập quá sức với sinh viên ."
3,giảng dạy tập trung .,giảng dạy tập trung .,giảng dạy tập trung .
1,trợ giảng dạy không hiểu gì .,trợ giảng dạy không hiểu gì .,trợ giảng dạy không hiểu gì .
3,phong cách dạy hiệu quả .,phong cách dạy hiệu quả .,phong cách dạy hiệu quả .
3,"giảng viên giảng dạy nhiệt tình , phương pháp dạy hay .","giảng viên giảng dạy nhiệt tình , phương pháp dạy hay .","giảng viên giảng dạy nhiệt tình , phương pháp dạy hay ."
1,thêm thời lượng môn học .,thêm thời lượng môn học .,thêm thời lượng môn học .
1,giáo viên thường xuyên cho nghỉ học .,giáo viên thường xuyên cho nghỉ học .,giáo viên thường xuyên cho nghỉ học .
3,điều em hài lòng nhất đó là giảng viên giảng bài rất dễ hiểu và lưu ý được những lỗi thường xảy ra khi làm bài tập .,điều em hài lòng nhất đó là giảng viên giảng bài rất dễ hiểu và lưu ý được những lỗi thường xảy ra khi làm bài tập .,điều em hài lòng nhất đó là giảng viên giảng bài rất dễ hiểu và lưu ý được những lỗi thường xảy ra khi làm bài tập .
2,quan tâm .,quan tâm .,quan tâm .
3,"cô nhiệt tình , có chia sẻ một số kinh nghiệm hữu ích trong ngành .","cô nhiệt tình , có chia sẻ một số kinh nghiệm hữu ích trong ngành .","cô nhiệt tình , có chia sẻ một số kinh nghiệm hữu ích trong ngành ."
1,phòng học oi bức .,phòng học oi bức .,phòng học oi bức .
1,"cần nâng cấp hệ thống wifi , vì khi vào phòng thực hành , sinh viên không thể truy cập internet , buộc phải xin phép ra ngoài để làm bài .","cần nâng cấp hệ thống wifi , vì khi vào phòng thực hành , sinh viên không thể truy cập internet , buộc phải xin phép ra ngoài để làm bài .","cần nâng cấp hệ thống wifi , vì khi vào phòng thực hành , sinh viên không thể truy cập internet , buộc phải xin phép ra ngoài để làm bài ."
2,em chỉ có góp ý nho nhỏ đó thôi ạ .,em chỉ có góp ý nho nhỏ đó thôi ạ .,em chỉ có góp ý nho nhỏ đó thôi ạ .
1,thầy khá bận nên thời gian lên lớp không nhiều .,thầy khá bận nên thời gian lên lớp không nhiều .,thầy khá bận nên thời gian lên lớp không nhiều .
1,giảng viên nên cung cấp tài liệu học tập cho sinh viên !,giảng viên nên cung cấp tài liệu học tập cho sinh viên !,giảng viên nên cung cấp tài liệu học tập cho sinh viên !
2,mặc dù điểm thi em không cao do em làm bài không dò lại coloncontemn .,mặc dù điểm thi em không cao do em làm bài không dò lại coloncontemn .,mặc dù điểm thi em không cao do em làm bài không dò lại coloncontemn .
1,"nội dung đồ án doubledot không nên quá rộng , nên cô đọng những điểm quan trọng , và nên cho làm từ bước phân tích yêu cầu đến khi hoàn thành đồ án .","nội dung đồ án doubledot không nên quá rộng , nên cô đọng những điểm quan trọng , và nên cho làm từ bước phân tích yêu cầu đến khi hoàn thành đồ án .","nội dung đồ án doubledot không nên quá rộng , nên cô đọng những điểm quan trọng , và nên cho làm từ bước phân tích yêu cầu đến khi hoàn thành đồ án ."
2,ra đề thực hành sát với nội dung ôn tập .,ra đề thực hành sát với nội dung ôn tập .,ra đề thực hành sát với nội dung ôn tập .
3,"nhiệt tình với sinh viên , có kiến thức tốt .","nhiệt tình với sinh viên , có kiến thức tốt .","nhiệt tình với sinh viên , có kiến thức tốt ."
1,em thấy môn này nhiều lý thuyết không đáp ứng đủ trong việc làm đồ án .,em thấy môn này nhiều lý thuyết không đáp ứng đủ trong việc làm đồ án .,em thấy môn này nhiều lý thuyết không đáp ứng đủ trong việc làm đồ án .
2,"đi thực tập , đến công ty kaydotvn để làm việc và học .","đi thực tập , đến công ty kaydotvn để làm việc và học .","đi thực tập , đến công ty kaydotvn để làm việc và học ."
3,thầy rất thiếu nhiệt tình .,thầy rất thiếu nhiệt tình .,thầy rất thiếu nhiệt tình .
2,học nhóm .,học nhóm .,học nhóm .
3,giảng viên nhiệt tình trong khi dạy .,giảng viên nhiệt tình trong khi dạy .,giảng viên nhiệt tình trong khi dạy .
2,bình thường với giảng viên .,bình thường với giảng viên .,bình thường với giảng viên .
3,cho làm bài tập vận dụng kiến thức thường xuyên .,cho làm bài tập vận dụng kiến thức thường xuyên .,cho làm bài tập vận dụng kiến thức thường xuyên .
1,"thời gian các buổi học , thông báo nghỉ chưa chính xác .","thời gian các buổi học , thông báo nghỉ chưa chính xác .","thời gian các buổi học , thông báo nghỉ chưa chính xác ."
3,cô rất tận tâm và nhiệt huyết .,cô rất tận tâm và nhiệt huyết .,cô rất tận tâm và nhiệt huyết .
1,mong thầy cố gắng trong các học kỳ sau .,mong thầy cố gắng trong các học kỳ sau .,mong thầy cố gắng trong các học kỳ sau .
1,nhưng vẫn đạt điểm cao .,nhưng vẫn đạt điểm cao .,nhưng vẫn đạt điểm cao .
2,môn này cũng được nghe thầy nói của chỉ có ở trường chúng ta .,môn này cũng được nghe thầy nói của chỉ có ở trường chúng ta .,môn này cũng được nghe thầy nói của chỉ có ở trường chúng ta .
2,dùng hệ thống we code .,dùng hệ thống we code .,dùng hệ thống we code .
2,nghiêm túc .,nghiêm túc .,nghiêm túc .
2,tất cả các hoạt động .,tất cả các hoạt động .,tất cả các hoạt động .
3,rất thích cô wzjwz108 vì cô dạy hứng thú và hay .,rất thích cô wzjwz108 vì cô dạy hứng thú và hay .,rất thích cô wzjwz108 vì cô dạy hứng thú và hay .
3,thầy wzjwz63 đưa ra những đề tài rất hay .,thầy wzjwz63 đưa ra những đề tài rất hay .,thầy wzjwz63 đưa ra những đề tài rất hay .
2,em cảm ơn thầy đã đọc ạ .,em cảm ơn thầy đã đọc ạ .,em cảm ơn thầy đã đọc ạ .
3,ngắn gọn .,ngắn gọn .,ngắn gọn .
1,"bên cạnh vấn đề phát âm lỗi , còn là vấn để truyền đạt , thật sự nó rất chán và buồn ngủ , lượng sinh viên đăng ký thì lớn hơn 50 bạn , mà thực trạng đi học thì chỉ khoảng 20 - 25 bạn !","bên cạnh vấn đề phát âm lỗi , còn là vấn để truyền đạt , thật sự nó rất chán và buồn ngủ , lượng sinh viên đăng ký thì lớn hơn 50 bạn , mà thực trạng đi học thì chỉ khoảng 20 - 25 bạn !","bên cạnh vấn đề phát âm lỗi , còn là vấn để truyền đạt , thật sự nó rất chán và buồn ngủ , lượng sinh viên đăng ký thì lớn hơn 50 bạn , mà thực trạng đi học thì chỉ khoảng 20 - 25 bạn !"
1,bởi vì môn giải thuật là môn khô khan và khó học nên em mong thầy làm cách nào đó để khiến sinh viên hứng thú học và đến lớp hơn .,bởi vì môn giải thuật là môn khô khan và khó học nên em mong thầy làm cách nào đó để khiến sinh viên hứng thú học và đến lớp hơn .,bởi vì môn giải thuật là môn khô khan và khó học nên em mong thầy làm cách nào đó để khiến sinh viên hứng thú học và đến lớp hơn .
1,cần làm nhiều bài tập .,cần làm nhiều bài tập .,cần làm nhiều bài tập .
1,"giáo trình hiện tại khá trừu tượng và khó hiểu , kiến thức khá khó với những lý thuyết căn bản mà sinh viên có thể hiểu .","giáo trình hiện tại khá trừu tượng và khó hiểu , kiến thức khá khó với những lý thuyết căn bản mà sinh viên có thể hiểu .","giáo trình hiện tại khá trừu tượng và khó hiểu , kiến thức khá khó với những lý thuyết căn bản mà sinh viên có thể hiểu ."
3,"anh này dạy dễ hiểu , vui tính , nhiệt tình , dễ thương .","anh này dạy dễ hiểu , vui tính , nhiệt tình , dễ thương .","anh này dạy dễ hiểu , vui tính , nhiệt tình , dễ thương ."
3,"dễ hiểu , tận tâm , nhiệt huyết , tạo bầu không khí trong lớp học .","dễ hiểu , tận tâm , nhiệt huyết , tạo bầu không khí trong lớp học .","dễ hiểu , tận tâm , nhiệt huyết , tạo bầu không khí trong lớp học ."
1,"project môn học thầy wzjwz180 yêu cầu làm ở mức độ tìm hiểu , nhưng lúc lên báo với thầy wzjwz181 thì thầy không chấp nhận .","project môn học thầy wzjwz180 yêu cầu làm ở mức độ tìm hiểu , nhưng lúc lên báo với thầy wzjwz181 thì thầy không chấp nhận .","project môn học thầy wzjwz180 yêu cầu làm ở mức độ tìm hiểu , nhưng lúc lên báo với thầy wzjwz181 thì thầy không chấp nhận ."
2,"thấy cái gì cũng ổn , không đáng chê cũng không đáng khen .","thấy cái gì cũng ổn , không đáng chê cũng không đáng khen .","thấy cái gì cũng ổn , không đáng chê cũng không đáng khen ."
2,có nhiều cái mới khi học môn của thầy .,có nhiều cái mới khi học môn của thầy .,có nhiều cái mới khi học môn của thầy .
1,tăng thời gian lên lớp .,tăng thời gian lên lớp .,tăng thời gian lên lớp .
2,điểm danh thường xuyên .,điểm danh thường xuyên .,điểm danh thường xuyên .
3,thầy có phần demo code giúp sinh viên dễ hiểu .,thầy có phần demo code giúp sinh viên dễ hiểu .,thầy có phần demo code giúp sinh viên dễ hiểu .
3,giảng viên nói dễ nghe .,giảng viên nói dễ nghe .,giảng viên nói dễ nghe .
2,có nhiều bài tập .,có nhiều bài tập .,có nhiều bài tập .
3,"thầy dạy dễ hiểu , rất hay .","thầy dạy dễ hiểu , rất hay .","thầy dạy dễ hiểu , rất hay ."
2,listening .,listening .,listening .
3,"dạy dễ hiểu , nhiệt tình .","dạy dễ hiểu , nhiệt tình .","dạy dễ hiểu , nhiệt tình ."
2,em ít khi lên lớp .,em ít khi lên lớp .,em ít khi lên lớp .
2,giảng viên chấm bài quy chụp theo kết quả .,giảng viên chấm bài quy chụp theo kết quả .,giảng viên chấm bài quy chụp theo kết quả .
3,"tác phong và phương pháp giảng bài hiện đại , gần gũi , dễ tiếp thu .","tác phong và phương pháp giảng bài hiện đại , gần gũi , dễ tiếp thu .","tác phong và phương pháp giảng bài hiện đại , gần gũi , dễ tiếp thu ."
2,giảng viên giải đề các năm trước .,giảng viên giải đề các năm trước .,giảng viên giải đề các năm trước .
3,thầy giảng tận tâm .,thầy giảng tận tâm .,thầy giảng tận tâm .
2,bài tập làm đầy đủ .,bài tập làm đầy đủ .,bài tập làm đầy đủ .
3,thầy wzjwz269 không chỉ dạy em kiến thức chuyên môn mà còn cả tầm nhìn bên ngoài xã hội .,thầy wzjwz269 không chỉ dạy em kiến thức chuyên môn mà còn cả tầm nhìn bên ngoài xã hội .,thầy wzjwz269 không chỉ dạy em kiến thức chuyên môn mà còn cả tầm nhìn bên ngoài xã hội .
1,"thầy nên dạy kỹ hơn và giảng lại chậm , em thấy thầy dạy quá nhanh , em cảm ơn ạ .","thầy nên dạy kỹ hơn và giảng lại chậm , em thấy thầy dạy quá nhanh , em cảm ơn ạ .","thầy nên dạy kỹ hơn và giảng lại chậm , em thấy thầy dạy quá nhanh , em cảm ơn ạ ."
3,"giảng viên có trình bày một số vấn đề thực tiễn hữu ích , khích lệ những sinh viên tích cực , phong cách giảng dạy thân thiện tuy có phần lãnh đạm , dễ gây buồn ngủ .","giảng viên có trình bày một số vấn đề thực tiễn hữu ích , khích lệ những sinh viên tích cực , phong cách giảng dạy thân thiện tuy có phần lãnh đạm , dễ gây buồn ngủ .","giảng viên có trình bày một số vấn đề thực tiễn hữu ích , khích lệ những sinh viên tích cực , phong cách giảng dạy thân thiện tuy có phần lãnh đạm , dễ gây buồn ngủ ."
3,thầy tránh phương pháp đưa công thức và đưa các ví dụ sinh động .,thầy tránh phương pháp đưa công thức và đưa các ví dụ sinh động .,thầy tránh phương pháp đưa công thức và đưa các ví dụ sinh động .
2,biết về các công cụ quản lý cấu hình và quản lý dự án theo agile .,biết về các công cụ quản lý cấu hình và quản lý dự án theo agile .,biết về các công cụ quản lý cấu hình và quản lý dự án theo agile .
3,hoàn hảo !,hoàn hảo !,hoàn hảo !
3,"thầy dạy rất tốt , em cho 10 điểm .","thầy dạy rất tốt , em cho 10 điểm .","thầy dạy rất tốt , em cho 10 điểm ."
2,nghiêm .,nghiêm .,nghiêm .
2,em xin chân thành cảm ơn !,em xin chân thành cảm ơn !,em xin chân thành cảm ơn !
1,thêm hệ thống ổ điện ngầm dưới nền nhà để tiện cho việc sinh viên có thể cắm laptop phục vụ học tập .,thêm hệ thống ổ điện ngầm dưới nền nhà để tiện cho việc sinh viên có thể cắm laptop phục vụ học tập .,thêm hệ thống ổ điện ngầm dưới nền nhà để tiện cho việc sinh viên có thể cắm laptop phục vụ học tập .
1,thầy nên nhiệt tình chút xíu .,thầy nên nhiệt tình chút xíu .,thầy nên nhiệt tình chút xíu .
3,cô giảng bài và hướng dẫn làm bài nhiệt tình .,cô giảng bài và hướng dẫn làm bài nhiệt tình .,cô giảng bài và hướng dẫn làm bài nhiệt tình .
1,nên để giáo viên có kinh nghiệm dạy môn này .,nên để giáo viên có kinh nghiệm dạy môn này .,nên để giáo viên có kinh nghiệm dạy môn này .
3,"cô giáo thân thiện , giảng dạy nhiệt tình dễ hiểu và vui tính .","cô giáo thân thiện , giảng dạy nhiệt tình dễ hiểu và vui tính .","cô giáo thân thiện , giảng dạy nhiệt tình dễ hiểu và vui tính ."
3,rất hữu ích .,rất hữu ích .,rất hữu ích .
2,cách thức truyền đạt của giáo viên .,cách thức truyền đạt của giáo viên .,cách thức truyền đạt của giáo viên .
1,phòng thí nghiệm môn này cần được nâng cấp và mở rộng .,phòng thí nghiệm môn này cần được nâng cấp và mở rộng .,phòng thí nghiệm môn này cần được nâng cấp và mở rộng .
3,có các phương pháp dạy tốt .,có các phương pháp dạy tốt .,có các phương pháp dạy tốt .
1,giảng viên giảng khá nhanh .,giảng viên giảng khá nhanh .,giảng viên giảng khá nhanh .
2,điểm .,điểm .,điểm .
1,"ít tương tác với sinh viên khi dạy , không thông báo cụ thể đồ án phải làm những gì , không thông báo ngày báo cáo cũng như hỏi han tiến độ đồ án .","ít tương tác với sinh viên khi dạy , không thông báo cụ thể đồ án phải làm những gì , không thông báo ngày báo cáo cũng như hỏi han tiến độ đồ án .","ít tương tác với sinh viên khi dạy , không thông báo cụ thể đồ án phải làm những gì , không thông báo ngày báo cáo cũng như hỏi han tiến độ đồ án ."
3,sữa lỗi cho sinh viên .,sữa lỗi cho sinh viên .,sữa lỗi cho sinh viên .
1,"slide môn học hoặc các tài liệu cần rõ ràng hơn nữa , nhiều phần rất khó hiểu nhưng lại rất ít kiến thức về nó , làm sinh viên không thể hiểu được bản chất của bài đó .","slide môn học hoặc các tài liệu cần rõ ràng hơn nữa , nhiều phần rất khó hiểu nhưng lại rất ít kiến thức về nó , làm sinh viên không thể hiểu được bản chất của bài đó .","slide môn học hoặc các tài liệu cần rõ ràng hơn nữa , nhiều phần rất khó hiểu nhưng lại rất ít kiến thức về nó , làm sinh viên không thể hiểu được bản chất của bài đó ."
2,chỉ là đôi khi thầy hơi nóng tính lúc làm việc .,chỉ là đôi khi thầy hơi nóng tính lúc làm việc .,chỉ là đôi khi thầy hơi nóng tính lúc làm việc .
1,đầu tư thêm nhiều thiết bị .,đầu tư thêm nhiều thiết bị .,đầu tư thêm nhiều thiết bị .
1,môi trường không đảm bảo an toàn cho sức khỏe .,môi trường không đảm bảo an toàn cho sức khỏe .,môi trường không đảm bảo an toàn cho sức khỏe .
1,"thầy không cung cấp đủ tài liệu trên website môn học , toàn bộ tài liệu sinh viên phải đi nhờ mấy bạn lớp khác để có tài liệu mà học .","thầy không cung cấp đủ tài liệu trên website môn học , toàn bộ tài liệu sinh viên phải đi nhờ mấy bạn lớp khác để có tài liệu mà học .","thầy không cung cấp đủ tài liệu trên website môn học , toàn bộ tài liệu sinh viên phải đi nhờ mấy bạn lớp khác để có tài liệu mà học ."
1,nói chuyện hơi khó nghe .,nói chuyện hơi khó nghe .,nói chuyện hơi khó nghe .
2,thân mến .,thân mến .,thân mến .
2,một số bài tập đưa ra trên lớp và đợi sinh viên giải xong mới giải .,một số bài tập đưa ra trên lớp và đợi sinh viên giải xong mới giải .,một số bài tập đưa ra trên lớp và đợi sinh viên giải xong mới giải .
2,sau khi thi kỳ thi cuối kỳ vừa rồi .,sau khi thi kỳ thi cuối kỳ vừa rồi .,sau khi thi kỳ thi cuối kỳ vừa rồi .
2,không có gì ạ .,không có gì ạ .,không có gì ạ .
3,"thưa , thầy thực sự chuyên tâm trong quá trình giảng dạy và các bài tập thầy đưa rất bổ ích , mang tính thực tiễn .","thưa , thầy thực sự chuyên tâm trong quá trình giảng dạy và các bài tập thầy đưa rất bổ ích , mang tính thực tiễn .","thưa , thầy thực sự chuyên tâm trong quá trình giảng dạy và các bài tập thầy đưa rất bổ ích , mang tính thực tiễn ."
1,giáo trình môn học nên cập nhật thường xuyên .,giáo trình môn học nên cập nhật thường xuyên .,giáo trình môn học nên cập nhật thường xuyên .
1,thầy không vui tính .,thầy không vui tính .,thầy không vui tính .
3,chu đáo nhiệt tình .,chu đáo nhiệt tình .,chu đáo nhiệt tình .
1,tăng cường giảng viên hỗ trợ thực hành .,tăng cường giảng viên hỗ trợ thực hành .,tăng cường giảng viên hỗ trợ thực hành .
1,giảng viên giảng bài hơi khó hiểu .,giảng viên giảng bài hơi khó hiểu .,giảng viên giảng bài hơi khó hiểu .
2,có tương tác với sinh viên .,có tương tác với sinh viên .,có tương tác với sinh viên .
2,chưa có .,chưa có .,chưa có .
3,theo em thầy chính là mẫu mực của một nhà giáo thực thụ .,theo em thầy chính là mẫu mực của một nhà giáo thực thụ .,theo em thầy chính là mẫu mực của một nhà giáo thực thụ .
1,lớp được nghỉ liên tục .,lớp được nghỉ liên tục .,lớp được nghỉ liên tục .
1,học gần công trình thì công thật không thể chịu nổi .,học gần công trình thì công thật không thể chịu nổi .,học gần công trình thì công thật không thể chịu nổi .
1,không nên dạy theo phương pháp như ở bậc phổ thông mà nên chú trọng vào rèn luyện đầy đủ các kỹ năng chính của môn học .,không nên dạy theo phương pháp như ở bậc phổ thông mà nên chú trọng vào rèn luyện đầy đủ các kỹ năng chính của môn học .,không nên dạy theo phương pháp như ở bậc phổ thông mà nên chú trọng vào rèn luyện đầy đủ các kỹ năng chính của môn học .
3,giảng viên cần trao đổi thêm với sinh viên thông qua website môn học .,giảng viên cần trao đổi thêm với sinh viên thông qua website môn học .,giảng viên cần trao đổi thêm với sinh viên thông qua website môn học .
1,nên tăng hiệu suất của máy .,nên tăng hiệu suất của máy .,nên tăng hiệu suất của máy .
2,"tuy nhiên , em không thể làm khác được .","tuy nhiên , em không thể làm khác được .","tuy nhiên , em không thể làm khác được ."
1,lớp chất lượng cao nhưng lại thiếu thiết bị .,lớp chất lượng cao nhưng lại thiếu thiết bị .,lớp chất lượng cao nhưng lại thiếu thiết bị .
3,"nhiệt tình , cô dễ thương =) .","nhiệt tình , cô dễ thương =) .","nhiệt tình , cô dễ thương =) ."
1,thầy cần hoạt động trao đổi nhiều hơn với sinh viên .,thầy cần hoạt động trao đổi nhiều hơn với sinh viên .,thầy cần hoạt động trao đổi nhiều hơn với sinh viên .
3,"giảng viên có kỹ năng tốt , truyền đạt dễ hiểu , dễ áp dụng .","giảng viên có kỹ năng tốt , truyền đạt dễ hiểu , dễ áp dụng .","giảng viên có kỹ năng tốt , truyền đạt dễ hiểu , dễ áp dụng ."
3,giảng dạy rất tận tình .,giảng dạy rất tận tình .,giảng dạy rất tận tình .
1,cách truyền đạt của cô làm em không hiểu mặc dù cô giảng rất kỹ năng nhưng em cũng không hiểu nổi những gì cô nói .,cách truyền đạt của cô làm em không hiểu mặc dù cô giảng rất kỹ năng nhưng em cũng không hiểu nổi những gì cô nói .,cách truyền đạt của cô làm em không hiểu mặc dù cô giảng rất kỹ năng nhưng em cũng không hiểu nổi những gì cô nói .
1,nhiều nội dung bên lề thầy đề cập lặp lại lần trong các buổi học .,nhiều nội dung bên lề thầy đề cập lặp lại lần trong các buổi học .,nhiều nội dung bên lề thầy đề cập lặp lại lần trong các buổi học .
2,chưa thấy giáo viên bao giờ .,chưa thấy giáo viên bao giờ .,chưa thấy giáo viên bao giờ .
1,"giảng dạy qua loa , mơ hồ , phó thác cho google , luyên thuyên lan man nhiều .","giảng dạy qua loa , mơ hồ , phó thác cho google , luyên thuyên lan man nhiều .","giảng dạy qua loa , mơ hồ , phó thác cho google , luyên thuyên lan man nhiều ."
1,không hiểu cách chấm bài thi của thầy .,không hiểu cách chấm bài thi của thầy .,không hiểu cách chấm bài thi của thầy .
3,"dạy hay , đúng trọng tâm .","dạy hay , đúng trọng tâm .","dạy hay , đúng trọng tâm ."
3,chỉ bài tận tình .,chỉ bài tận tình .,chỉ bài tận tình .
2,kiểm tra thường xuyên .,kiểm tra thường xuyên .,kiểm tra thường xuyên .
2,nope .,nope .,nope .
1,"thầy hay đố quá , tụi em không biết được bao nhiêu colonsurprise !","thầy hay đố quá , tụi em không biết được bao nhiêu colonsurprise !","thầy hay đố quá , tụi em không biết được bao nhiêu colonsurprise !"
1,nội dung hơi nhiều nên giảm bớt lại .,nội dung hơi nhiều nên giảm bớt lại .,nội dung hơi nhiều nên giảm bớt lại .
3,thầy rất đẹp trai colonsmile .,thầy rất đẹp trai colonsmile .,thầy rất đẹp trai colonsmile .
3,"bài giảng tạo sự hứng thú cho sinh viên , giảng viên nhiệt tình .","bài giảng tạo sự hứng thú cho sinh viên , giảng viên nhiệt tình .","bài giảng tạo sự hứng thú cho sinh viên , giảng viên nhiệt tình ."
3,thầy rất quan tâm đến sinh viên .,thầy rất quan tâm đến sinh viên .,thầy rất quan tâm đến sinh viên .
1,"thầy đi trễ , không cho sinh viên làm bài tập nhiều trên lớp , một dạng bài nào đó thầy nói qua rồi thì cho qua luôn .","thầy đi trễ , không cho sinh viên làm bài tập nhiều trên lớp , một dạng bài nào đó thầy nói qua rồi thì cho qua luôn .","thầy đi trễ , không cho sinh viên làm bài tập nhiều trên lớp , một dạng bài nào đó thầy nói qua rồi thì cho qua luôn ."
2,nhiều tiết tự học do sinh viên tự thuyết trình .,nhiều tiết tự học do sinh viên tự thuyết trình .,nhiều tiết tự học do sinh viên tự thuyết trình .
1,"rồi một nhóm thì phải chấm điểm báo cáo cuối kỳ cho 3 nhóm khác , làm phiếu chấm điểm , soạn câu hỏi mà có yêu cầu ra đáp án đồ án của nhóm code chưa tới đâu thì sao mà ngồi đọc source của nhóm khác để code tiếp cho họ .","rồi một nhóm thì phải chấm điểm báo cáo cuối kỳ cho 3 nhóm khác , làm phiếu chấm điểm , soạn câu hỏi mà có yêu cầu ra đáp án đồ án của nhóm code chưa tới đâu thì sao mà ngồi đọc source của nhóm khác để code tiếp cho họ .","rồi một nhóm thì phải chấm điểm báo cáo cuối kỳ cho 3 nhóm khác , làm phiếu chấm điểm , soạn câu hỏi mà có yêu cầu ra đáp án đồ án của nhóm code chưa tới đâu thì sao mà ngồi đọc source của nhóm khác để code tiếp cho họ ."
3,thầy rất chịu khó lắng nghe ý kiến của sinh viên .,thầy rất chịu khó lắng nghe ý kiến của sinh viên .,thầy rất chịu khó lắng nghe ý kiến của sinh viên .
3,học cô có động lực ghê .,học cô có động lực ghê .,học cô có động lực ghê .
2,"chép bài nhiều quá , nhưng không sao .","chép bài nhiều quá , nhưng không sao .","chép bài nhiều quá , nhưng không sao ."
2,dạy đúng giờ .,dạy đúng giờ .,dạy đúng giờ .
3,"đúng chất "" anh "" thầy .","đúng chất "" anh "" thầy .","đúng chất "" anh "" thầy ."
2,môn này chủ yếu là để làm nhóm .,môn này chủ yếu là để làm nhóm .,môn này chủ yếu là để làm nhóm .
1,"thiết bị phòng học z còn nhiều trục trặc , đặc biệt máy chiếu chưa có độ phân giải đủ để học , thường xảy ra trục trặc .","thiết bị phòng học z còn nhiều trục trặc , đặc biệt máy chiếu chưa có độ phân giải đủ để học , thường xảy ra trục trặc .","thiết bị phòng học z còn nhiều trục trặc , đặc biệt máy chiếu chưa có độ phân giải đủ để học , thường xảy ra trục trặc ."
2,thân .,thân .,thân .
3,"nhiệt tình , kiến thức rộng , truyền cảm hứng .","nhiệt tình , kiến thức rộng , truyền cảm hứng .","nhiệt tình , kiến thức rộng , truyền cảm hứng ."
2,"điểm danh , làm bài kiểm tra thường xuyên trong các buổi học .","điểm danh , làm bài kiểm tra thường xuyên trong các buổi học .","điểm danh , làm bài kiểm tra thường xuyên trong các buổi học ."
3,giảng viên rất tận tâm trong việc giảng dạy .,giảng viên rất tận tâm trong việc giảng dạy .,giảng viên rất tận tâm trong việc giảng dạy .
3,"cô giảng bài rất kỹ , có ví dụ minh họa cụ thể .","cô giảng bài rất kỹ , có ví dụ minh họa cụ thể .","cô giảng bài rất kỹ , có ví dụ minh họa cụ thể ."
1,nên lắng nghe sinh viên nói .,nên lắng nghe sinh viên nói .,nên lắng nghe sinh viên nói .
3,luôn giải đáp mọi thắc mắc của sinh viên .,luôn giải đáp mọi thắc mắc của sinh viên .,luôn giải đáp mọi thắc mắc của sinh viên .
2,làm nhóm chỉ nhóm trưởng và lớp trưởng phần công công việc .,làm nhóm chỉ nhóm trưởng và lớp trưởng phần công công việc .,làm nhóm chỉ nhóm trưởng và lớp trưởng phần công công việc .
1,một số bài cô giảng khó hiểu .,một số bài cô giảng khó hiểu .,một số bài cô giảng khó hiểu .
1,gây khó nắm bắt .,gây khó nắm bắt .,gây khó nắm bắt .
1,đề nghị dạy lập trình c trước hoặc song song với môn học này .,đề nghị dạy lập trình c trước hoặc song song với môn học này .,đề nghị dạy lập trình c trước hoặc song song với môn học này .
2,kiến thức truyền đạt của giảng viên .,kiến thức truyền đạt của giảng viên .,kiến thức truyền đạt của giảng viên .
1,cần nhiều bài tập hơn nữa .,cần nhiều bài tập hơn nữa .,cần nhiều bài tập hơn nữa .
3,"giảng viên nhiệt tình , vui vẻ , giờ học vui .","giảng viên nhiệt tình , vui vẻ , giờ học vui .","giảng viên nhiệt tình , vui vẻ , giờ học vui ."
1,giảng viên cần giảng nhiệt tình và làm nhiều ví dụ và bài tập vào từng phần cụ thể hơn nữa .,giảng viên cần giảng nhiệt tình và làm nhiều ví dụ và bài tập vào từng phần cụ thể hơn nữa .,giảng viên cần giảng nhiệt tình và làm nhiều ví dụ và bài tập vào từng phần cụ thể hơn nữa .
3,"thầy có dạy những kiến thức , kinh nghiệm có tính áp dụng lâu dài .","thầy có dạy những kiến thức , kinh nghiệm có tính áp dụng lâu dài .","thầy có dạy những kiến thức , kinh nghiệm có tính áp dụng lâu dài ."
3,"bài tập nhiều , đầy đủ dạng .","bài tập nhiều , đầy đủ dạng .","bài tập nhiều , đầy đủ dạng ."
1,"cung cấp các slide , tài liệu liên quan quá ít .","cung cấp các slide , tài liệu liên quan quá ít .","cung cấp các slide , tài liệu liên quan quá ít ."
3,bài học liên quan tới thực tế .,bài học liên quan tới thực tế .,bài học liên quan tới thực tế .
2,sinh viên thực hiện làm bài tập theo nhóm .,sinh viên thực hiện làm bài tập theo nhóm .,sinh viên thực hiện làm bài tập theo nhóm .
1,mong bộ môn xem xét lại cấu trúc bài thi và chương trình cần dạy .,mong bộ môn xem xét lại cấu trúc bài thi và chương trình cần dạy .,mong bộ môn xem xét lại cấu trúc bài thi và chương trình cần dạy .
2,cô dạy còn hơi nhanh nhưng tụi em vẫn hiểu .,cô dạy còn hơi nhanh nhưng tụi em vẫn hiểu .,cô dạy còn hơi nhanh nhưng tụi em vẫn hiểu .
3,tôi rất thích .,tôi rất thích .,tôi rất thích .
2,mang tính thực tế .,mang tính thực tế .,mang tính thực tế .
1,thầy dạy lý thuyết suông quá ạ .,thầy dạy lý thuyết suông quá ạ .,thầy dạy lý thuyết suông quá ạ .
1,giảng viên chưa tương tác với sinh viên trên các diễn đàn .,giảng viên chưa tương tác với sinh viên trên các diễn đàn .,giảng viên chưa tương tác với sinh viên trên các diễn đàn .
3,giảng viên dạy nhiệt tình dễ hiểu .,giảng viên dạy nhiệt tình dễ hiểu .,giảng viên dạy nhiệt tình dễ hiểu .
1,"thầy hay cho nghỉ , nói chung là không nhớ mặt thầy luôn rồi , thời gian thi không hợp lý , thay đổi giáo viên thường xuyên .","thầy hay cho nghỉ , nói chung là không nhớ mặt thầy luôn rồi , thời gian thi không hợp lý , thay đổi giáo viên thường xuyên .","thầy hay cho nghỉ , nói chung là không nhớ mặt thầy luôn rồi , thời gian thi không hợp lý , thay đổi giáo viên thường xuyên ."
1,"thiếu các thiết bị chạy hệ điều hành windows phone , ios , android cho sinh viên thực hành .","thiếu các thiết bị chạy hệ điều hành windows phone , ios , android cho sinh viên thực hành .","thiếu các thiết bị chạy hệ điều hành windows phone , ios , android cho sinh viên thực hành ."
3,"giảng viên dạy nhiệt tình , tận tình giúp đỡ .","giảng viên dạy nhiệt tình , tận tình giúp đỡ .","giảng viên dạy nhiệt tình , tận tình giúp đỡ ."
2,"em sẽ nợ môn này , nhưng em sẽ học lại ở các học kỳ kế tiếp .","em sẽ nợ môn này , nhưng em sẽ học lại ở các học kỳ kế tiếp .","em sẽ nợ môn này , nhưng em sẽ học lại ở các học kỳ kế tiếp ."
1,giảng bài nhựa nhựa nghe buồn ngủ .,giảng bài nhựa nhựa nghe buồn ngủ .,giảng bài nhựa nhựa nghe buồn ngủ .
1,khả năng truyền đạt của thầy không được tốt lắm .,khả năng truyền đạt của thầy không được tốt lắm .,khả năng truyền đạt của thầy không được tốt lắm .
1,có lúc thầy lạc đề .,có lúc thầy lạc đề .,có lúc thầy lạc đề .
1,nên giảm thời lượng môn học còn 7 tuần và tăng thời gian mỗi buổi học lên 4 tiết .,nên giảm thời lượng môn học còn 7 tuần và tăng thời gian mỗi buổi học lên 4 tiết .,nên giảm thời lượng môn học còn 7 tuần và tăng thời gian mỗi buổi học lên 4 tiết .
2,"đang dạy thầy wzjwz208 đi qua nước ngoài giữa chừng , thầy wzjwz209 dạy thay .","đang dạy thầy wzjwz208 đi qua nước ngoài giữa chừng , thầy wzjwz209 dạy thay .","đang dạy thầy wzjwz208 đi qua nước ngoài giữa chừng , thầy wzjwz209 dạy thay ."
3,giảng dạy rất tốt .,giảng dạy rất tốt .,giảng dạy rất tốt .
3,"thầy luôn nhiệt tình , có những chia sẻ rất gần gũi với sinh viên .","thầy luôn nhiệt tình , có những chia sẻ rất gần gũi với sinh viên .","thầy luôn nhiệt tình , có những chia sẻ rất gần gũi với sinh viên ."
2,những gì thầy cô cung cấp hầu như trên google đều có .,những gì thầy cô cung cấp hầu như trên google đều có .,những gì thầy cô cung cấp hầu như trên google đều có .
2,hầu hết thời gian là sinh viên seminar .,hầu hết thời gian là sinh viên seminar .,hầu hết thời gian là sinh viên seminar .
2,thuyết trình trên lớp .,thuyết trình trên lớp .,thuyết trình trên lớp .
3,giảng dạy chi tiết và thường xuyên ôn lại kiến thức !,giảng dạy chi tiết và thường xuyên ôn lại kiến thức !,giảng dạy chi tiết và thường xuyên ôn lại kiến thức !
2,"mọi việc điều được sinh viên tự học , tự tìm hiểu thông qua các trang mạng , thông qua việc email trực tiếp với giảng viên .","mọi việc điều được sinh viên tự học , tự tìm hiểu thông qua các trang mạng , thông qua việc email trực tiếp với giảng viên .","mọi việc điều được sinh viên tự học , tự tìm hiểu thông qua các trang mạng , thông qua việc email trực tiếp với giảng viên ."
2,thầy dạy bằng tiếng anh .,thầy dạy bằng tiếng anh .,thầy dạy bằng tiếng anh .
1,"thầy truyền đạt chưa được tốt lắm , khó hình dung .","thầy truyền đạt chưa được tốt lắm , khó hình dung .","thầy truyền đạt chưa được tốt lắm , khó hình dung ."
3,rất quan tâm .,rất quan tâm .,rất quan tâm .
3,thầy còn hướng dẫn kỹ tại sao những dòng code hoạt động và không hoạt động .,thầy còn hướng dẫn kỹ tại sao những dòng code hoạt động và không hoạt động .,thầy còn hướng dẫn kỹ tại sao những dòng code hoạt động và không hoạt động .
1,các yêu cầu về đồ án môn học nên đươc đưa ra chính xác trước khi sinh viên bắt đầu thực hiện chia nhóm và làm đồ án .,các yêu cầu về đồ án môn học nên đươc đưa ra chính xác trước khi sinh viên bắt đầu thực hiện chia nhóm và làm đồ án .,các yêu cầu về đồ án môn học nên đươc đưa ra chính xác trước khi sinh viên bắt đầu thực hiện chia nhóm và làm đồ án .
2,không có điều gì !,không có điều gì !,không có điều gì !
2,nói chung cũng tạm được .,nói chung cũng tạm được .,nói chung cũng tạm được .
2,tạo ra sự cạnh tranh trong mỗi buổi thực hành .,tạo ra sự cạnh tranh trong mỗi buổi thực hành .,tạo ra sự cạnh tranh trong mỗi buổi thực hành .
1,thầy dạy nhàm chán buồn ngủ .,thầy dạy nhàm chán buồn ngủ .,thầy dạy nhàm chán buồn ngủ .
2,"nói chung , chắc cũng là luyện cho sinh viên tự học .","nói chung , chắc cũng là luyện cho sinh viên tự học .","nói chung , chắc cũng là luyện cho sinh viên tự học ."
1,mong khoa wzjwz101 có lịch học lý thuyết và thực hành cụ thể trước khi sinh viên đăng ký học phần để tránh trường hợp trùng lịch dẫn đến sinh viên phải hủy một số môn do chỉnh sửa lịch .,mong khoa wzjwz101 có lịch học lý thuyết và thực hành cụ thể trước khi sinh viên đăng ký học phần để tránh trường hợp trùng lịch dẫn đến sinh viên phải hủy một số môn do chỉnh sửa lịch .,mong khoa wzjwz101 có lịch học lý thuyết và thực hành cụ thể trước khi sinh viên đăng ký học phần để tránh trường hợp trùng lịch dẫn đến sinh viên phải hủy một số môn do chỉnh sửa lịch .
3,tạo không gian học tập vui vẻ !,tạo không gian học tập vui vẻ !,tạo không gian học tập vui vẻ !
3,cảm ơn thầy rất nhiều !,cảm ơn thầy rất nhiều !,cảm ơn thầy rất nhiều !
2,chào thầy fraction cô !,chào thầy fraction cô !,chào thầy fraction cô !
1,nhưng bài tập hơi khó .,nhưng bài tập hơi khó .,nhưng bài tập hơi khó .
1,"thầy nên sử dụng moodle và có cách thông báo rõ ràng , dễ cập nhật hơn .","thầy nên sử dụng moodle và có cách thông báo rõ ràng , dễ cập nhật hơn .","thầy nên sử dụng moodle và có cách thông báo rõ ràng , dễ cập nhật hơn ."
2,cám ơn thầy .,cám ơn thầy .,cám ơn thầy .
2,deadline dài hơn một chút .,deadline dài hơn một chút .,deadline dài hơn một chút .
2,đảm bảo giời lên lớp .,đảm bảo giời lên lớp .,đảm bảo giời lên lớp .
2,giáo viên .,giáo viên .,giáo viên .
2,việc lên lớp và không lên lớp không có khác biệt .,việc lên lớp và không lên lớp không có khác biệt .,việc lên lớp và không lên lớp không có khác biệt .
3,giáo viên dạy nhiệt tình và dễ hiểu .,giáo viên dạy nhiệt tình và dễ hiểu .,giáo viên dạy nhiệt tình và dễ hiểu .
1,"nhưng đổi lại khi được học với thầy thì lại là cảm giác khác , áp lực , thiếu tự tin , mệt mỏi , sau mỗi buổi học là một cơn đau đầu kéo dài .","nhưng đổi lại khi được học với thầy thì lại là cảm giác khác , áp lực , thiếu tự tin , mệt mỏi , sau mỗi buổi học là một cơn đau đầu kéo dài .","nhưng đổi lại khi được học với thầy thì lại là cảm giác khác , áp lực , thiếu tự tin , mệt mỏi , sau mỗi buổi học là một cơn đau đầu kéo dài ."
3,"giảng viên giảng dạy nhiệt tình , đóng góp ý kiến thẳng thắng , không tạo áp lực , chấm điểm chuẩn xác .","giảng viên giảng dạy nhiệt tình , đóng góp ý kiến thẳng thắng , không tạo áp lực , chấm điểm chuẩn xác .","giảng viên giảng dạy nhiệt tình , đóng góp ý kiến thẳng thắng , không tạo áp lực , chấm điểm chuẩn xác ."
3,thầy dạy rất là chi tiết và tận tâm với sinh viên .,thầy dạy rất là chi tiết và tận tâm với sinh viên .,thầy dạy rất là chi tiết và tận tâm với sinh viên .
3,cho làm nhiều đồ án và bài tập liên quan tới môn học .,cho làm nhiều đồ án và bài tập liên quan tới môn học .,cho làm nhiều đồ án và bài tập liên quan tới môn học .
2,em nhìn nó giống như ma trận chữ hơn .,em nhìn nó giống như ma trận chữ hơn .,em nhìn nó giống như ma trận chữ hơn .
3,giảng viên lên lớp đầy đủ và đúng giờ .,giảng viên lên lớp đầy đủ và đúng giờ .,giảng viên lên lớp đầy đủ và đúng giờ .
3,"thầy dạy rễ hiểu , nhiệt tình .","thầy dạy rễ hiểu , nhiệt tình .","thầy dạy rễ hiểu , nhiệt tình ."
1,hy vọng thầy cho nhiều bài tập hơn .,hy vọng thầy cho nhiều bài tập hơn .,hy vọng thầy cho nhiều bài tập hơn .
2,phương thức giảng dạy .,phương thức giảng dạy .,phương thức giảng dạy .
1,thầy cần cho bài tập và hướng dẫn nhiều hơn .,thầy cần cho bài tập và hướng dẫn nhiều hơn .,thầy cần cho bài tập và hướng dẫn nhiều hơn .
2,kiến thức mà thầy truyền đạt .,kiến thức mà thầy truyền đạt .,kiến thức mà thầy truyền đạt .
2,"cuối cùng , em xin cảm ơn vì thầy fraction cô đã đọc đến hết .","cuối cùng , em xin cảm ơn vì thầy fraction cô đã đọc đến hết .","cuối cùng , em xin cảm ơn vì thầy fraction cô đã đọc đến hết ."
1,"khi giảng thầy chưa chỉ rõ trọng tâm của bài để sinh viên nắm bắt và dễ tiếp thu hơn , giọng thầy còn nhỏ , đều đều .","khi giảng thầy chưa chỉ rõ trọng tâm của bài để sinh viên nắm bắt và dễ tiếp thu hơn , giọng thầy còn nhỏ , đều đều .","khi giảng thầy chưa chỉ rõ trọng tâm của bài để sinh viên nắm bắt và dễ tiếp thu hơn , giọng thầy còn nhỏ , đều đều ."
2,có thể chia nhóm ra làm thực hành !,có thể chia nhóm ra làm thực hành !,có thể chia nhóm ra làm thực hành !
1,"cô giảng bài còn ít chỗ khó hiểu , không sâu sắc .","cô giảng bài còn ít chỗ khó hiểu , không sâu sắc .","cô giảng bài còn ít chỗ khó hiểu , không sâu sắc ."
2,về phương pháp giảng dạy và cách truyền đạt của giáo viên .,về phương pháp giảng dạy và cách truyền đạt của giáo viên .,về phương pháp giảng dạy và cách truyền đạt của giáo viên .
2,anh văn .,anh văn .,anh văn .
2,dạy theo đề cương môn học .,dạy theo đề cương môn học .,dạy theo đề cương môn học .
1,giảng viên cho quá nhiều bài tập nhưng lại ít hướng dẫn và giải .,giảng viên cho quá nhiều bài tập nhưng lại ít hướng dẫn và giải .,giảng viên cho quá nhiều bài tập nhưng lại ít hướng dẫn và giải .
3,"thầy dạy nhiệt tình , rễ hiểu .","thầy dạy nhiệt tình , rễ hiểu .","thầy dạy nhiệt tình , rễ hiểu ."
2,không có gì đặc biệt .,không có gì đặc biệt .,không có gì đặc biệt .
1,"thầy thường xuyên yêu cầu học sinh trình bày lại những kiến thức đã học trong buổi lý thuyết một cách không cần thiết , mất thời gian , không khác gì một buổi dạy lý thuyết , không đúng tinh thần và mục đích của một buổi học thực hành .","thầy thường xuyên yêu cầu học sinh trình bày lại những kiến thức đã học trong buổi lý thuyết một cách không cần thiết , mất thời gian , không khác gì một buổi dạy lý thuyết , không đúng tinh thần và mục đích của một buổi học thực hành .","thầy thường xuyên yêu cầu học sinh trình bày lại những kiến thức đã học trong buổi lý thuyết một cách không cần thiết , mất thời gian , không khác gì một buổi dạy lý thuyết , không đúng tinh thần và mục đích của một buổi học thực hành ."
2,đèn và quạt .,đèn và quạt .,đèn và quạt .
1,giảm giờ học .,giảm giờ học .,giảm giờ học .
2,không có điều gì .,không có điều gì .,không có điều gì .
3,có cung cấp kiến thức liên quan nhiều hơn so với khi học lý thuyết .,có cung cấp kiến thức liên quan nhiều hơn so với khi học lý thuyết .,có cung cấp kiến thức liên quan nhiều hơn so với khi học lý thuyết .
2,lên vừa cho học lý thuyết vừa cho thực hành .,lên vừa cho học lý thuyết vừa cho thực hành .,lên vừa cho học lý thuyết vừa cho thực hành .
1,"cần lắp thêm quạt , ổ cắm và màn che .","cần lắp thêm quạt , ổ cắm và màn che .","cần lắp thêm quạt , ổ cắm và màn che ."
2,dưới đây là hình thầy cung cấp toàn bộ tài liệu trong quá trình học .,dưới đây là hình thầy cung cấp toàn bộ tài liệu trong quá trình học .,dưới đây là hình thầy cung cấp toàn bộ tài liệu trong quá trình học .
3,nhiệt tình trả lời câu hỏi khi sinh viên phát biểu .,nhiệt tình trả lời câu hỏi khi sinh viên phát biểu .,nhiệt tình trả lời câu hỏi khi sinh viên phát biểu .
1,thầy dạy bù vào thời gian không hợp lý .,thầy dạy bù vào thời gian không hợp lý .,thầy dạy bù vào thời gian không hợp lý .
2,cách dạy của giảng viên .,cách dạy của giảng viên .,cách dạy của giảng viên .
3,"giáo viên nhiệt tình , tận tâm giúp đỡ sinh viên .","giáo viên nhiệt tình , tận tâm giúp đỡ sinh viên .","giáo viên nhiệt tình , tận tâm giúp đỡ sinh viên ."
3,trao đổi nhiều với sinh viên .,trao đổi nhiều với sinh viên .,trao đổi nhiều với sinh viên .
3,"cuối kỳ , không cần ôn tập vẫn có thể nhớ rất nhiều kiến thức .","cuối kỳ , không cần ôn tập vẫn có thể nhớ rất nhiều kiến thức .","cuối kỳ , không cần ôn tập vẫn có thể nhớ rất nhiều kiến thức ."
3,phương pháp giảng dạy của giảng viên dễ hiểu giúp sinh viên dễ nắm bắt .,phương pháp giảng dạy của giảng viên dễ hiểu giúp sinh viên dễ nắm bắt .,phương pháp giảng dạy của giảng viên dễ hiểu giúp sinh viên dễ nắm bắt .
2,chương trình giảng dạy .,chương trình giảng dạy .,chương trình giảng dạy .
2,không có gì làm em không hài lòng cả .,không có gì làm em không hài lòng cả .,không có gì làm em không hài lòng cả .
3,giáo viên dạy nhiệt tình dễ hiểu .,giáo viên dạy nhiệt tình dễ hiểu .,giáo viên dạy nhiệt tình dễ hiểu .
2,đôi lúc giảng hơi nhanh .,đôi lúc giảng hơi nhanh .,đôi lúc giảng hơi nhanh .
2,để tiện cho sinh viên xếp lịch .,để tiện cho sinh viên xếp lịch .,để tiện cho sinh viên xếp lịch .
1,số bài thực hành quá nhiều cho một môn thực hành hình thức 2 .,số bài thực hành quá nhiều cho một môn thực hành hình thức 2 .,số bài thực hành quá nhiều cho một môn thực hành hình thức 2 .
3,"thầy dạy đúng trọng tâm , dễ hiểu , vui tính , cách giải rất hay , rất chuyên nghiệp .","thầy dạy đúng trọng tâm , dễ hiểu , vui tính , cách giải rất hay , rất chuyên nghiệp .","thầy dạy đúng trọng tâm , dễ hiểu , vui tính , cách giải rất hay , rất chuyên nghiệp ."
1,nội dung giảng dạy rất là lý thuyết và thiếu phần bài tập để ứng dụng và nhớ bài hơn .,nội dung giảng dạy rất là lý thuyết và thiếu phần bài tập để ứng dụng và nhớ bài hơn .,nội dung giảng dạy rất là lý thuyết và thiếu phần bài tập để ứng dụng và nhớ bài hơn .
2,em học phân tích thiết kế cô wzjwz276 mà .,em học phân tích thiết kế cô wzjwz276 mà .,em học phân tích thiết kế cô wzjwz276 mà .
1,chưa thấy được sự cần thiết thực sự của môn học đối với ngành nghề cũng như cuộc sống sau này .,chưa thấy được sự cần thiết thực sự của môn học đối với ngành nghề cũng như cuộc sống sau này .,chưa thấy được sự cần thiết thực sự của môn học đối với ngành nghề cũng như cuộc sống sau này .
2,quả không sai !,quả không sai !,quả không sai !
1,giảng viên nên giảng dạy một cách sinh động hơn cho lớp học .,giảng viên nên giảng dạy một cách sinh động hơn cho lớp học .,giảng viên nên giảng dạy một cách sinh động hơn cho lớp học .
3,giảng viên hài hước .,giảng viên hài hước .,giảng viên hài hước .
2,phong thái .,phong thái .,phong thái .
3,thương học sinh .,thương học sinh .,thương học sinh .
3,"nhiệt tình , chỉ bảo hết mình .","nhiệt tình , chỉ bảo hết mình .","nhiệt tình , chỉ bảo hết mình ."
1,quá nhiều lý thuyết .,quá nhiều lý thuyết .,quá nhiều lý thuyết .
1,"bộ kit thực hành cần được nâng cấp để không xảy ra tình trạng hư , trục trặc .","bộ kit thực hành cần được nâng cấp để không xảy ra tình trạng hư , trục trặc .","bộ kit thực hành cần được nâng cấp để không xảy ra tình trạng hư , trục trặc ."
2,giọng của thầy không được hay lắm .,giọng của thầy không được hay lắm .,giọng của thầy không được hay lắm .
2,giảng viên cho bài tập để làm .,giảng viên cho bài tập để làm .,giảng viên cho bài tập để làm .
1,seminar quá nhiều .,seminar quá nhiều .,seminar quá nhiều .
2,"dù phương pháp học tập này khá hiệu quả nhưng vẫn có chút nào đó nghi ngờ từ phần thuyết trình của các bạn , liệu các kiến thức đó có chuẩn xác và cập nhật chưa .","dù phương pháp học tập này khá hiệu quả nhưng vẫn có chút nào đó nghi ngờ từ phần thuyết trình của các bạn , liệu các kiến thức đó có chuẩn xác và cập nhật chưa .","dù phương pháp học tập này khá hiệu quả nhưng vẫn có chút nào đó nghi ngờ từ phần thuyết trình của các bạn , liệu các kiến thức đó có chuẩn xác và cập nhật chưa ."
1,chưa chú ý đến sinh viên lắm .,chưa chú ý đến sinh viên lắm .,chưa chú ý đến sinh viên lắm .
2,"chúng em là sinh viên năm nhất , và chúng em vẫn chưa đủ khả năng để làm ra những sản phẩm của riêng mình , chúng em học "" giới thiệu ngành "" vì mục đích định hướng , chúng em tìm hiểu về hệ thống nhúng vì mục đích xem mình có nên theo ngành đó hay không , và chúng em nói theo cách mình hiểu và tiếp cận được từ các nguồn thông tin .","chúng em là sinh viên năm nhất , và chúng em vẫn chưa đủ khả năng để làm ra những sản phẩm của riêng mình , chúng em học "" giới thiệu ngành "" vì mục đích định hướng , chúng em tìm hiểu về hệ thống nhúng vì mục đích xem mình có nên theo ngành đó hay không , và chúng em nói theo cách mình hiểu và tiếp cận được từ các nguồn thông tin .","chúng em là sinh viên năm nhất , và chúng em vẫn chưa đủ khả năng để làm ra những sản phẩm của riêng mình , chúng em học "" giới thiệu ngành "" vì mục đích định hướng , chúng em tìm hiểu về hệ thống nhúng vì mục đích xem mình có nên theo ngành đó hay không , và chúng em nói theo cách mình hiểu và tiếp cận được từ các nguồn thông tin ."
3,thầy có phương pháp giảng dạy hiệu quả .,thầy có phương pháp giảng dạy hiệu quả .,thầy có phương pháp giảng dạy hiệu quả .
3,"giảng dạy tốt , đi dạy đúng giờ .","giảng dạy tốt , đi dạy đúng giờ .","giảng dạy tốt , đi dạy đúng giờ ."
2,cụ thể là phần chấm điểm giữa kỳ .,cụ thể là phần chấm điểm giữa kỳ .,cụ thể là phần chấm điểm giữa kỳ .
2,không có gì để nói .,không có gì để nói .,không có gì để nói .
1,dạy khá nhanh .,dạy khá nhanh .,dạy khá nhanh .
1,giảng viên nên nhiệt tình hơn !,giảng viên nên nhiệt tình hơn !,giảng viên nên nhiệt tình hơn !
3,anh rất nhiệt tình trong giảng dạy và giải đáp thắc mắc của sinh viên .,anh rất nhiệt tình trong giảng dạy và giải đáp thắc mắc của sinh viên .,anh rất nhiệt tình trong giảng dạy và giải đáp thắc mắc của sinh viên .
2,em không có gì không hài lòng .,em không có gì không hài lòng .,em không có gì không hài lòng .
1,không có sự lôi cuốn và thu hút trong cách giảng .,không có sự lôi cuốn và thu hút trong cách giảng .,không có sự lôi cuốn và thu hút trong cách giảng .
3,"giảng dạy tốt , nhiệt huyết với sinh viên .","giảng dạy tốt , nhiệt huyết với sinh viên .","giảng dạy tốt , nhiệt huyết với sinh viên ."
1,"riêng em , là một sinh viên kỹ thuật máy tính , em thấy môn này là cần thiết đối với em , tuy nhiên chưa thực sự là một môn học em cần phải đi sâu tìm hiểu , mong thầy về sau có thể hạ mức yêu cầu đầu ra với các bạn khoa khác ít liên quan tới môn học .","riêng em , là một sinh viên kỹ thuật máy tính , em thấy môn này là cần thiết đối với em , tuy nhiên chưa thực sự là một môn học em cần phải đi sâu tìm hiểu , mong thầy về sau có thể hạ mức yêu cầu đầu ra với các bạn khoa khác ít liên quan tới môn học .","riêng em , là một sinh viên kỹ thuật máy tính , em thấy môn này là cần thiết đối với em , tuy nhiên chưa thực sự là một môn học em cần phải đi sâu tìm hiểu , mong thầy về sau có thể hạ mức yêu cầu đầu ra với các bạn khoa khác ít liên quan tới môn học ."
2,1 tín chỉ thực hành 2 tín chỉ học phí .,1 tín chỉ thực hành 2 tín chỉ học phí .,1 tín chỉ thực hành 2 tín chỉ học phí .
3,giảng dạy tốt và có tâm .,giảng dạy tốt và có tâm .,giảng dạy tốt và có tâm .
1,"giảng dạy cứng nhắc , áp đặp , không thu hút , gò bó sinh viên .","giảng dạy cứng nhắc , áp đặp , không thu hút , gò bó sinh viên .","giảng dạy cứng nhắc , áp đặp , không thu hút , gò bó sinh viên ."
3,"thầy dạy nhiệt tình , dạy những kiến thức sát với các kỳ thi .","thầy dạy nhiệt tình , dạy những kiến thức sát với các kỳ thi .","thầy dạy nhiệt tình , dạy những kiến thức sát với các kỳ thi ."
3,cách giảng viên truyền đạt và rất tận tâm với sinh viên .,cách giảng viên truyền đạt và rất tận tâm với sinh viên .,cách giảng viên truyền đạt và rất tận tâm với sinh viên .
2,bài tập ổn .,bài tập ổn .,bài tập ổn .
3,"trên lớp cô dạy kỹ lưỡng , giảng bài dễ hiểu .","trên lớp cô dạy kỹ lưỡng , giảng bài dễ hiểu .","trên lớp cô dạy kỹ lưỡng , giảng bài dễ hiểu ."
3,giảng viên giảng bài tiếp thu tốt .,giảng viên giảng bài tiếp thu tốt .,giảng viên giảng bài tiếp thu tốt .
3,"cô giảng dạy có tâm và nhiệt tình giúp đỡ sinh viên , giúp sinh viên hiểu sâu và vận dụng các vấn đề đã học vào thực tiễn .","cô giảng dạy có tâm và nhiệt tình giúp đỡ sinh viên , giúp sinh viên hiểu sâu và vận dụng các vấn đề đã học vào thực tiễn .","cô giảng dạy có tâm và nhiệt tình giúp đỡ sinh viên , giúp sinh viên hiểu sâu và vận dụng các vấn đề đã học vào thực tiễn ."
1,"thầy không chịu dạy thực hành , nên cũng rất chán khi học thực hành , nói chung là không ai đi học thực hành là do thầy không dạy tốt , thực ra thì chưa dạy gì cả .","thầy không chịu dạy thực hành , nên cũng rất chán khi học thực hành , nói chung là không ai đi học thực hành là do thầy không dạy tốt , thực ra thì chưa dạy gì cả .","thầy không chịu dạy thực hành , nên cũng rất chán khi học thực hành , nói chung là không ai đi học thực hành là do thầy không dạy tốt , thực ra thì chưa dạy gì cả ."
3,truyền đạt chính xác cho sinh viên những kiến thức cần thiết của môn học .,truyền đạt chính xác cho sinh viên những kiến thức cần thiết của môn học .,truyền đạt chính xác cho sinh viên những kiến thức cần thiết của môn học .
2,em xin cảm ơn !,em xin cảm ơn !,em xin cảm ơn !
2,trong khi đề thi cho phép sinh viên dùng mạng .,trong khi đề thi cho phép sinh viên dùng mạng .,trong khi đề thi cho phép sinh viên dùng mạng .
2,em rất mong muốn được học tiếp các môn liên quan như phân tích mã độc .,em rất mong muốn được học tiếp các môn liên quan như phân tích mã độc .,em rất mong muốn được học tiếp các môn liên quan như phân tích mã độc .
3,"trường uit , cách riêng khoa truyền thông và mạng máy tính rất may mắn có được người thầy như thầy x .","trường uit , cách riêng khoa truyền thông và mạng máy tính rất may mắn có được người thầy như thầy x .","trường uit , cách riêng khoa truyền thông và mạng máy tính rất may mắn có được người thầy như thầy x ."
1,"giảng viên nên sử dụng trang moodle để gửi bài tập hay thông báo khẩn học bù ngoài dự kiến , gửi bảng điểm , vdotv .","giảng viên nên sử dụng trang moodle để gửi bài tập hay thông báo khẩn học bù ngoài dự kiến , gửi bảng điểm , vdotv .","giảng viên nên sử dụng trang moodle để gửi bài tập hay thông báo khẩn học bù ngoài dự kiến , gửi bảng điểm , vdotv ."
3,giáo viên vẫn nhiệt tình mặc dù có một số thành phần không lắng nghe .,giáo viên vẫn nhiệt tình mặc dù có một số thành phần không lắng nghe .,giáo viên vẫn nhiệt tình mặc dù có một số thành phần không lắng nghe .
1,cách đánh giá bài tập lớn cuối kỳ cũng không được khách quan .,cách đánh giá bài tập lớn cuối kỳ cũng không được khách quan .,cách đánh giá bài tập lớn cuối kỳ cũng không được khách quan .
3,giảng viên truyền đạt dễ hiểu và nhiệt tình .,giảng viên truyền đạt dễ hiểu và nhiệt tình .,giảng viên truyền đạt dễ hiểu và nhiệt tình .
3,"thương , hài hước , lấy ví dụ thực tiễn , biết phân bố hợp lý giờ giảng dạy xen lẫn trò chuyện cùng học sinh .","thương , hài hước , lấy ví dụ thực tiễn , biết phân bố hợp lý giờ giảng dạy xen lẫn trò chuyện cùng học sinh .","thương , hài hước , lấy ví dụ thực tiễn , biết phân bố hợp lý giờ giảng dạy xen lẫn trò chuyện cùng học sinh ."
1,"phương pháp học môn anh văn trên trường tốt với mọi người , nhưng nó xung khắc với phương pháp em đang tự học , nếu duy trì lâu em có biến cố .","phương pháp học môn anh văn trên trường tốt với mọi người , nhưng nó xung khắc với phương pháp em đang tự học , nếu duy trì lâu em có biến cố .","phương pháp học môn anh văn trên trường tốt với mọi người , nhưng nó xung khắc với phương pháp em đang tự học , nếu duy trì lâu em có biến cố ."
2,thầy lên lớp đúng giờ và đều đặn .,thầy lên lớp đúng giờ và đều đặn .,thầy lên lớp đúng giờ và đều đặn .
2,không có ý kiến nhiều .,không có ý kiến nhiều .,không có ý kiến nhiều .
2,cách trình bày giữa thầy thực hành và thầy lý thuyết khác nhau .,cách trình bày giữa thầy thực hành và thầy lý thuyết khác nhau .,cách trình bày giữa thầy thực hành và thầy lý thuyết khác nhau .
2,silde bằng tiếng việt .,silde bằng tiếng việt .,silde bằng tiếng việt .
3,"giảng viên nhiệt tình , vui vẻ .","giảng viên nhiệt tình , vui vẻ .","giảng viên nhiệt tình , vui vẻ ."
2,"bước vào lớp học cứ như "" đi nhầm lớp "" .","bước vào lớp học cứ như "" đi nhầm lớp "" .","bước vào lớp học cứ như "" đi nhầm lớp "" ."
1,"điều chỉnh chất lượng doubledot với chương trình học tập hiên nay , sinh viên thương lắm vững kiến thức khi gần đến cuối kỳ gây khó cho sinh viên làm đồ án thời gian hạn hẹp .","điều chỉnh chất lượng doubledot với chương trình học tập hiên nay , sinh viên thương lắm vững kiến thức khi gần đến cuối kỳ gây khó cho sinh viên làm đồ án thời gian hạn hẹp .","điều chỉnh chất lượng doubledot với chương trình học tập hiên nay , sinh viên thương lắm vững kiến thức khi gần đến cuối kỳ gây khó cho sinh viên làm đồ án thời gian hạn hẹp ."
2,thấy giảng dạy nói môn này muốn học thì phải có phòng thí nghiệm .,thấy giảng dạy nói môn này muốn học thì phải có phòng thí nghiệm .,thấy giảng dạy nói môn này muốn học thì phải có phòng thí nghiệm .
3,"môn học giúp sinh viên vận dụng được các kỹ năng về lập trình , giúp sinh viên hiểu rõ về hướng đối tượng và giúp sinh viên có thể tự làm ra các phần mềm đơn giản cho riêng mình bằng ngôn ngữ c .","môn học giúp sinh viên vận dụng được các kỹ năng về lập trình , giúp sinh viên hiểu rõ về hướng đối tượng và giúp sinh viên có thể tự làm ra các phần mềm đơn giản cho riêng mình bằng ngôn ngữ c .","môn học giúp sinh viên vận dụng được các kỹ năng về lập trình , giúp sinh viên hiểu rõ về hướng đối tượng và giúp sinh viên có thể tự làm ra các phần mềm đơn giản cho riêng mình bằng ngôn ngữ c ."
1,máy thực hành nên cài visual studio 2013 .,máy thực hành nên cài visual studio 2013 .,máy thực hành nên cài visual studio 2013 .
1,không thể nộp bài viết luận qua e-mail mà vẫn phải nộp bài bằng giấy viết tay khá mất thời gian .,không thể nộp bài viết luận qua e-mail mà vẫn phải nộp bài bằng giấy viết tay khá mất thời gian .,không thể nộp bài viết luận qua e-mail mà vẫn phải nộp bài bằng giấy viết tay khá mất thời gian .
2,nhiều hoạt động .,nhiều hoạt động .,nhiều hoạt động .
1,em có thêm một số đề nghị để cải tiến doubledot thêm kênh để trao đổi cho môn học .,em có thêm một số đề nghị để cải tiến doubledot thêm kênh để trao đổi cho môn học .,em có thêm một số đề nghị để cải tiến doubledot thêm kênh để trao đổi cho môn học .
1,"giảng viên giảng không hay , đã vậy còn không nhiệt tình , không vui vẻ , không tạo cơ hội cho sinh viên hỏi về bài giảng .","giảng viên giảng không hay , đã vậy còn không nhiệt tình , không vui vẻ , không tạo cơ hội cho sinh viên hỏi về bài giảng .","giảng viên giảng không hay , đã vậy còn không nhiệt tình , không vui vẻ , không tạo cơ hội cho sinh viên hỏi về bài giảng ."
2,cách giảng bài .,cách giảng bài .,cách giảng bài .
2,"phân chia nhóm , hoạt động nhóm .","phân chia nhóm , hoạt động nhóm .","phân chia nhóm , hoạt động nhóm ."
1,"tuy nhiên , bản chất môn học vẫn chán nên dù cô dạy rất hay nhưng cũng khó theo được .","tuy nhiên , bản chất môn học vẫn chán nên dù cô dạy rất hay nhưng cũng khó theo được .","tuy nhiên , bản chất môn học vẫn chán nên dù cô dạy rất hay nhưng cũng khó theo được ."
1,"cần có thêm lớp training cho các bạn yếu , mất căn bản .","cần có thêm lớp training cho các bạn yếu , mất căn bản .","cần có thêm lớp training cho các bạn yếu , mất căn bản ."
2,mới gặp một lần !,mới gặp một lần !,mới gặp một lần !
1,"nên bổ sung phần xây dựng kiến trúc game , tiếp xúc vơi các kiến trúc game phổ biến hiện nay .","nên bổ sung phần xây dựng kiến trúc game , tiếp xúc vơi các kiến trúc game phổ biến hiện nay .","nên bổ sung phần xây dựng kiến trúc game , tiếp xúc vơi các kiến trúc game phổ biến hiện nay ."
1,thầy nên cho một ít bài tập về nhà làm để củng cố kiến thức thêm tại bài tập thi bao la em không biết cái nào là trọng tâm hết .,thầy nên cho một ít bài tập về nhà làm để củng cố kiến thức thêm tại bài tập thi bao la em không biết cái nào là trọng tâm hết .,thầy nên cho một ít bài tập về nhà làm để củng cố kiến thức thêm tại bài tập thi bao la em không biết cái nào là trọng tâm hết .
1,"đảm bảo giờ lên lớp , nhiều lần lên lớp rồi mới nhận được thông báo nghỉ học , rất bất tiện cho sinh viên , do nhiều sinh viên có nhà xa mà tới lúc lên trường rồi mới có thông báo nghỉ thì thật khó cho sinh viên .","đảm bảo giờ lên lớp , nhiều lần lên lớp rồi mới nhận được thông báo nghỉ học , rất bất tiện cho sinh viên , do nhiều sinh viên có nhà xa mà tới lúc lên trường rồi mới có thông báo nghỉ thì thật khó cho sinh viên .","đảm bảo giờ lên lớp , nhiều lần lên lớp rồi mới nhận được thông báo nghỉ học , rất bất tiện cho sinh viên , do nhiều sinh viên có nhà xa mà tới lúc lên trường rồi mới có thông báo nghỉ thì thật khó cho sinh viên ."
2,đến cuối kỳ sẽ đỡ bỡ ngỡ hơn .,đến cuối kỳ sẽ đỡ bỡ ngỡ hơn .,đến cuối kỳ sẽ đỡ bỡ ngỡ hơn .
2,thầy nghiêm túc .,thầy nghiêm túc .,thầy nghiêm túc .
1,em nghĩ là nên giảm số giờ nói lý thuyết cho thêm giờ làm bài tập .,em nghĩ là nên giảm số giờ nói lý thuyết cho thêm giờ làm bài tập .,em nghĩ là nên giảm số giờ nói lý thuyết cho thêm giờ làm bài tập .
2,chia lớp theo đúng khả năng !,chia lớp theo đúng khả năng !,chia lớp theo đúng khả năng !
1,"người học thì chỉ biết học , lao đầu vào học , mà không hề hay biết những thứ đó bản chất là gì .","người học thì chỉ biết học , lao đầu vào học , mà không hề hay biết những thứ đó bản chất là gì .","người học thì chỉ biết học , lao đầu vào học , mà không hề hay biết những thứ đó bản chất là gì ."
2,giảng dạy đầy đủ bài học .,giảng dạy đầy đủ bài học .,giảng dạy đầy đủ bài học .
1,cần tăng thời lượng thực hành vì đây là môn mà thực hành mang tính quan trọng đối với sinh viên .,cần tăng thời lượng thực hành vì đây là môn mà thực hành mang tính quan trọng đối với sinh viên .,cần tăng thời lượng thực hành vì đây là môn mà thực hành mang tính quan trọng đối với sinh viên .
2,thầy không dạy em môn này .,thầy không dạy em môn này .,thầy không dạy em môn này .
1,"giáo viên thực hành cần quan tâm , chỉ dẫn sinh viên tận tình hơn .","giáo viên thực hành cần quan tâm , chỉ dẫn sinh viên tận tình hơn .","giáo viên thực hành cần quan tâm , chỉ dẫn sinh viên tận tình hơn ."
3,"thầy luôn dặn chúng em phải trăn trở về tương lai , phải có sự phấn đấu , hoàn thiện tốt nhất mọi công việc .","thầy luôn dặn chúng em phải trăn trở về tương lai , phải có sự phấn đấu , hoàn thiện tốt nhất mọi công việc .","thầy luôn dặn chúng em phải trăn trở về tương lai , phải có sự phấn đấu , hoàn thiện tốt nhất mọi công việc ."
2,ôn tập đúng theo thầy nhưng không biết cuối kỳ được mấy điểm .,ôn tập đúng theo thầy nhưng không biết cuối kỳ được mấy điểm .,ôn tập đúng theo thầy nhưng không biết cuối kỳ được mấy điểm .
1,"giảng viên không tổ chức buổi gặp sinh viên nào , và cũng không có bài tập , nội dung phần thực hành .","giảng viên không tổ chức buổi gặp sinh viên nào , và cũng không có bài tập , nội dung phần thực hành .","giảng viên không tổ chức buổi gặp sinh viên nào , và cũng không có bài tập , nội dung phần thực hành ."
1,phần điểm tích cực theo như thầy đánh giá là không hợp lý và công bằng cho tất cả sinh viên nếu điểm đó được tính là wzjwz59 % trong tổng điểm .,phần điểm tích cực theo như thầy đánh giá là không hợp lý và công bằng cho tất cả sinh viên nếu điểm đó được tính là wzjwz59 % trong tổng điểm .,phần điểm tích cực theo như thầy đánh giá là không hợp lý và công bằng cho tất cả sinh viên nếu điểm đó được tính là wzjwz59 % trong tổng điểm .
1,hy vọng cô sẽ dạy kỹ hơn .,hy vọng cô sẽ dạy kỹ hơn .,hy vọng cô sẽ dạy kỹ hơn .
1,"giảng viên dạy khá nhạt và chán , giọng nói đều đều , khô khan .","giảng viên dạy khá nhạt và chán , giọng nói đều đều , khô khan .","giảng viên dạy khá nhạt và chán , giọng nói đều đều , khô khan ."
2,cô dạy được .,cô dạy được .,cô dạy được .
3,có cung cấp bài tập cho sinh viên tự học ở nhà .,có cung cấp bài tập cho sinh viên tự học ở nhà .,có cung cấp bài tập cho sinh viên tự học ở nhà .
3,"thầy dạy nhiệt tình , rất thương sinh viên .","thầy dạy nhiệt tình , rất thương sinh viên .","thầy dạy nhiệt tình , rất thương sinh viên ."
1,đào tạo thêm về cơ chế giảng dạy .,đào tạo thêm về cơ chế giảng dạy .,đào tạo thêm về cơ chế giảng dạy .
1,chưa có slide giảng dạy hiệu quả .,chưa có slide giảng dạy hiệu quả .,chưa có slide giảng dạy hiệu quả .
3,giảng viên truyền đạt kiến thức rất hay và dễ tiếp thu .,giảng viên truyền đạt kiến thức rất hay và dễ tiếp thu .,giảng viên truyền đạt kiến thức rất hay và dễ tiếp thu .
1,cảm giác như là cấp 2 học nhạc và vẽ vậy .,cảm giác như là cấp 2 học nhạc và vẽ vậy .,cảm giác như là cấp 2 học nhạc và vẽ vậy .
2,bài giảng .,bài giảng .,bài giảng .
2,nhìn thấy hơi nghiêm ( khách quan thôi ạ ) .,nhìn thấy hơi nghiêm ( khách quan thôi ạ ) .,nhìn thấy hơi nghiêm ( khách quan thôi ạ ) .
1,không đầu tư nhiều cho bài giảng .,không đầu tư nhiều cho bài giảng .,không đầu tư nhiều cho bài giảng .
1,giảng viên nên giảng bài cụ thể hơn .,giảng viên nên giảng bài cụ thể hơn .,giảng viên nên giảng bài cụ thể hơn .
2,khả năng truyền đạt .,khả năng truyền đạt .,khả năng truyền đạt .
1,thầy giảng lý thuyết sơ sài rồi kêu sinh viên về tự google mà code .,thầy giảng lý thuyết sơ sài rồi kêu sinh viên về tự google mà code .,thầy giảng lý thuyết sơ sài rồi kêu sinh viên về tự google mà code .
1,hệ thống máy chiếu cần cải thiện .,hệ thống máy chiếu cần cải thiện .,hệ thống máy chiếu cần cải thiện .
3,"thầy dạy phần lý thuyết hay , nắm bắt được khả năng của sinh viên .","thầy dạy phần lý thuyết hay , nắm bắt được khả năng của sinh viên .","thầy dạy phần lý thuyết hay , nắm bắt được khả năng của sinh viên ."
1,"thầy ít khi giảng bài , thường để sinh viên tự xem tài liệu là chủ yếu .","thầy ít khi giảng bài , thường để sinh viên tự xem tài liệu là chủ yếu .","thầy ít khi giảng bài , thường để sinh viên tự xem tài liệu là chủ yếu ."
3,"thầy dạy rất hay , mong rằng sẽ được học thầy trong những môn khác .","thầy dạy rất hay , mong rằng sẽ được học thầy trong những môn khác .","thầy dạy rất hay , mong rằng sẽ được học thầy trong những môn khác ."
1,cần giảng bài bằng tiếng anh nhiều hơn .,cần giảng bài bằng tiếng anh nhiều hơn .,cần giảng bài bằng tiếng anh nhiều hơn .
2,em học thầy được nửa kỳ trước thì tự cúp qua lớp cô wzjwz218 học .,em học thầy được nửa kỳ trước thì tự cúp qua lớp cô wzjwz218 học .,em học thầy được nửa kỳ trước thì tự cúp qua lớp cô wzjwz218 học .
2,không .,không .,không .
2,ước tính khoảng 5 - 6 buổi như vậy .,ước tính khoảng 5 - 6 buổi như vậy .,ước tính khoảng 5 - 6 buổi như vậy .
1,"cô chỉ cho bài tập về nhà kêu làm và nộp , không giải thích gì thêm .","cô chỉ cho bài tập về nhà kêu làm và nộp , không giải thích gì thêm .","cô chỉ cho bài tập về nhà kêu làm và nộp , không giải thích gì thêm ."
3,"thầy rất tốt , và truyền đạt đầy đủ kiến thức tới sinh viên .","thầy rất tốt , và truyền đạt đầy đủ kiến thức tới sinh viên .","thầy rất tốt , và truyền đạt đầy đủ kiến thức tới sinh viên ."
3,giảng dạy đều .,giảng dạy đều .,giảng dạy đều .
2,trên đây là ý kiến về các vấn đề em nhận ra sau khi học .,trên đây là ý kiến về các vấn đề em nhận ra sau khi học .,trên đây là ý kiến về các vấn đề em nhận ra sau khi học .
3,tài liệu tham khảo đầy đủ .,tài liệu tham khảo đầy đủ .,tài liệu tham khảo đầy đủ .
2,em thấy đã được .,em thấy đã được .,em thấy đã được .
3,"dạy dễ hiểu , sâu rộng .","dạy dễ hiểu , sâu rộng .","dạy dễ hiểu , sâu rộng ."
3,"cô dạy dễ hiểu , dạy kỹ , tận tình , không khí học tập thoải mái .","cô dạy dễ hiểu , dạy kỹ , tận tình , không khí học tập thoải mái .","cô dạy dễ hiểu , dạy kỹ , tận tình , không khí học tập thoải mái ."
3,"thầy giảng bài rất kỹ , sát vào vấn đề và dễ hiểu .","thầy giảng bài rất kỹ , sát vào vấn đề và dễ hiểu .","thầy giảng bài rất kỹ , sát vào vấn đề và dễ hiểu ."
3,cô rất tận tâm và quan tâm đến sinh viên .,cô rất tận tâm và quan tâm đến sinh viên .,cô rất tận tâm và quan tâm đến sinh viên .
3,"cô rất nhiệt tình trong hoạt động giảng dạy , công bằng trong đánh giá , rất quan tâm đến sinh viên .","cô rất nhiệt tình trong hoạt động giảng dạy , công bằng trong đánh giá , rất quan tâm đến sinh viên .","cô rất nhiệt tình trong hoạt động giảng dạy , công bằng trong đánh giá , rất quan tâm đến sinh viên ."
1,em nghĩ nội dung thực hành nên gần với đồ án hơn .,em nghĩ nội dung thực hành nên gần với đồ án hơn .,em nghĩ nội dung thực hành nên gần với đồ án hơn .
2,em thấy ổn ạ .,em thấy ổn ạ .,em thấy ổn ạ .
2,cũng bình thường .,cũng bình thường .,cũng bình thường .
1,cần nhiều tiết học hơn để giáo viên sửa bài trên lớp .,cần nhiều tiết học hơn để giáo viên sửa bài trên lớp .,cần nhiều tiết học hơn để giáo viên sửa bài trên lớp .
2,có chỗ thầy dạy quá kỹ nhưng có chỗ thì lại chỉ nói sơ qua .,có chỗ thầy dạy quá kỹ nhưng có chỗ thì lại chỉ nói sơ qua .,có chỗ thầy dạy quá kỹ nhưng có chỗ thì lại chỉ nói sơ qua .
1,"chưa tạo động lực , thúc đẩy sinh viên nhiều .","chưa tạo động lực , thúc đẩy sinh viên nhiều .","chưa tạo động lực , thúc đẩy sinh viên nhiều ."
3,"tận tình với sinh viên , dễ hiểu bài .","tận tình với sinh viên , dễ hiểu bài .","tận tình với sinh viên , dễ hiểu bài ."
3,"giảng viên nhiệt tình , truyền đạt tốt .","giảng viên nhiệt tình , truyền đạt tốt .","giảng viên nhiệt tình , truyền đạt tốt ."
2,cũng ổn .,cũng ổn .,cũng ổn .
2,đây là tình trạng chung của tất cả các lớp thực hành không chỉ riêng lớp này .,đây là tình trạng chung của tất cả các lớp thực hành không chỉ riêng lớp này .,đây là tình trạng chung của tất cả các lớp thực hành không chỉ riêng lớp này .
1,thầy sửa bài tập nhanh quá nên hơi khó hiểu .,thầy sửa bài tập nhanh quá nên hơi khó hiểu .,thầy sửa bài tập nhanh quá nên hơi khó hiểu .
3,"giảng dễ nghe , nhiệt tình .","giảng dễ nghe , nhiệt tình .","giảng dễ nghe , nhiệt tình ."
3,"thầy đúng giờ giấc , giúp đỡ tốt trong quá trình thực hành .","thầy đúng giờ giấc , giúp đỡ tốt trong quá trình thực hành .","thầy đúng giờ giấc , giúp đỡ tốt trong quá trình thực hành ."
1,chưa giúp tôi phát triển được tốt nhất khả năng của mình .,chưa giúp tôi phát triển được tốt nhất khả năng của mình .,chưa giúp tôi phát triển được tốt nhất khả năng của mình .
3,"giảng viên thân thiện , dễ gần .","giảng viên thân thiện , dễ gần .","giảng viên thân thiện , dễ gần ."
1,thầy cho làm các bài tập tại lớp trong khi sinh viên chưa biết gì về vấn đề đó .,thầy cho làm các bài tập tại lớp trong khi sinh viên chưa biết gì về vấn đề đó .,thầy cho làm các bài tập tại lớp trong khi sinh viên chưa biết gì về vấn đề đó .
2,nghe tiếng anh nhiều .,nghe tiếng anh nhiều .,nghe tiếng anh nhiều .
1,"em có ý kiến về giáo viên bộ môn anh văn 2 trong học kỳ này của em như sau doubledot giảng viên giảng dạy rất kém chất lượng , trình độ phát âm cực kém , giống như giáo viên dạy cấp 2 !","em có ý kiến về giáo viên bộ môn anh văn 2 trong học kỳ này của em như sau doubledot giảng viên giảng dạy rất kém chất lượng , trình độ phát âm cực kém , giống như giáo viên dạy cấp 2 !","em có ý kiến về giáo viên bộ môn anh văn 2 trong học kỳ này của em như sau doubledot giảng viên giảng dạy rất kém chất lượng , trình độ phát âm cực kém , giống như giáo viên dạy cấp 2 !"
3,"giảng viên hướng dẫn sinh viên nhiệt tình , giải đáp đầy đủ các thắc mắc .","giảng viên hướng dẫn sinh viên nhiệt tình , giải đáp đầy đủ các thắc mắc .","giảng viên hướng dẫn sinh viên nhiệt tình , giải đáp đầy đủ các thắc mắc ."
1,"không hào hứng vì giọng thầy trầm , tự tìm hiểu trên mạng rồi viết báo cáo môn học thôi .","không hào hứng vì giọng thầy trầm , tự tìm hiểu trên mạng rồi viết báo cáo môn học thôi .","không hào hứng vì giọng thầy trầm , tự tìm hiểu trên mạng rồi viết báo cáo môn học thôi ."
3,thầy rất hiểu tâm lý của sinh viên .,thầy rất hiểu tâm lý của sinh viên .,thầy rất hiểu tâm lý của sinh viên .
2,đôi khi trong giờ học kể vài chuyện về đời để đỡ chán =) .,đôi khi trong giờ học kể vài chuyện về đời để đỡ chán =) .,đôi khi trong giờ học kể vài chuyện về đời để đỡ chán =) .
2,phân biệt rõ ràng giữa đúng và sai .,phân biệt rõ ràng giữa đúng và sai .,phân biệt rõ ràng giữa đúng và sai .
1,tăng cường speaking .,tăng cường speaking .,tăng cường speaking .
1,cần hiểu rõ thêm cách kết nối prolog với c .,cần hiểu rõ thêm cách kết nối prolog với c .,cần hiểu rõ thêm cách kết nối prolog với c .
3,"thầy đảm bảo giờ lên lớp , nhiệt tình .","thầy đảm bảo giờ lên lớp , nhiệt tình .","thầy đảm bảo giờ lên lớp , nhiệt tình ."
2,chứ em thấy đa số các bạn đều chọn chuyên ngành máy học bên kia .,chứ em thấy đa số các bạn đều chọn chuyên ngành máy học bên kia .,chứ em thấy đa số các bạn đều chọn chuyên ngành máy học bên kia .
3,"có những ví dụ sinh động , dễ hiểu .","có những ví dụ sinh động , dễ hiểu .","có những ví dụ sinh động , dễ hiểu ."
3,bài giảng sống động .,bài giảng sống động .,bài giảng sống động .
1,"cần nâng cấp máy tính trong phòng thực hành , nhiều kit de2 bị lỗi cần sửa chữa hoặc thay mới .","cần nâng cấp máy tính trong phòng thực hành , nhiều kit de2 bị lỗi cần sửa chữa hoặc thay mới .","cần nâng cấp máy tính trong phòng thực hành , nhiều kit de2 bị lỗi cần sửa chữa hoặc thay mới ."
3,luôn đảm bảo giờ giấc trong tiết học .,luôn đảm bảo giờ giấc trong tiết học .,luôn đảm bảo giờ giấc trong tiết học .
1,cải thiện cơ sở vật chất và thiết bị dạy học .,cải thiện cơ sở vật chất và thiết bị dạy học .,cải thiện cơ sở vật chất và thiết bị dạy học .
2,mong thầy vẫn giữa phong độ như thế ;) .,mong thầy vẫn giữa phong độ như thế ;) .,mong thầy vẫn giữa phong độ như thế ;) .
1,cần áp đặt việc kiểm tra bài cũ và bài mới trên giờ học nhiều hơn .,cần áp đặt việc kiểm tra bài cũ và bài mới trên giờ học nhiều hơn .,cần áp đặt việc kiểm tra bài cũ và bài mới trên giờ học nhiều hơn .
2,bài tập khắt khe .,bài tập khắt khe .,bài tập khắt khe .
2,thiết bị .,thiết bị .,thiết bị .
2,thân !,thân !,thân !
3,"thầy giảng bài kỹ , chi tiết .","thầy giảng bài kỹ , chi tiết .","thầy giảng bài kỹ , chi tiết ."
3,thầy thường xuyên theo dõi sinh viên trong quá trình thực hành và giải đáp thắc mắc rất hợp lý .,thầy thường xuyên theo dõi sinh viên trong quá trình thực hành và giải đáp thắc mắc rất hợp lý .,thầy thường xuyên theo dõi sinh viên trong quá trình thực hành và giải đáp thắc mắc rất hợp lý .
1,dạy hơi lâu về kiến thức .,dạy hơi lâu về kiến thức .,dạy hơi lâu về kiến thức .
1,giảng viên áp dụng mô hình scrum để làm project là tốt nhưng không thành công .,giảng viên áp dụng mô hình scrum để làm project là tốt nhưng không thành công .,giảng viên áp dụng mô hình scrum để làm project là tốt nhưng không thành công .
2,"nội dung môn học không thừa , không thiếu .","nội dung môn học không thừa , không thiếu .","nội dung môn học không thừa , không thiếu ."
3,"giáo viên tận tụy , nhiệt tình .","giáo viên tận tụy , nhiệt tình .","giáo viên tận tụy , nhiệt tình ."
1,"thầy nên dạy chậm và dễ hiểu hơn , nên giảng từng cái cho chắc rồi hãy sang phần khác .","thầy nên dạy chậm và dễ hiểu hơn , nên giảng từng cái cho chắc rồi hãy sang phần khác .","thầy nên dạy chậm và dễ hiểu hơn , nên giảng từng cái cho chắc rồi hãy sang phần khác ."
1,"thầy dạy nhanh , nhiều khi theo không kịp .","thầy dạy nhanh , nhiều khi theo không kịp .","thầy dạy nhanh , nhiều khi theo không kịp ."
1,cách dạy khó hiểu .,cách dạy khó hiểu .,cách dạy khó hiểu .
3,"đối với em thì cách thầy giảng khá là dễ hiểu nên thầy đừng lo quá về vấn đề đó ạ , với lại sinh viên đa phần thụ động nên nếu không hiểu lại càng không dám hỏi .","đối với em thì cách thầy giảng khá là dễ hiểu nên thầy đừng lo quá về vấn đề đó ạ , với lại sinh viên đa phần thụ động nên nếu không hiểu lại càng không dám hỏi .","đối với em thì cách thầy giảng khá là dễ hiểu nên thầy đừng lo quá về vấn đề đó ạ , với lại sinh viên đa phần thụ động nên nếu không hiểu lại càng không dám hỏi ."
3,"giảng viên dạy dễ hiểu , dễ hình dung .","giảng viên dạy dễ hiểu , dễ hình dung .","giảng viên dạy dễ hiểu , dễ hình dung ."
3,"cô nhiệt tình , hoà đồng với học sinh .","cô nhiệt tình , hoà đồng với học sinh .","cô nhiệt tình , hoà đồng với học sinh ."
1,điều kiện vật chất chưa được đầy đủ .,điều kiện vật chất chưa được đầy đủ .,điều kiện vật chất chưa được đầy đủ .
3,thầy chuẩn bị tài liệu thực hành cho sinh viên tốt .,thầy chuẩn bị tài liệu thực hành cho sinh viên tốt .,thầy chuẩn bị tài liệu thực hành cho sinh viên tốt .
2,cho thi giữa kỳ .,cho thi giữa kỳ .,cho thi giữa kỳ .
3,"vui vẻ , cởi mở .","vui vẻ , cởi mở .","vui vẻ , cởi mở ."
1,tiếp xúc với học sinh nhiều hơn .,tiếp xúc với học sinh nhiều hơn .,tiếp xúc với học sinh nhiều hơn .
3,"dạy dễ hiểu , vui tính , gần gũi với sinh viên .","dạy dễ hiểu , vui tính , gần gũi với sinh viên .","dạy dễ hiểu , vui tính , gần gũi với sinh viên ."
1,thầy hay bận .,thầy hay bận .,thầy hay bận .
2,em cám ơn !,em cám ơn !,em cám ơn !
1,thầy giảng còn hơi khó hiểu khó tiếp thu .,thầy giảng còn hơi khó hiểu khó tiếp thu .,thầy giảng còn hơi khó hiểu khó tiếp thu .
2,cám ơn thầy fraction cô đã đọc một bài dài thế này .,cám ơn thầy fraction cô đã đọc một bài dài thế này .,cám ơn thầy fraction cô đã đọc một bài dài thế này .
1,đề thi quá khó so với bài tập trên lớp !,đề thi quá khó so với bài tập trên lớp !,đề thi quá khó so với bài tập trên lớp !
2,thầy có hơi đi trễ chút xíu .,thầy có hơi đi trễ chút xíu .,thầy có hơi đi trễ chút xíu .
1,"em có ý kiến như sau doubledot môn này em nghĩ là cần có nhiều tài liệu , đặc biệt tiếng việt thì càng tốt vì không phải ai cũng giỏi tiếng anh .","em có ý kiến như sau doubledot môn này em nghĩ là cần có nhiều tài liệu , đặc biệt tiếng việt thì càng tốt vì không phải ai cũng giỏi tiếng anh .","em có ý kiến như sau doubledot môn này em nghĩ là cần có nhiều tài liệu , đặc biệt tiếng việt thì càng tốt vì không phải ai cũng giỏi tiếng anh ."
2,nhưng mà nhìn dáng thầy đi em thấy thương thương thầy .,nhưng mà nhìn dáng thầy đi em thấy thương thương thầy .,nhưng mà nhìn dáng thầy đi em thấy thương thương thầy .
3,giảng viên không chỉ cung cấp những kiến thức như trong đề cương môn học mà còn cung cấp những kiến thức sâu rộng về thực tiễn cũng như nâng cao nhằm tăng cường độ hiểu biết cho học sinh .,giảng viên không chỉ cung cấp những kiến thức như trong đề cương môn học mà còn cung cấp những kiến thức sâu rộng về thực tiễn cũng như nâng cao nhằm tăng cường độ hiểu biết cho học sinh .,giảng viên không chỉ cung cấp những kiến thức như trong đề cương môn học mà còn cung cấp những kiến thức sâu rộng về thực tiễn cũng như nâng cao nhằm tăng cường độ hiểu biết cho học sinh .
2,không có điểm nào không hài lòng .,không có điểm nào không hài lòng .,không có điểm nào không hài lòng .
1,bài tập quá nhiều colonsmilesmile .,bài tập quá nhiều colonsmilesmile .,bài tập quá nhiều colonsmilesmile .
1,theo em thì thầy hơi thụ động một tí .,theo em thì thầy hơi thụ động một tí .,theo em thì thầy hơi thụ động một tí .
2,thời gian và cách thức thầy dạy .,thời gian và cách thức thầy dạy .,thời gian và cách thức thầy dạy .
1,"máy của phòng thực hành wzjwz241 khởi động visual studio chậm , bàn phím chưa tốt .","máy của phòng thực hành wzjwz241 khởi động visual studio chậm , bàn phím chưa tốt .","máy của phòng thực hành wzjwz241 khởi động visual studio chậm , bàn phím chưa tốt ."
1,"không quan tâm , không hướng dẫn , hết !","không quan tâm , không hướng dẫn , hết !","không quan tâm , không hướng dẫn , hết !"
1,môn học khá khó không phù hợp .,môn học khá khó không phù hợp .,môn học khá khó không phù hợp .
3,thầy wzjwz127 dạy rất nhiệt tình .,thầy wzjwz127 dạy rất nhiệt tình .,thầy wzjwz127 dạy rất nhiệt tình .
3,"thầy dạy tâm huyết , giỏi , truyền đạt được cảm hứng học tập và nghiên cứu cho sinh viên .","thầy dạy tâm huyết , giỏi , truyền đạt được cảm hứng học tập và nghiên cứu cho sinh viên .","thầy dạy tâm huyết , giỏi , truyền đạt được cảm hứng học tập và nghiên cứu cho sinh viên ."
1,ít trả lời mail hỏi bài tập thực hành của sinh viên .,ít trả lời mail hỏi bài tập thực hành của sinh viên .,ít trả lời mail hỏi bài tập thực hành của sinh viên .
2,sửa bài tập .,sửa bài tập .,sửa bài tập .
3,"ban đầu thì em có vẻ không hài lòng lắm về giáo viên khi học môn này , nhưng sau một khoảng thời gian thì thấy cũng ổn .","ban đầu thì em có vẻ không hài lòng lắm về giáo viên khi học môn này , nhưng sau một khoảng thời gian thì thấy cũng ổn .","ban đầu thì em có vẻ không hài lòng lắm về giáo viên khi học môn này , nhưng sau một khoảng thời gian thì thấy cũng ổn ."
2,không có ạ !,không có ạ !,không có ạ !
2,"nếu em muốn học , em sẽ lên lớp học .","nếu em muốn học , em sẽ lên lớp học .","nếu em muốn học , em sẽ lên lớp học ."
3,"cô dạy rất nhiệt tình , vui tính dễ hiểu .","cô dạy rất nhiệt tình , vui tính dễ hiểu .","cô dạy rất nhiệt tình , vui tính dễ hiểu ."
1,thầy thường xuyên cho nghỉ trước khi kết thúc giờ học .,thầy thường xuyên cho nghỉ trước khi kết thúc giờ học .,thầy thường xuyên cho nghỉ trước khi kết thúc giờ học .
3,dạy tốt đúng trọng tâm những gì cần biết .,dạy tốt đúng trọng tâm những gì cần biết .,dạy tốt đúng trọng tâm những gì cần biết .
1,"nhiều chỗ thầy giải thích quá phức tạp , khó hiểu .","nhiều chỗ thầy giải thích quá phức tạp , khó hiểu .","nhiều chỗ thầy giải thích quá phức tạp , khó hiểu ."
2,thầy đưa nhiều bài tâp !,thầy đưa nhiều bài tâp !,thầy đưa nhiều bài tâp !
3,tạo động cơ học tập lâu dài .,tạo động cơ học tập lâu dài .,tạo động cơ học tập lâu dài .
1,"nội dung tiết học còn lan man , cảm tưởng như thầy đang dạy về tiếng anh chuyên ngành , chứ không đào sâu về kỹ thuật .","nội dung tiết học còn lan man , cảm tưởng như thầy đang dạy về tiếng anh chuyên ngành , chứ không đào sâu về kỹ thuật .","nội dung tiết học còn lan man , cảm tưởng như thầy đang dạy về tiếng anh chuyên ngành , chứ không đào sâu về kỹ thuật ."
2,chương trình hiện tại chia tới 2 lĩnh vực trong một môn học .,chương trình hiện tại chia tới 2 lĩnh vực trong một môn học .,chương trình hiện tại chia tới 2 lĩnh vực trong một môn học .
3,thẳng thắn và kiên quyết .,thẳng thắn và kiên quyết .,thẳng thắn và kiên quyết .
3,cô giảng dạy nhiệt tình và tận tâm .,cô giảng dạy nhiệt tình và tận tâm .,cô giảng dạy nhiệt tình và tận tâm .
2,bình thường với giáo viên .,bình thường với giáo viên .,bình thường với giáo viên .
1,không dạy bài tập cho sinh viên .,không dạy bài tập cho sinh viên .,không dạy bài tập cho sinh viên .
3,"thầy dạy hay và rất vui , ngoài các kiến thức môn học .","thầy dạy hay và rất vui , ngoài các kiến thức môn học .","thầy dạy hay và rất vui , ngoài các kiến thức môn học ."
2,cho bài tập mỗi tuần .,cho bài tập mỗi tuần .,cho bài tập mỗi tuần .
2,"phần cho điểm , nội dung ôn thi .","phần cho điểm , nội dung ôn thi .","phần cho điểm , nội dung ôn thi ."
2,em cảm ơn .,em cảm ơn .,em cảm ơn .
2,có đề cương cơ bản chung .,có đề cương cơ bản chung .,có đề cương cơ bản chung .
1,chưa để ý đến sinh viên .,chưa để ý đến sinh viên .,chưa để ý đến sinh viên .
2,phương pháp giảng dạy .,phương pháp giảng dạy .,phương pháp giảng dạy .
