label,content,synonym_aug,back_translation
3,cô rất thân thiện .,cô rất thân_thiện .,Anh rất thân thiện.
2,nội dung ôn tập mà giảng viên cung cấp đầy đủ và đáp ứng được cho sinh viên hoàn thành các kỳ thi .,nội_dung ôn_tập mà giảng_viên cung_cấp đầy_đủ và đáp_ứng được cho sinh_viên hoàn_thành các kỳ kiểm tra .,Tài liệu giảng dạy của giảng viên đảm bảo đủ và đạt yêu cầu để học sinh hoàn thành bài thi.
1,theo thời khóa biểu hiện nay thì học thực hành trước nên sinh viên lúc thực hành chưa hiểu vấn đề nên khó khăn trong việc làm bài .,theo thời khóa_biểu hiện thời thì học bài thực_hành trước nên sinh_viên lúc thực_hành chưa hiểu vấn_đề nên khó_khăn trong việc_làm bài .,"Thời gian biểu hiện tại yêu cầu học viên phải thực hành trước, vì vậy học sinh không hiểu được vấn đề khi thực hành và gặp khó khăn khi làm bài kiểm tra."
3,"cô giảng nhiệt tình , chỉ bài cho tụi em thì lại tới chỗ .","cô giảng nhiệt_tình , chỉ bài cho tụi em thì lại tới suất .","Anh đang dạy chúng tôi, và anh sẽ tới..."
2,tăng hiệu suất máy tính .,tăng hiệu_suất máy_tính .,tăng hiệu suất máy tính.
1,chưa được tham gia chiến dịch thực tế và tham quan công ty .,chưa được tham_gia làn sóng thực_tế và tham_quan công_ty .,Anh ta chưa từng tham gia chiến dịch thực địa và tour diễn của công ty.
3,"giờ học luôn sinh động , hiệu quả , giúp học sinh nắm vững kiến thức .","giờ học luôn sinh_động , hiệu_quả , giúp học trò nắm vững kiến_thức .","Đó là một lớp học sinh hoạt, hiệu quả giúp học sinh giữ vững lập trường."
1,"cần giảng kỹ hơn chút nhưng cũng đừng quá chậm , giảng viên nên quan niệm sinh viên đã đọc sơ bài ở nhà rồi , nên đi sâu vào những ý mới , đặc thù của từng phần .","cần giảng_kỹ hơn một ít nhưng cũng đừng quá tiếp thu kém , giảng_viên nên quan_niệm sinh_viên đã đọc lên sơ_bài ở nhà rồi , nên đi_sâu vào những ý mới , đặc_thù của từng phần .","Bài giảng sẽ chi tiết hơn một chút nhưng không quá chậm, giảng viên nên nghĩ rằng sinh viên đã đọc bài giảng ở nhà, nên đào sâu vào những ý tưởng mới, và chi tiết cụ thể của từng phần."
1,thầy không dùng micro nên ngồi ở xa không nghe rõ .,người giáo viên không dùng micro nên ngồi ở xa không nghe rõ .,"Tôi không có micro, nên không nghe được từ xa."
3,thầy giảng bài rất dễ hiểu .,thầy giáo giảng bài rất dễ hiểu .,Anh ta rất rõ ràng.
3,"giảng viên tận tâm , nhiệt tình , giỏi .","giảng_viên tận_tâm , sôi nổi , giỏi .","tận tuỵ, nhiệt tình, tốt..."
2,giọng cô nghe dễ ngủ !,giọng cô nghe dễ nghỉ !,Giọng anh nghe buồn ngủ quá!
2,giảng viên dạy không nhàm chán .,giảng_viên dạy học không nhàm_chán .,Giáo viên không nhàm chán.
1,có những buổi thực hành giảng viên không có mặt .,có những buổi thực_hành giảng_viên không hiện diện .,Có những buổi tập mà người hướng dẫn vắng mặt.
2,sử dụng hệ thống làm bài online để làm bài tập .,sử_dụng hệ thống hoá làm bài online để làm bài_tập .,Sử dụng hệ thống bài tập trực tuyến để làm bài tập.
3,"giảng dạy tốt , đưa ra nhiều vấn đề cho sinh viên tham khảo .","giảng_dạy tốt , đưa ra nhiều vấn_đề cho sinh_viên tham_khảo .","Dạy tốt, đặt nhiều câu hỏi cho học sinh."
3,giảng viên ra đồ án cho sinh viên về làm để mở rộng kiến thức .,giảng_viên ra đồ_án cho sinh_viên về làm để cơi nới kiến_thức .,Họ lập ra các bản thiết kế cho sinh viên làm việc để mở rộng kiến thức của họ.
3,"giáo viên rất dễ tính , dạy tận tình .","giáo_viên rất dễ_tính , dạy học tận_tình .","Giáo viên thì dễ tính, rất chu đáo."
1,giọng hơi khó nghe .,giọng thể hơi khó nghe .,Nghe hơi khó nghe.
2,cảm ơn thầy !,tạ ơn thầy !,Cảm ơn!
3,cô dễ tính dạy dễ hiểu nhiệt tình .,cô dễ_tính dạy học dễ hiểu nhiệt_tình .,"Anh dễ dạy, dễ hiểu, nhiệt tình..."
3,"thầy giáo nhiệt tình , đưa ra nhiều trường hợp cho thuật toán .","thầy_giáo nhiệt_tình , đưa ra nhiều trường_hợp cho ăng-go-rít .","Anh ấy là một giáo viên nhiệt tình, và anh ấy đã đưa ra rất nhiều trường hợp cho thuật toán."
3,cô dạy rất tận tâm nhiệt tình .,cô dạy học rất tận_tâm nhiệt_tình .,Anh đã dạy dỗ với sự tận tâm như vậy...
2,đảm bảo phần kiến thức cho sinh viên đạt được .,đảm_bảo phần tri thức cho sinh_viên đạt được .,Đảm bảo rằng phần kiến thức của chương trình học được đạt được.
2,em cảm ơn !,em cảm tạ !,Cảm ơn!
1,"rút kinh nghiệm về sau , em sẽ ở nhà code bài cờ tướng và đọc slide và không cần lên lớp quá chuyên cần nữa .","rút kinh_nghiệm về sau , em sẽ ở nhà code bài cờ_tướng và đọc lên slide và không cần lên lớp quá chuyên biệt cần nữa .","Tôi sẽ về nhà, lập trình cờ vua và đọc slide và không tham gia bất kỳ lớp học chuyên sâu nào nữa."
3,"thầy rất hiền và nhiệt tình quan tâm giúp đỡ chúng em , nhất là trong giờ thực hành nên em rất quý thầy .","thầy rất hiền và hăng hái quan_tâm giúp_đỡ chúng_em , nhất_là trong giờ thực_hành nên em rất quý_thầy .",Anh là một người đàn ông lịch thiệp và anh rất có ích cho chúng tôi đặc biệt là trong thực hành và tôi rất thích anh.
3,thầy chu đáo và tỉ mỉ .,thầy chu_đáo và cẩn thận tỉ mỉ .,Ông ấy rất chu đáo và tỉ mỉ.
2,thầy có vẻ quá hiền .,người giáo viên có_vẻ quá hiền .,Trông anh hiền lành quá...
1,cô dạy không nhiệt tình tuy có đầy đủ bài học .,cô dạy không nhiệt_tình tuy có khá giàu bài_học .,Anh đã không dạy tôi với tất cả sức mạnh của anh...
2,riêng bản thân em nhận thấy mình có thể học môn này mà không tham gia học đầy đủ trên lớp .,riêng bản_thân em nhận thấy mình có_thể học_môn này mà không tham_gia học bài đầy_đủ trên lớp .,Tôi đã nhận thấy bản thân mình có thể học điều này mà không cần tham gia lớp học.
3,"giảng dạy ngắn gọn , dễ hiểu .","giảng_dạy cô đọng , dễ hiểu .","Bài giảng ngắn gọn, dễ hiểu."
2,chào thầy !,chào hỏi thầy !,Xin chào!
3,"cô dạy tận tình , dễ hiểu , sử dụng thời gian lên lớp hợp lý .","cô dạy nhiệt tình , dễ hiểu , sử_dụng thời_gian lên lớp hợp_lý .","Bạn là một người thầy tận tâm, thấu hiểu, bạn đang sử dụng thời gian của mình một cách khôn ngoan."
3,cho sinh viên cơ hội tham gia project thực tế .,cho sinh_viên cơ_hội tham dự project thực_tế .,tạo cơ hội cho sinh viên tham gia vào một dự án thực tế.
3,"giảng hay , giảng viên vui tính , nhiệt tình .","giảng hay , giảng_viên vui_tính , sôi nổi .","Một giáo viên tuyệt vời, vui tính, nhiệt tình."
3,tận tình tích cực .,tận_tình hoạt động .,dành cho những điều tích cực
3,thầy viết chữ rất đẹp !,thầy giáo viết chữ rất đẹp !,Anh viết hay lắm!
1,nhất thiết phải đảm bảo yêu cầu về cơ sở vật chất phù hợp với môn học .,nhất_thiết phải bảo đảm yêu_cầu về cơ_sở vật_chất phù_hợp với môn_học .,Yêu cầu về cơ sở vật chất phải phù hợp với đối tượng.
2,"kiến thức , khả năng truyền đạt .","tri thức , khả_năng truyền_đạt .","Kiến thức, giao tiếp."
2,em không có ý kiến về vấn đề này .,em không có quan niệm về vấn_đề này .,Tôi không biết đây là cái gì...
3,khi cô dạy luôn cuốn hút sinh viên .,khi cô dạy luôn lôi cuốn sinh_viên .,Khi anh dạy rằng anh luôn thu hút sinh viên...
3,nắm được các kiến thức quan trọng .,nắm được các học vấn quan_trọng .,Tiếp thu kiến thức cần thiết.
3,"rèn luyện kiến thức chuyên môn , tận tâm , nhiệt tình hơn .","huấn luyện kiến_thức chuyên_môn , tận_tâm , nhiệt_tình hơn .","đào tạo về kiến thức chuyên môn, sự tận tâm, nhiệt tình."
2,có nghĩ 2 buổi không hề báo trước .,có nghĩ 2 buổi không hề thông báo trước .,Tôi nghĩ hai buổi điều trị không báo trước...
3,giảng dạy ngắn gọn dễ hiểu 10 fraction 10 điểm cho thầy luôn .,giảng_dạy ngắn_gọn dễ hiểu 10 fraction 10 điểm cho người giáo viên luôn .,"Tôi sẽ cho các bạn một bài giảng nhanh chóng, dễ hiểu 10% 10 điểm cho tôi"
2,cơ mà em nghĩ là thầy phải hơn cả tuổi ba em .,cơ mà em nghĩ là người thầy phải hơn cả tuổi ba em .,Tôi tưởng ông lớn hơn bố tôi.
1,"nên xắp xếp lịch báo cáo , thuyết trình một cách cụ thể , giúp cho sinh viên chủ động được thời gian cũng như nắm bắt được kiến thức cụ thể của từng buổi .","nên xắp xếp lịch báo_cáo , thuyết_trình một_cách cụ_thể , cứu đỡ cho sinh_viên cố tình được thời_gian cũng như nắm_bắt được kiến_thức cụ_thể của từng buổi .","Đảm bảo bạn lên lịch trình cho các báo cáo, thuyết trình cụ thể, và cho phép học sinh chủ động lên lịch trình và nắm được kiến thức cụ thể của từng buổi học."
2,everything .,everything .,Mọi thứ.
2,giảng bài tập kết hợp lý thuyết .,giảng dạy bài_tập_kết_hợp lý_thuyết .,Bài giảng về bài tập lý thuyết khớp.
3,cô giảng dễ hiểu và nhiệt tình .,cô thuyết giảng dễ hiểu và nhiệt_tình .,"Cô là một giáo viên giỏi, và cô nhiệt tình."
1,dạy lố giờ .,dạy học lố giờ .,Tôi đang phản ứng thái quá.
3,giảng dạy hay .,giảng_dạy hay .,Dạy hoặc...
2,ra các dạng của đề thi !,ra các kiểu của đề_thi !,xuất các kiểu kiểm thử!
1,cần phải có phương pháp giảng dạy linh hoạt và sáng tạo để gây hứng thú cho người học .,cần phải có biện pháp giảng_dạy linh_hoạt và sáng_tạo để gây hứng_thú cho người học .,"Điều quan trọng là phải có phương pháp dạy học linh hoạt và sáng tạo, đem lại niềm vui cho học sinh."
3,"giáo viên tận tình , dạy truyền đạt tốt .","giáo_viên tận_tình , dạy truyền tải tốt .","giáo viên tận tuỵ, giao tiếp tốt..."
3,"giảng bài chi tiết , cụ thể .","giảng bài cụ thể , cụ_thể .","Mô tả chi tiết, cụ thể."
1,"hình thức 2 cần có sự phân bố thời gian gặp sinh viên hợp lý , không thể để cuối kỳ , gặp rồi cho đồ án liên tục , ảnh hưởng đến việc ôn tập cho kỳ thi cuối kỳ của sinh viên .","hình_thức 2 cần có sự phân_bố thời_gian gặp sinh_viên hợp_lý , không_thể để cuối kỳ , gặp rồi cho đồ_án sự tiếp tục , kích động đến việc ôn_tập cho kỳ kiểm tra cuối kỳ của sinh_viên .","Mẫu 2 yêu cầu phân bổ thời gian hợp lý để gặp học sinh, không thể rời buổi học cuối khóa, gặp học sinh để học các đề tài liên tục, ảnh hưởng đến việc học tập của học sinh cho kỳ thi cuối khóa."
1,"máy nghe nên được trang bị tốt hơn , phòng học nên sáng hơn .","máy nghe nên được trang_bị tốt hơn , phòng học bài nên sáng hơn .","Thiết bị nghe nên được trang bị tốt hơn, lớp học sáng sủa hơn."
2,thực tế với hiện trạng .,hiện trạng với hiện_trạng .,thực tế với hiện trạng.
1,thầy dạy chán chưa thu hút học sinh .,thầy dạy học chán chưa thu_hút học_sinh .,Tôi không quan tâm đến sinh viên.
3,thầy dạy rất hay ạ !,thầy dạy học rất hay ạ !,Cô dạy giỏi lắm!
2,làm bài tập về nhà .,làm bài_tập về nhà .,Làm bài tập về nhà.
3,thầy giảng rất hay !,giáo viên giảng rất hay !,Cô dạy giỏi lắm!
3,giảng viên nhiệt tình và tận tâm với sinh viên .,giảng_viên hăng hái và tận_tâm với sinh_viên .,Giáo sư nhiệt tình và tận tâm với sinh viên.
3,"cô giảng dạy nhiệt tình , giải đáp thắc mắc cho sinh viên nhanh chóng , kiên nhẫn giải thích cho sinh viên .","cô giảng_dạy nhiệt_tình , giải_đáp thắc_mắc cho sinh_viên nhanh_chóng , kiên_nhẫn giải nghĩa cho sinh_viên .","Cô ấy nhiệt tình, trả lời câu hỏi nhanh chóng, kiên nhẫn giải thích cho các sinh viên."
1,"đôi khi bài thực hành và lý thuyết không khớp gì nhau cả , có 2 tuần lớp thực hành học trước lý thuyết .","đôi_khi bài thực_hành và lý_thuyết không khớp gì nhau cả , có 2 tuần lễ lớp thực_hành_học trước lý_thuyết .","Đôi khi thực hành và lý thuyết không khớp nhau, có một lớp thực hành hai tuần trước khi lý thuyết."
2,mọi thứ .,mọi thứ .,Mọi thứ...
2,có tương tác với học sinh .,có liên kết với học_sinh .,tương tác với học sinh...
3,"giáo viên truyền đạt tốt , tạo nhiều cảm hứng cho sinh viên , giúp nâng cao trình độ ngoại ngữ .","giáo_viên truyền_đạt tốt , tạo nhiều nguồn cảm hứng cho sinh_viên , giúp nâng cao trình_độ ngoại_ngữ .",giáo viên là người giao tiếp tốt truyền cảm hứng cho học sinh và cải thiện trình độ ngôn ngữ của chúng.
2,khả năng truyền tải kiến thức .,khả_năng truyền_tải tri thức .,Khả năng truyền tải kiến thức.
2,không có ý kiến khác .,không có quan niệm khác .,Không bình luận gì khác.
1,thái độ hơi khó chịu với sinh viên .,thái_độ thể hơi khó_chịu với sinh_viên .,Một chút khó chịu với các sinh viên...
1,thầy wzjwz247 đôi lúc nhìn hơi bị bí hiểm em cảm thấy sợ vì điều này .,thầy wzjwz247 đôi_lúc nhìn hơi bị bí_hiểm em cảm giác sợ vì điều này .,"Ngài biết không, đôi khi nó hơi bí ẩn, và tôi sợ điều này."
3,thầy giảng rất tận tâm .,thầy giảng dạy rất tận_tâm .,Ông ấy rất tận tâm...
1,trong khi thầy dạy sinh viên chỉ hiểu được vài gạch đầu dòng thì lại làm một vấn đề mà google cũng bó tay .,trong khi người giáo viên dạy sinh_viên chỉ hiểu được vài gạch thứ nhất dòng thì lại làm một vấn_đề mà google cũng bó_tay .,"Và ông ấy dạy sinh viên hiểu một vài gạch đầu dòng, nhưng ông ấy đã làm một điều mà Google không thể làm."
3,"khả năng truyền đạt kiến thức cao , thường hay gọi lên bảng để kiểm tra năng lực sinh viên .","khả_năng truyền tin kiến_thức cao , thường hay gọi lên bảng để kiểm_tra năng_lực sinh_viên .","khả năng giao tiếp cao, thường được gọi lên hội đồng để kiểm tra năng lực của sinh viên."
1,"các bài tập của nhóm đều tự làm , hoặc có tham khảo số liệu thống kê để phân tích thị trường nhưng lại làm tỉ lệ sao chép theo thuật toán của turnitindotcom > 30% ( theo thầy nói bài > 30 % sẽ bị 0 điểm ) .","các bài_tập của nhóm đều tự làm , hoặc có tham_khảo con số thống kê khoa học thống kê để phân_tích thị trường chứng khoán nhưng lại làm tỉ_lệ sao_chép theo thuật_toán của turnitindotcom > 30 % ( theo thầy nói bài > 30 % sẽ bị số 0 điểm ) .",Các bài tập nhóm hoặc là tự làm hoặc dựa trên thống kê để phân tích thị trường nhưng chúng đã được sao chép > 30% theo thuật toán turnitindotcom (cộng 30% là điểm không theo giáo viên của tôi).
2,cho bài tập và ví dụ .,cho bài_tập và thí dụ .,để làm bài tập và ví dụ.
2,"thưa , không có ạ .","thưa , không có ạ .","Không, thưa ngài, tôi không biết."
1,khi sinh viên hỏi phải có câu trả lời chính xác không được bỏ qua những câu hỏi của sinh viên .,khi sinh_viên hỏi phải có câu đáp lại chính_xác không được bỏ_qua những câu hỏi của sinh_viên .,"Khi học sinh yêu cầu câu trả lời chính xác, đừng phớt lờ câu hỏi của học sinh."
1,lịch thực hành ban ra quá trễ !,lịch thực_hành ban tặng ra quá trễ !,Lịch luyện tập được ban hành quá trễ!
3,thầy cô giáo dạy rất nhiệt tình và vui vẻ .,thầy_cô_giáo dạy học rất nhiệt_tình và vui_vẻ .,Các giáo viên rất nhiệt tình và hạnh phúc.
2,giảng dạy .,giảng_dạy .,Dạy.
1,lượng kiến thức quá nhiều trong một học kỳ .,lượng học vấn quá nhiều trong một học_kỳ .,Đó là rất nhiều kiến thức trong một học kỳ.
3,"giáo trình rõ ràng , bài tập đầy đủ nội dung đã học .","giáo_trình dễ hiểu , bài_tập đầy_đủ nội_dung đã học .","Bạn nên viết rõ đề cương, hoàn thành bài tập, và thông tin mà bạn đã học."
1,hay nghỉ .,hay đi nghỉ .,hoặc dừng lại.
2,áp dụng .,dùng .,"Nếu bạn không thể tìm được một người bạn thân, bạn có thể tìm đến họ."
1,"cô tận tình với học sinh , nhưng còn thiếu cách truyền đạt một chút .","cô tận_tình với học_sinh , nhưng còn thiếu cách truyền tin một_chút .","Anh rất tận tâm với sinh viên, nhưng anh lại thiếu một chút giao tiếp."
2,em không ý kiến .,em không cách nhìn .,Tôi không biết nữa
2,"môn thực hành này , về kiến thức , học tập , chủ yếu là em trao đổi với bạn học và với giáo viên lý thuyết cô wzjwz152 .","môn thực_hành này , về kiến_thức , học_tập , chủ_yếu là em trao_đổi với bạn học bài và với nghề sư phạm lý_thuyết cô wzjwz152 .","Việc thực hành này, xét về mặt kiến thức, học tập, chủ yếu là bạn nói chuyện với bạn cùng lớp và giáo viên lý thuyết của bạn, cô Wzjwz."
1,"cô dạy nhiệt tình nhưng nói qua rất nhỏ , khó nghe .","cô dạy học nhiệt_tình nhưng nói qua rất nhỏ , khó nghe .","Cô dạy rất hăng hái nhưng cô nói rất khẽ, khó nghe."
3,"thầy có tâm và rất tận tình , rõ ràng trong các thông báo .","thầy có tâm và rất nhiệt tình , rõ_ràng trong các thông_báo .","Anh rất chu đáo và tận tâm, như đã được nêu rõ trong các thông báo."
2,"chuẩn bị đầy đủ các phần mềm , chương trình cần thiết sẵn trong các phòng thực hành phù hợp với đặc trưng môn học .","sắp đặt đầy_đủ các phần_mềm , chương_trình cần_thiết sẵn trong các phòng thực_hành phù_hợp với đặc_trưng môn_học .","- Chuẩn bị đầy đủ các phần mềm, chương trình cần thiết trong phòng thực hành phù hợp với môn học."
2,không có ạ .,không có ạ .,"Không, thưa ngài."
1,giảng viên vào lớp toàn đọc báo bấm slide thời lượng không được bảo đảm tầm 9h là đi họp hoài .,giảng_viên vào lớp toàn đọc báo cắt tỉa ngọn slide thời_lượng không được bảo_đảm tầm 9 h là đi tập hợp hoài .,"Những giảng viên đến lớp và đọc bài báo và nhấp chuột vào slide, họ không được bảo đảm sẽ có mặt trong cuộc họp trước 9: 00."
2,thực hành đầy đủ .,thực_hành có của ăn của để .,Bạn có thể thực hành một cách đầy đủ.
1,phòng ốc nên sạch sẽ hơn thì sinh viên sẽ có hứng thú ngồi lâu hơn trong phòng học .,phòng_ốc nên sạch hơn thì sinh_viên sẽ có hứng_thú ngồi lâu hơn trong phòng học .,"Nếu phòng học sạch sẽ hơn, học sinh sẽ có nhiều khả năng ngồi lâu hơn trong lớp."
3,"giảng viên vui vẻ hòa đồng , tận tâm với sinh viên , truyền đạt kiến thức tốt .","giảng_viên trở nên vui tính hòa đồng , tận_tâm với sinh_viên , truyền_đạt kiến_thức tốt .","Giáo sư là người vui tính, tận tâm với sinh viên, và truyền đạt kiến thức tốt."
3,thầy dạy kỹ càng .,người giáo viên dạy kỹ_càng .,Tôi đã dạy cô rất tốt.
1,không nên sử dụng thực hành hình thức 2 .,không nên xài thực_hành hình_thức 2 .,Không nên sử dụng phương pháp thực hành form 2.
1,"quá ô nhiễm tiếng ồn , mệt mỏi và chán học !","quá gây ô nhiễm tiếng ồn , mệt_mỏi và chán_học !","Ồn ào quá, mệt mỏi và chán nản!"
1,giáo viên nghỉ dạy .,giáo_viên nghỉ dạy học .,Thầy giáo không có ở đây.
1,thầy chỉ làm việc của thầy .,giáo viên chỉ làm_việc của giáo viên .,Tôi chỉ làm việc của mình thôi.
2,chơi trò chơi .,chơi trò giải trí .,Chơi một trò chơi.
1,"giảng viên cần phải nói rõ hơn , giới thiệu , phân tích , cho ví dụ minh họa .","giảng_viên cần phải nói rõ hơn , giới_thiệu , phân_tích , cho thí dụ minh_họa .","Giảng viên nên cụ thể hơn, trình bày, phân tích và đưa ra ví dụ."
2,thầy rất ít nổi nóng .,người thầy rất ít nổi_nóng .,Tôi không giận lắm.
1,"thú vị , cải thiện khả năng giao tiếp bằng tiếng anh .","tốt , cải_thiện khả_năng giao_tiếp bằng tiếng anh .","Điều thú vị là, nó cải thiện khả năng giao tiếp tiếng Anh của chúng ta."
3,"giảng viên dạy rất hay , bài tập khá đa dạng , đi thi nắm vững được các dạng nên không cần học tủ , thầy rất nhiệt tình .","giảng_viên dạy rất hay , bài_tập khá đa_dạng , đi thi nắm vững được các dạng nên không cần học bài tủ , người thầy rất nhiệt_tình .","Ông dạy rất tốt, làm rất nhiều bài tập, làm bài kiểm tra, nắm vững nó, ông rất nhiệt tình."
3,"lên lớp đúng giờ , tận tâm với sinh viên .","lên vỉa đúng giờ , tận_tâm với sinh_viên .","Hãy đến đúng giờ, tận tâm với học sinh của mình."
1,thật sự để đánh giá tổng quát được chất lượng đào tạo thì có lẽ một sinh viên phải học qua nhiều giáo viên mới có cái nhìn tổng quát về cách giảng dạy và chất lượng .,thật_sự để đánh_giá tổng_quát được phẩm chất rèn luyện thì có_lẽ một sinh_viên phải học qua nhiều giáo_viên mới có cái nhìn tổng_quát về cách giảng_dạy và phẩm chất .,"Trong thực tế, để thực sự đánh giá chất lượng giáo dục tổng thể, một học sinh có thể phải học với nhiều giáo viên để có cái nhìn chung về giảng dạy và chất lượng."
3,"giảng viên rất tận tâm , nhiệt tình , gần gũi sinh viên .","giảng_viên rất tâm huyết , nhiệt_tình , gần_gũi sinh_viên .","Các giảng viên tận tuỵ, nhiệt tình, gần gũi với sinh viên..."
2,em không có ý kiến gì cả .,em không có quan điểm gì cả .,Tôi không biết...
1,may mắn cho các sinh viên sau này không còn làm việc với giảng viên này .,vớ bẫm cho các sinh_viên sau_này không còn làm_việc với giảng_viên này .,Thật may mắn cho những sinh viên sau này không còn làm việc với giảng viên này nữa...
3,"cô có khả năng truyền đạt tốt , giảng dạy kết hợp với luyện tập các kỹ năng cơ bản trong môn học rất linh hoạt và hấp dẫn , cô có sự nhiệt tình lớn .","cô có khả_năng truyền_đạt tốt , giảng_dạy kết_hợp với luyện_tập các kỹ_năng cơ_bản trong môn_học rất linh_hoạt và kích thích tò mò , cô có sự sôi nổi lớn .","Cô ấy có kỹ năng giao tiếp tốt, cô ấy dạy và thực hành các kỹ năng cơ bản của môn học, cô ấy rất nhiệt tình."
3,rất thực tiễn .,rất kinh nghiệm .,Nó rất thiết thực.
3,"dạy đầy đủ kiến thức , hỗ trợ sinh viên tốt .","dạy đầy_đủ học thức , hỗ_trợ sinh_viên tốt .","Dạy đủ, hỗ trợ học sinh tốt."
2,vì môn vậy lý kỹ thuật sinh viên chỉ học để lấy điểm cao kéo điểm trung bình lên thôi .,vì môn vậy_lý kỹ_thuật sinh_viên chỉ học để lấy điểm cao kéo lê điểm trung_bình lên thôi .,"Vậy, vật lý kỹ thuật, bạn học để đạt điểm cao, bạn có điểm trung bình cao hơn."
1,cần có thêm nhiều bài tập .,cần có thêm nhiều bài_tập .,Bạn cần làm thêm bài tập về nhà.
2,em chưa gặp thầy lần nào .,em chưa gặp người giáo viên lần nào .,Tôi chưa từng gặp anh.
1,cô dạy còn hơi nhanh hơi thuần lý thuyết .,cô dạy còn thể hơi nhanh_hơi thuần lý_thuyết .,"Anh hơi nhanh, hơi lý thuyết..."
2,truyền đạt .,truyền tải .,Hãy nói chuyện với họ.
3,"dạy dễ hiểu , vui vẻ , tận tình .","dạy dễ hiểu , vui tính , tận_tình .","Dễ hiểu, vui vẻ, chu đáo."
3,"giảng kỹ , hay .","thuyết trình kỹ , hay .","bài giảng, hay..."
2,thêm giờ thực hành .,thêm giờ thực_hành .,Thêm giờ luyện tập.
3,"giáo viên vui tính , dạy dễ hiểu .","giáo_viên vui_tính , dạy học dễ hiểu .","Thầy giáo vui tính, dễ hiểu."
1,hay bị về trễ colonsad .,hay bị về trễ colonsad .,Hay trễ giờ ăn tối...
3,"thầy wzjwz262 nhiệt tình , truyền đạt tốt kiến thức , giới thiệu thêm nhiều nguồn tài liệu cho sinh viên .","thầy wzjwz262 hăng hái , truyền_đạt tốt kiến_thức , giới_thiệu thêm nhiều nguồn tài_liệu cho sinh_viên .","Ông Wzjwz * rất nhiệt tình, giao tiếp tốt và giới thiệu nhiều nguồn tài nguyên hơn cho học sinh."
1,khả năng truyền đạt kiến thức kém .,khả_năng truyền_đạt tri thức kém .,Truyền đạt kiến thức kém.
3,"tài liệu , nội dung bài học thầy wzjwz197 cung cấp đầy đủ , chi tiết .","tài_liệu , nội_dung bài_học thầy wzjwz197 cung_cấp đầy_đủ , cụ thể .","tài liệu, nội dung của giáo viên bài giảng wzjwz197 cung cấp đầy đủ, chi tiết."
1,thường đi trễ .,thường nằm tù trễ .,thường muộn.
1,đôi khi giảng bài quá nhanh .,đôi_khi giảng dạy bài quá nhanh .,Đôi khi tôi quá nhanh.
1,cô cho bài tập về nhà hơi nhiều .,cô cho bài_tập về nhà thể hơi nhiều .,Anh đã cho em rất nhiều bài tập về nhà.
1,phương pháp dạy còn chưa thực sự thu hút được sự chú ý của sinh viên gây nên nhàm chán và thụ động .,biện pháp dạy còn chưa thực_sự thu_hút được sự chú_ý của sinh_viên gây nên nhàm_chán và thụ_động .,"Phương pháp dạy học không thực sự thu hút sự chú ý của học sinh, điều này rất nhàm chán và thụ động."
3,giảng viên giảng dạy dễ hiểu .,giảng_viên giảng_dạy dễ hiểu .,Giáo viên thì dễ hiểu.
1,dạy song song hai lớp cùng lúc và không dạy nhiệt tình cho sinh viên trường đại học công nghệ thông tin .,dạy song_song hai lớp cùng lúc và không dạy nhiệt_tình cho sinh_viên trường lực đại_học công_nghệ_thông_tin .,dạy song song và không dạy nhiệt tình cho sinh viên đại học CNTT.
1,khi học sinh nào có ý kiến muốn phát biểu thì thầy tranh luận tới cùng .,khi học_sinh nào có ý_kiến muốn phát_biểu thì thầy luận bàn tới cùng .,"Khi học sinh có bất kỳ ý tưởng nào về điều họ muốn nói, ông ấy luôn tranh luận với chúng."
1,chương trình học quá nhiều và nhiều phần không cần thiết .,chương_trình học quá nhiều và nhiều phần không thiết thực .,chương trình học quá nhiều và quá nhiều phần không cần thiết.
3,thầy rất thoáng và thoải mái .,thầy rất thoáng và dễ chịu .,Anh rất cởi mở và thoải mái.
3,giảng viên vần tạo thêm động lực học cho sinh viên .,giảng_viên vần tạo thêm động_lực học bài cho sinh_viên .,Giáo trình sẽ giúp thúc đẩy học sinh.
2,cũng hài lòng .,cũng thoả mãn .,Tôi hạnh phúc.
3,em thích cách dạy của thầy .,em thích cách dạy của giáo viên .,Tôi thích cách dạy của anh...
2,cách nói chuyện .,cách trò chuyện .,Nói chuyện thế nào...
1,tăng thời gian học vì anh văn là môn học khó .,tăng thời giờ học vì anh văn là môn_học khó .,Tăng thời gian lên vì tiếng Anh là môn khó...
3,vận dụng được một số kiến thức để áp dụng những môn học sau .,vận_dụng được một_số kiến_thức để sử dụng những môn_học sau .,Họ có thể áp dụng một số đối tượng sau đây.
1,nên có nhiều bài tập vận dụng về nhà cho sinh viên .,nên có nhiều bài_tập vận_dụng về nhà cho sinh_viên .,"Vì vậy, có rất nhiều bài tập về nhà cho sinh viên."
2,giảng viên không có tính hài hước .,giảng_viên không có tính hài_hước .,Người hướng dẫn không có khiếu hài hước.
2,em cám ơn .,em cám_ơn .,Tôi cảm ơn...
1,"làm các bài lab trên win server 2012 rất khác so với win server 2003, mà lại toàn cho làm các bài lab trên win server 2003, có vẻ cũ .","làm các bài lab trên win server 2012 rất khác so với win server 2003 , mà_lại toàn cho làm các bài lab trên win server 2003 , giống như cũ .","làm phòng thí nghiệm trên win server 2012 là rất khác nhau từ win server 2003, đó là tất cả các phòng thí nghiệm trên win server 2003, có vẻ cũ."
1,cần tiếp cận với sinh viên nhiều hơn .,cần tiếp_cận với sinh_viên nhiều hơn .,Chúng ta cần tiếp cận với học sinh nhiều hơn.
1,"không có hoạt động nhóm , bài tập ít .","không có vui chơi nhóm , bài_tập ít .","Không hoạt động nhóm, ít vận động..."
2,về cách cho sinh viên thảo luận nhóm .,về cách cho sinh_viên bàn luận nhóm .,về cách thảo luận nhóm cho học sinh.
1,chưa chuẩn bị kỹ nội dung giảng dạy .,chưa sắp đặt kỹ nội_dung giảng_dạy .,Không chuẩn bị tài liệu giảng dạy tốt.
2,đánh giá tính chuyên cần .,giám định tính chuyên_cần .,đánh giá sự cống hiến của bạn.
1,không tạo được sự tâp trung hứng thú cho sinh viên .,không tạo được sự tâp_trung_hứng động vật có vú cho sinh_viên .,Nó không cho sinh viên sự tập trung tốt.
2,"giờ quen miệng , nói câu đó quài .","giờ lặp đi lặp lại , nói câu đó quài .",Giờ thì anh đã quen nói thế rồi.
3,"cách truyền đạt , sự tận tâm .","cách truyền_đạt , sự tâm huyết .","Sự giao tiếp, sự cam kết..."
3,"giảng viên nhiệt tình , giảng dạy tốt , dễ hiểu .","giảng_viên sôi nổi , giảng_dạy tốt , dễ hiểu .","Ông ấy là một giáo viên nhiệt tình, được dạy dỗ tốt, hiểu biết."
3,"thầy vui tính , giảng bài dễ hiểu , nhiệt tình .","người thầy vui_tính , giảng_bài dễ hiểu , nhiệt_tình .","Ông ấy rất hài hước, ông ấy đã có một bài giảng nhiệt tình và hiểu biết."
2,sự nhiệt tình giảng dạy của giảng viên .,sự hăng hái giảng_dạy của giảng_viên .,Sự nhiệt tình của các giảng viên...
2,dễ .,dễ .,Dễ thôi.
2,không có ý kiến gì ạ .,không có cách nhìn gì ạ .,"Không, không, không."
2,không có ý kiến thêm .,không có quan niệm thêm .,không thêm bình luận nào nữa.
1,cô dạy hay nhưng phòng máy nhiều hôm thiếu máy .,cô dạy học hay nhưng phòng máy nhiều hôm thiếu máy .,"Anh dạy giỏi lắm, nhưng phòng máy đầy máy móc."
2,cô lo sợ sinh viên sẽ không thể hiểu được nhưng thật sự thì để đỗ được đại học thì mức độ tư duy của các sinh viên đã tương đối tốt .,cô lo_sợ sinh_viên sẽ không_thể hiểu được nhưng thực sự thì để đỗ được đại_học thì chừng độ tư_duy của các sinh_viên đã tương_đối tốt .,"Tôi đã sợ sinh viên sẽ không hiểu, nhưng thực ra, họ đang nghĩ khá tốt để vào đại học."
3,"giảng viên đảm bảo giờ giấc , học bù đầy đủ .","giảng_viên bảo đảm giờ_giấc , học_bù đầy_đủ .","Giáo viên đúng giờ, họ bù đắp cho nó."
1,"em không ý kiến gì về việc thầy chấm khó hay dễ nhưng nếu chấm khó thì thầy nên quan tâm đầu tư về việc giảng dạy nhiều hơn , tạo nhiều hoạt động hỗ trợ và thúc đẩy sinh viên làm đồ án .","em không quan niệm gì về việc thầy chấm khó hay dễ nhưng nếu chấm khó thì thầy nên quan_tâm đầu_tư về việc giảng_dạy nhiều hơn , tạo nhiều vui chơi hỗ_trợ và thôi thúc sinh_viên làm đồ_án .","Tôi không biết bạn chấm điểm nặng hay dễ, nhưng nếu bạn chấm điểm nặng, thì bạn nên quan tâm hơn đến việc giảng dạy, và hỗ trợ nhiều hơn và thúc đẩy sinh viên thực hiện dự án của họ."
2,em thi giữa kỳ được 9dot5 điểm .,em làm bài kiểm tra giữa kỳ được 9 dot5 điểm .,Tôi có 9.00 trong kỳ thi giữa kỳ.
1,"có rất nhiều thiết bị đang xuống cấp và hư hỏng , ảnh hưởng đến chất lượng giảng dạy .","có rất nhiều thiết_bị đang xuống_cấp và hư_hỏng , kích thích đến chất_lượng giảng_dạy .","Có rất nhiều thiết bị đang xuống cấp và bị hỏng, ảnh hưởng đến chất lượng giảng dạy."
2,"lớp có 3 thầy nhưng không biết thầy wzjwz282 , 3 thầy đó là doubledot wzjwz283 , wzjwz284 , wzjwz285 .","vỉa có 3 giáo viên nhưng không biết giáo viên wzjwz282 , 3 giáo viên đó là doubledot wzjwz283 , wzjwz284 , wzjwz285 .","Chúng tôi có ba giáo viên, nhưng chúng tôi không biết họ là ai."
3,thầy dạy cung cấp rất nhiều ví dụ thực tế .,thầy dạy cho ăn rất nhiều ví_dụ thực_tế .,Ông ấy cho tôi rất nhiều ví dụ thực tế.
1,slide quá dài và dùng từ ngữ khó hiểu .,slide quá dài và dùng từ_ngữ khó hiểu .,Các slide quá dài và khó hiểu.
2,không có gì để phàn nàn .,không có gì để phàn_nàn .,Không phàn nàn.
1,"cần có một phòng máy tốt hơn , hiện đại hơn .","cần có một phòng ngừa máy tốt hơn , hiện_đại hơn .","Tôi cần một phòng máy tốt hơn, hiện đại hơn."
2,hay kể chuyện cho lớp em nghe .,hay kể chuyện cho vỉa em nghe .,Hoặc kể chuyện cho lớp của bạn...
1,nếu có thì cũng xin xem lại chất lượng môn này .,nếu có thì cũng xin xét lại chất_lượng môn này .,"Nếu vậy, xin vui lòng xem xét chất lượng của khóa học này."
2,giải bài tập về nhà .,tìm mã bài_tập về nhà .,Tôi đang cố giải quyết bài tập về nhà.
3,đảm bảo cân bằng giữa học lý thuyết và làm bài tập .,bảo đảm cân_bằng giữa học lý_thuyết và làm bài_tập .,Đảm bảo có sự cân bằng giữa học lý thuyết và làm bài tập về nhà.
3,cô giảng bài rất dễ hiểu .,cô giảng_bài rất dễ hiểu .,Anh giải thích rất tốt.
2,thầy cho bài tập về nhà hàng tuần .,giáo viên cho bài_tập về nhà_hàng tuần .,Ông ấy đưa bài tập về nhà cho tôi mỗi tuần.
2,về các ví dụ .,về các thí dụ .,Về các ví dụ.
3,nhiệt tình giúp đỡ học sinh .,nhiệt_tình trợ lí học_sinh .,nhiệt tình giúp đỡ học sinh.
2,đến lớp dúng giờ !,đến vỉa dúng giờ !,Đến lớp đúng rồi!
2,lớp học thực hành luôn duy trì sĩ số 10 - 50 sinh viên .,lớp_học thực_hành luôn duy_trì_sĩ số 10 - 50 sinh_viên .,Lớp học thực hành luôn phải có từ 10-50 học viên.
1,sinh viên được được thuyết trình nhưng thật sự chưa hiểu quả .,sinh_viên được được hùng biện nhưng thật_sự chưa hiểu quả .,"Sinh viên được giảng bài, nhưng họ không thực sự hiểu."
2,"giảng viên cố gắng tìm đủ thiết bị , dụng cụ cho sinh viên thực hành .","giảng_viên cố_gắng tìm đủ thiết_bị , công cụ cho sinh_viên thực_hành .",Người hướng dẫn cố gắng tìm đủ thiết bị cho học sinh thực hành.
1,cần phân chia trình độ giữa các bạn để chia lớp rõ ràng hơn .,cần phân_chia trình_độ giữa các bạn để chia vỉa rõ_ràng hơn .,Điều quan trọng là bạn cần tách bạch các cấp độ để có thể phân chia lớp rõ ràng hơn.
1,lâu lâu thầy nói cực nhanh nghe không kịp ý thầy .,lâu_lâu thầy nói chiều phân cực nhanh nghe không kịp ý thầy .,Đôi khi tôi nói quá nhanh và không thể kìm được.
3,giáo viên giảng dạy nhiệt tình .,giáo_viên giảng_dạy hăng hái .,Cô giáo rất nhiệt tình...
1,"slide còn hơi khô khan , cách giải thích của giảng viên còn chưa thuyết phục dễ hiểu .","slide còn hơi không thú vị , cách giải_thích của giảng_viên còn chưa thuyết_phục dễ hiểu .","Các slide hơi khô, lời giải thích của giảng viên chưa thuyết phục lắm."
2,kiến thức được đưa vào ứng dụng nhiều bài toán .,vốn học được đưa vào ứng_dụng nhiều bài_toán .,Kiến thức được áp dụng cho nhiều vấn đề.
2,kiến thức xã hội .,tri thức xã_hội .,Kiến thức xã hội.
2,làm bài tập .,làm bài_tập .,Làm bài tập về nhà.
2,"buổi đầu tiên là một bài thực hành đơn giản , buổi thứ 2 chia nhóm và thông báo đề tài đồ án cuối kỳ , buổi thứ 3 là chấm đồ án .","buổi đầu_tiên là một bài thực_hành đơn_giản , buổi thứ 2 chia nhóm và cho biết đề_tài đồ_án cuối kỳ , buổi thứ 3 là tạo đốm đồ_án .","Buổi đầu tiên là một bài tập đơn giản, buổi thứ hai chia nhóm và công bố dự án cuối cùng, và buổi thứ ba đánh dấu dự án."
3,"khi sinh viên có thắc mắc về bài tập thì giáo viên chỉ dẫn tận tình , dễ hiểu .","khi sinh_viên có thắc_mắc về bài_tập thì giáo_viên chỉ_dẫn nhiệt tình , dễ hiểu .","Khi học trò đặt câu hỏi về một bài tập, thì giáo viên sẽ cho bạn một hướng dẫn rõ ràng, đầy yêu thương."
2,thầy có hướng dẫn vào lúc thực hành .,thầy có chỉ dẫn vào lúc thực_hành .,Tôi có hướng dẫn thực hành.
3,"thầy dạy rất tận tâm và dễ hiểu , tuy bị mất căn bản nhập môn lập trình nhưng sau mỗi buổi học của thầy , em cảm thấy vô cùng hứng thú và có động lực hơn với môn lập trình hướng đối tượng nói riêng và những môn có liên quan đế lập trình khác nói chung .","thầy dạy rất tận_tâm và dễ hiểu , tuy bị mất căn_bản nhập_môn lập_trình nhưng sau mỗi buổi học của thầy , em cảm giác hết sức hứng_thú và có động_lực hơn với môn lập_trình đặt hướng chủ thể nói_riêng và những môn có liên_quan đế lập_trình khác nói_chung .","Bạn là một giáo viên tận tuỵ và dễ hiểu, mặc dù đã mất đi những kỹ năng lập trình cơ bản, nhưng bạn đã trở nên quan tâm và có động lực hơn trong lập trình hướng đối tượng nói riêng và các môn liên quan đến lập trình nói chung."
3,cô giảng dễ hiểu giúp em tiếp thu bài rất nhanh .,cô giảng dễ hiểu giúp ích em tiếp_thu bài rất nhanh .,"Cô là một giáo viên giỏi, cô dễ hiểu."
2,phần tài liệu .,phần tài_liệu .,( Tài liệu).
2,không có điều gì không hài lòng về thầy .,không có điều gì không thoả mãn về thầy .,Không có gì làm bạn không hài lòng.
2,không có điều không hài lòng .,không có_điều không mãn nguyện .,"Không, không có gì không vừa ý."
2,có bám sát chương trình dạy .,có bám chặt sát chương_trình dạy .,Tôi đang theo chương trình học.
2,tâm sự của một đứa sinh viên bị thầy đánh rớt .,tâm_sự của một đứa sinh_viên bị thầy giáo đánh rớt .,Một học sinh có thầy giáo trượt trong lớp...
1,"phương pháp thầy cho các bạn thuyết trình trên lớp cũng không khả quan , một buổi học đến 4 nhóm thuyết trình về 4 chủ đề khác nhau .","biện pháp thầy giáo cho các bạn thuyết_trình trên lớp cũng không khả_quan , một buổi học đến 4 nhóm thuyết_trình về 4 chủ_đề khác nhau .",Tôi cũng không cho các bạn một bài thuyết trình hay trên lớp - - 4 nhóm người khác nhau thuyết trình về 4 chủ đề khác nhau.
3,"thầy dạy dễ hiểu , rất hài lòng .","thầy dạy dễ hiểu , rất mãn nguyện .","Anh ta dễ hiểu, rất dễ mến."
2,đó là tại sao .,đó là tại_sao .,Đó là lý do tại sao...
1,chỉ làm bài tập dựa trên tài liệu và tìm kiếm trên mạng .,chỉ làm bài_tập tựa trên tài_liệu và tìm_kiếm trên mạng .,Bạn chỉ cần làm bài tập dựa trên tài liệu và tìm kiếm trên mạng.
3,thầy dạy dễ hiểu có tâm .,thầy dạy dễ hiểu có trung điểm .,Cô là một giáo viên tốt.
2,dạy đủ giờ !,dạy học đủ giờ !,Dạy đủ giờ!
3,"cách dạy chậm rãi , dễ hiểu , giảng viên thân thiện với sinh viên .","cách dạy học chậm_rãi , dễ hiểu , giảng_viên thân_thiện với sinh_viên .","Nó chậm, dễ hiểu, và giáo viên thân thiện với học sinh."
3,"thầy giảng bài cực kỳ thu hút , dễ hiểu , không gây buồn ngủ , nhàm chán .","thầy giáo giảng bài cực_kỳ thu_hút , dễ hiểu , không gây buồn_ngủ , nhàm_chán .","Anh ấy rất hấp dẫn, rất dễ hiểu, không buồn ngủ, nhàm chán."
3,"giảng viên dạy tận tâm , nhiệt tình , vui vẻ với sinh viên , dạy đầy đủ kiến thức cần thiết .","giảng_viên dạy tận_tâm , nhiệt_tình , vui tính với sinh_viên , dạy đầy_đủ kiến_thức cần_thiết .","Người thầy tận tụy, nhiệt tình, hạnh phúc với học trò, dạy những kiến thức cần thiết."
3,kiến thức môn học ứng dụng tốt cho công việc sau này .,học vấn môn_học ứng_dụng tốt cho công_việc sau_này .,Kiến thức về chủ đề này rất tốt cho công việc trong tương lai.
2,kiến thức .,học vấn .,Bạn có thể tìm hiểu thêm về các phương pháp giúp bạn học hỏi từ những kiến thức mới.
2,không biết cô wzjwz327 là ai ?,không biết cô wzjwz327 là ai ?,Không biết cô Wzjwz là ai...?
2,kiểm tra bằng web .,điều tra bằng web .,Các bài kiểm tra dựa trên web.
3,rất hòa đồng .,rất hòa đồng .,Rất hòa đồng.
2,"và cuối cùng , đây cũng chỉ là tâm sự của riêng tôi , tôi không có ý gì cả , có lẽ đó cũng là chút kỷ niệm mà tôi lưu lại đối với môn học này , có lẽ vì số tôi quá đen , âu thì tôi đành cam chịu vậy hi hi rớt môn rồi , buồn quá .","và quyết định , đây cũng chỉ là dốc bầu tâm sự của riêng tôi , tôi không có ý gì cả , có_lẽ đó cũng là một ít kỷ_niệm mà tôi lưu_lại đối_với môn_học này , có_lẽ vì số tôi quá đen , âu thì tôi đành cam_chịu vậy hi_hi_rớt môn rồi , buồn rầu quá .","Và cuối cùng, đây chỉ là sự phản ánh cá nhân của tôi, tôi không có ý gì cả, có lẽ chỉ là một chút ký ức tôi đã có cho khóa học này, có lẽ vì tôi quá tệ, vì vậy tôi chỉ từ chức, tôi đã thất bại trong khóa học, nó quá buồn."
3,thầy tận tâm !,thầy tâm huyết !,Bạn là người tận tâm!
1,chưa có demo thực tế .,chưa có demo hiện trạng .,không có bản demo sẵn sàng.
2,tất cả môn học .,mọi môn_học .,Tất cả bọn họ.
2,khá giống lúc học phổ thông .,khá giống lúc học bài phổ_thông .,Nó giống như trường trung học.
3,"giảng viên có nhiều ví dụ , bài tập minh họa cho bài học .","giảng_viên có nhiều thí dụ , bài_tập minh_họa cho bài_học .","Người hướng dẫn sẽ cung cấp cho bạn nhiều ví dụ, bài tập, và ví dụ để giúp bạn."
2,phong cách thầy rất giống wzjwz225 .,phong_cách người thầy rất giống wzjwz225 .,Tôi là một wzjwz * 2 phong cách. *
3,"giáo viên luôn chia sẻ những ứng dụng của kiến thức đã học với thực tiễn , chia sẻ khá nhiều kinh nghiệm thực tế vô cùng bổ ích với sinh viên .","giáo_viên luôn chia_sẻ những ứng_dụng của kiến_thức đã học với kinh nghiệm , chia_sẻ khá nhiều kinh_nghiệm thực_tế vô_cùng có ích với sinh_viên .","Giáo viên luôn chia sẻ việc áp dụng kiến thức mà họ đã học để thực hành làm như vậy, chia sẻ rất nhiều kinh nghiệm thực tế rất hữu ích cho học sinh."
1,môn này giải bài tập khá nhiều và khó .,môn này đọc mã bài_tập khá nhiều và khó .,Đó là một công việc khó khăn.
1,và cần có thêm những lưu ý cho học sinh .,và cần có thêm những lưu_ý cho trẻ em đi học .,Và chúng ta cần phải cho học sinh của chúng ta thêm ghi chú.
1,cô nói hơi nhỏ nên hơi buồn ngủ .,cô nói thể hơi nhỏ nên thể hơi buồn_ngủ .,"Anh hơi im lặng, nên anh hơi buồn ngủ."
1,không đến lớp làm sinh viên đi học rồi phải tự đi về .,không đến vỉa làm sinh_viên đi học rồi phải tự đi về .,"Cậu không đến lớp, cậu đến lớp, rồi đi ra ngoài"
1,"phòng thực hành khoa wzjwz70 máy hư tùm lum , không hiểu sao phòng thực hành mấy khoa khác như wzjwz71 , wzjwz72 đầu tư mới với tốt hơn nhiều .","phòng ngừa thực_hành_khoa wzjwz70 máy giả tùm_lum , không hiểu sao phòng ngừa thực_hành mấy khoa khác như wzjwz71 , wzjwz72 đầu_tư mới với tốt hơn nhiều .","Phòng thực hành ở Wzjwz máy móc bị hỏng, bằng cách nào đó phòng thực hành ở các phòng ban khác như Wzjwz wzjwz đã đầu tư mới với chất lượng tốt hơn nhiều"
1,cần nêu ý nghĩa quan trọng của môn học nhiều hơn .,cần nêu nghĩa quan_trọng của môn_học nhiều hơn .,ý nghĩa quan trọng hơn của chủ đề.
1,giảng viên tới lớp hơi trễ .,giảng_viên tới vỉa hơi trễ .,Thầy giáo đến hơi muộn.
3,cảm ơn hai thầy và nhà trường đã đọc !,cảm_ơn hai thầy và trường đã đọc !,Cảm ơn cả hai và trường vì đã đọc!
2,thầy giảng dạy nhiều kiến thức .,thầy giảng_dạy nhiều vốn học .,Dạy tôi rất nhiều kiến thức.
3,thầy dạy thực tế .,người giáo viên dạy thực_tế .,Tôi dạy chủ nghĩa hiện thực...
3,"giảng viên tích cực hỗ trợ sinh viên , truyền đạt hiệu quả .","giảng_viên hoạt động hỗ_trợ sinh_viên , truyền_đạt hiệu_quả .","Các giảng viên tích cực hỗ trợ sinh viên, giao tiếp hiệu quả."
1,mong thầy giảng giải và cho bài tập từng bước nhiều hơn .,mong thầy làm sáng rõ và cho bài_tập từng bước nhiều hơn .,Tôi hy vọng bạn sẽ giải thích và cung cấp cho tôi thêm các bài tập từng bước.
1,nội dung môn học nên tập trung vào chuyên ngành học .,nội_dung môn_học nên tập_trung vào chuyên_ngành học bài .,Chủ đề nên tập trung vào chuyên ngành của bạn.
1,giảng viên hay cho nghỉ học mà không báo trước .,giảng_viên hay cho đi nghỉ học mà không báo trước .,Khoa đã sa thải tôi mà không báo trước...
2,đồ họa máy tính là môn có hình thức thực hành 1 .,đồ lại họa máy_tính là môn có hình_thức thực_hành 1 .,Đồ hoạ máy tính là môn học bậc nhất.
1,cần tạo các buổi seminar để sinh viên có thể hiểu sâu thêm về các vấn đề trong chuyên ngành nhưng không có trong môn học .,cần tạo các buổi hội thảo để sinh_viên có_thể hiểu con sâu thêm về các vấn_đề trong chuyên_ngành nhưng không có trong môn_học .,Điều quan trọng là phải tạo ra các hội thảo để sinh viên có thể hiểu sâu hơn về các vấn đề trong ngành học mà không thuộc môn học.
1,mong phòng đào tạo trong tương lai sắp xếp cho thầy wzjwz128 dạy lớp em bất cứ môn nào thầy có thể .,mong phòng đào_tạo trong tương_lai sắp_xếp cho thầy wzjwz128 dạy lớp em bất kì môn nào thầy có_thể .,Tôi hy vọng các giảng viên tương lai sẽ sắp xếp cho ông Wzjwz104 dạy lớp học của tôi bất cứ điều gì ông có thể.
1,"đến khi cuối kỳ , chỉ cần sinh viên mắc một sai sót nhỏ thì sẽ rớt môn .","đến khi cuối kỳ , chỉ cần sinh_viên mắc một lỗi vụn vặt nhỏ thì sẽ rớt_môn .","Vào cuối học kỳ, nếu một sinh viên mắc một lỗi nhỏ, họ sẽ thất bại trong khóa học."
2,thắc mắc ngay tại lớp những cái mình không hiểu .,thắc_mắc ngay tại vỉa những cái mình không hiểu .,Tự hỏi tại lớp mình điều gì mình không hiểu.
3,"thầy dạy tốt , lập nhóm thuyết trình tạo không khí học tập tốt .","thầy dạy học tốt , lập nhóm thuyết_trình tạo không_khí học_tập tốt .",Giáo viên giỏi sẽ thành lập một nhóm thuyết trình để tạo bầu không khí vui vẻ.
2,"sinh viên sẽ được học nhiều kiến thức thực tế , thiết thực và hiệu quả hơn .","sinh_viên sẽ được học nhiều kiến_thức thực_tế , thiết_thực và tác dụng hơn .","Học sinh sẽ học được nhiều kiến thức thiết thực, thực tế và hiệu quả hơn."
3,"giảng viên vui tính , nhiệt tình , tạo sự thoải mái trong lớp học .","giảng_viên vui_tính , nhiệt_tình , tạo sự dễ chịu trong lớp_học .","Giáo viên vui tính, nhiệt tình và thoải mái trong lớp học."
2,cô rất hiền .,cô rất hiền .,Anh thật là...
1,chưa tương tác tốt với sinh viên qua e-mail .,chưa hợp tác tốt với sinh_viên qua e-mail .,không tương tác tốt với sinh viên qua email.
3,"giáo viên luôn đảm bảo đúng giờ giảng dạy , giảng bài dễ hiểu .","dạy học luôn đảm_bảo đúng giờ giảng_dạy , giảng_bài dễ hiểu .","Thầy cô luôn đúng giờ, luôn giảng bài dễ hiểu."
1,phương pháp giảng dạy chưa được cập nhật .,biện pháp giảng_dạy chưa được cập_nhật .,Phương pháp giảng dạy không được cập nhật.
1,đưa ra các tiêu chí tính điểm một cách cụ thể .,đưa ra các tiêu_chí tính_điểm một_cách hữu hình .,đưa ra tiêu chí chấm điểm cụ thể.
3,"thầy dạy dễ hiểu , sẵn sàng giúp đỡ sinh viên , tận tâm , nhiệt tình .","giáo viên dạy dễ hiểu , sẵn_sàng giúp_đỡ sinh_viên , tận_tâm , nhiệt_tình .","Anh ấy thấu hiểu, sẵn sàng giúp đỡ, tận tâm, nhiệt tình."
2,em không có gì thắc mắc .,em không có gì thắc_mắc .,Tôi không có câu hỏi...
3,em rất hài lòng về phương pháp giảng dạy của thầy ạ .,em rất hài_lòng về phương_pháp giảng_dạy của thầy giáo ạ .,Tôi rất hài lòng với phương pháp dạy học của anh.
2,đảm bảo về mặt giờ giấc .,đảm_bảo về mặt trên giờ_giấc .,- Tôi chắc là thời gian...
2,giảng viên cho nhiều bài tập để sinh viên làm .,giảng_viên cho nhiều bài_tập để sinh_viên làm .,Các giảng viên giao cho sinh viên rất nhiều bài tập.
3,"thầy vui tính , tụi em dễ tiếp xúc dễ hỏi .","thầy thân thiện , tụi em dễ tiếp_xúc dễ hỏi .","Anh vui tính, chúng tôi dễ nói chuyện, dễ hỏi..."
2,thầy có vẻ hơi có chịu .,thầy có_vẻ thể hơi có chịu .,Trông anh có vẻ hơi...
2,nghiên cứu khoa học .,cân nhắc khoa_học .,Nghiên cứu khoa học.
2,"thầy có tạo điều kiện cho chúng em thuyết trình về đồ án môn học , nhưng khi chúng em thuyết trình về nội dung doubledot "" giới thiệu về hệ thống nhúng và vai trò cũng như các ngành ứng dụng hệ thống nhúng "" .","thầy giáo có tạo điều_kiện cho chúng_em sự diễn thuyết về đồ_án môn_học , nhưng khi chúng_em sự diễn thuyết về nội_dung doubledot "" giới_thiệu về hệ_thống nhúng ướt và vai_trò cũng như các ngành ứng_dụng hệ_thống nhúng ướt "" .","Tôi đã tạo điều kiện cho bài thuyết trình của chúng tôi về các khóa học, nhưng khi chúng tôi trình bày nội dung đôi "" giới thiệu về các hệ thống nhúng và vai trò và nguyên tắc của các ứng dụng hệ thống nhúng. """
3,"cô nhiệt tình giúp đỡ , tận tâm với công việc .","cô nhiệt_tình giúp_đỡ , tận_tâm với công tác .","Anh là một người nhiệt tình, tận tụy, tận tuỵ..."
3,"vui tính , tận tình .","vui_tính , nhiệt tình .","Vui vẻ, cam kết..."
1,"thực ra mà nói , chúng em đóng tiền thực hành 320k trên 1 chỉ , nhưng các giờ thực hành chưa tốt .","thực_ra mà nói , chúng_em khép sông tiền thực_hành 320 k trên 1 chỉ , nhưng các giờ thực_hành chưa tốt .","Thực tế là, chúng tôi trả 320 ngàn đô một ngày cho việc tập luyện, nhưng số giờ tập không đủ."
2,giao tiếp .,tương tác .,Hãy nói chuyện với họ.
2,50% giành cho kiến thức chi tiết một loại công nghệ dotnet doubledot có thể giống đồ án cuối kỳ hiện tại .,50 % giành cho kiến_thức chi_tiết một loại công_nghệ dotnet_doubledot có đủ điều kiện giống đồ_án cuối kỳ hiện_tại .,50% cho kiến thức chi tiết về một loại công nghệ dotnet doubledot có thể trông giống như dự án cuối cùng hiện tại.
3,cho nhiều bài tập để học tập cũng như ôn thi .,cho nhiều bài_tập để việc học cũng như ôn_thi .,Hãy chuẩn bị sẵn nhiều bài tập về nhà để học và ôn thi.
1,nội dung thi khó đối với sinh viên không chuyên .,nội_dung làm bài kiểm tra khó đối_với sinh_viên không chuyên .,Nội dung rất khó khăn đối với sinh viên không chuyên.
3,nhiệt tình giúp đỡ sinh viên và tạo sinh viên có nơi để nâng cao kỹ năng lập trình .,sôi nổi giúp_đỡ sinh_viên và tạo sinh_viên có nơi để nâng cao kỹ_năng lập_trình .,giúp đỡ sinh viên một cách nhiệt tình và cho họ một nơi để cải thiện kỹ năng lập trình của họ.
3,"nhiệt tình , chi tiết .","sôi nổi , chi_tiết .","nhiệt tình, chi tiết..."
1,chưa tương tác nhiều với sinh viên .,chưa hợp tác nhiều với sinh_viên .,Tôi không có nhiều tương tác với sinh viên.
3,"cô quá là dễ thương , nhiệt tình .","cô quá là dễ_thương , sôi nổi .","Anh thật ngọt ngào, thật nhiệt tình..."
2,cô cho làm đồ án .,cô cho làm đồ_án .,Anh lên kế hoạch...
1,"cách giảng suông khá nhàm chán , chưa tạo được sự thu hút sinh viên nghe giảng .","cách giảng_suông khá nhàm_chán , chưa tạo được sự thu_hút sinh_viên nghe diễn thuyết .","Nó nhàm chán, không hấp dẫn với sinh viên."
2,tại do tuần thi .,tại do tuần kiểm tra .,Đó là tuần thi cử.
2,em không có ý kiến về mục này ạ .,em không có ý_kiến về rữa này ạ .,Tôi không biết đây là cái gì...
1,cô nói hơi nhỏ .,cô nói thể hơi nhỏ .,Anh nói thấp quá.
1,thầy nên cho bọn em xem code chạy thử colonsmallsmile .,thầy nên cho đoàn em xem code chạy thử colonsmallsmile .,Anh nên cho chúng tôi xem mã để kiểm tra colonsmallsmile.
2,thực hiện nhóm nhiều .,thực_hiện nhóm nhiều .,thực hiện nhiều nhóm.
2,kết hợp lý thuyết và thực hành .,gắn kết lý_thuyết và thực_hành .,Nó là sự kết hợp giữa lý thuyết và thực hành.
2,giảng viên rất đảm bảo giờ lên lớp .,giảng_viên rất bảo đảm giờ lên_lớp .,Giáo viên rất giỏi trong việc trấn an cả lớp.
2,"tinh thần , kiến thức .","tinh_thần , sở học .","tinh thần, kiến thức..."
3,"nhiệt tình , thoải mái .","nhiệt_tình , dễ chịu .","nhiệt tình, thoải mái..."
3,hỗ trợ sinh viên tối đa .,ủng hộ sinh_viên tối_đa .,hỗ trợ học sinh càng nhiều càng tốt.
1,"thời lượng học lý thuyết của môn học ngắn , dễ bị ảnh hưởng khi giảng viên đến trễ hay tham gia các buổi họp .","thời_lượng học lý_thuyết của môn_học ngắn , dễ bị ảnh_hưởng khi giảng_viên đến trễ hay tham dự các buổi tụ họp .","giờ lý thuyết ngắn, có thể bị ảnh hưởng bởi giáo viên muộn hoặc tham dự các cuộc họp."
3,thầy có chia sẻ nhiều kinh nghiệm thực tế .,thầy có chia_sẻ nhiều kinh_nghiệm hiện trạng .,Ông chia sẻ nhiều kinh nghiệm thực tế.
1,cập nhật điểm chậm .,cập_nhật điểm hiểu chậm .,cập nhật điểm chậm.
3,"cô giảng hay , nhiệt tình .","cô giảng hay , sôi nổi .","Cô là một giáo viên tốt, đầy nhiệt huyết..."
2,thành vòng tuần hoàn đến khi thi .,là vòng tuần_hoàn đến khi thi .,Đó là một chu kỳ cho đến khi kiểm tra.
2,cô đi bài tập hơi chậm nhưng như vậy cũng được .,cô đi bài_tập thể hơi chậm nhưng như_vậy cũng được .,"Bạn đang thực hiện bài tập hơi chậm, nhưng không sao."
3,em hoàn toàn hài lòng về phương pháp giảng dạy của cô .,em hoàn_toàn hài_lòng về biện pháp giảng_dạy của cô .,Tôi hoàn toàn hài lòng với phương pháp giảng dạy của anh.
3,"nhiệt tình , hướng dẫn cụ thể .","nhiệt_tình , chỉ dẫn cụ_thể .","nhiệt tình, hướng dẫn cụ thể..."
3,"thầy nhiệt tình , tận tụy , vui vẻ .","thầy sôi nổi , tận_tụy , vui_vẻ .","Anh ấy nhiệt tình, tận tâm, hạnh phúc."
1,giáo trình không phù hợp với sinh viên .,giáo_trình không phù_hợp với sinh_viên .,Chương trình giảng dạy không phù hợp với sinh viên.
3,nguyên tắc và tận tình giảng dạy .,nguyên_tắc và nhiệt tình giảng_dạy .,Nguyên tắc và sự dạy dỗ tận tâm.
3,dễ nắm bắt kiến thức để đi thi .,dễ nắm_bắt kiến_thức để đi kiểm tra .,Bạn sẽ dễ dàng có được thông tin cần thiết để làm bài kiểm tra.
2,em thấy học vậy cũng được rồi .,em thấy học bài vậy cũng được rồi .,Tôi nghĩ là không sao...
3,nhiệt huyết với sinh viên .,sự nhiệt huyết với sinh_viên .,nhiệt tình với các sinh viên
3,"truyền đạt tốt , giọng nói to rõ ràng .","truyền tải tốt , giọng nói to rõ_ràng .","Giao tiếp tốt, nói to và rõ ràng."
1,"thầy nên điều chỉnh lại cách giảng bài , thầy nói thường xuyên ngắt nhịp nên buồn ngủ quá .","thầy nên điều_chỉnh lại cách giảng_bài , thầy nói thường_xuyên ngắt_nhịp nên buồn bã ngủ quá .","Đáng lẽ anh nên điều chỉnh bài giảng của mình, anh luôn ngắt lời, anh buồn ngủ."
3,"thầy ôn kỹ , hay cho bài tập trên moodle , cập nhật file bài giảng , bài tập , bài ôn thường xuyên .","giáo viên ôn_kỹ , hay cho bài_tập trên moodle , cập_nhật file bài giảng , bài_tập , bài tập luyện thường_xuyên .","người đánh giá, hoặc cho các bài tập về moodle, cập nhật tệp bài giảng, bài tập, đánh giá thường xuyên."
1,sử dụng slide nguyên bản tiếng anh .,xài slide nguyên_bản tiếng anh .,bằng slide tiếng Anh gốc.
1,truyền đạt chưa được thu hút nên hơi khó hiểu một chút .,truyền_đạt chưa được hấp dẫn nên hơi khó hiểu một_chút .,"Việc giao tiếp vẫn chưa được chú ý, nên có chút khó hiểu."
2,"thưa , không có .","thưa , không có .","Thưa ngài, không..."
2,cô cho bài tập hơi nhiều ( nhưng mà không sao colonsmilesmile ) .,cô cho bài_tập thể hơi nhiều ( nhưng_mà không sao colonsmilesmile ) .,Bạn đã cho tôi rất nhiều bài tập về nhà.
1,giảng viên nên hướng dẫn thêm nhiều bài tập và tận dụng thời gian nhiều hơn vì môn này cần những bài tập mẫu để sinh viên dễ nắm kiến thức hơn .,giảng_viên nên hướng_dẫn thêm nhiều bài_tập và tận_dụng thời giờ nhiều hơn vì môn này cần những bài_tập mẫu để sinh_viên dễ bắt kiến_thức hơn .,Giáo viên nên có khả năng hướng dẫn nhiều hơn và mất nhiều thời gian hơn vì môn học cần bài tập mẫu để giúp học sinh nắm bắt tài liệu dễ dàng hơn.
1,lý thuyết hơi nhiều .,triều nhà lý thuyết_hơi nhiều .,Hơi quá nhiều về lý thuyết.
1,nên phát hết các bài kiểm tra còn lại .,nên cấp phát hết các bài kiểm_tra còn lại .,Phân bổ số còn lại cho các bài kiểm tra.
3,"nhìn chung cô dạy khá là nhanh bạn nào có tư duy , logic không được tốt thì sẽ không hiểu cô nói .","nhìn_chung cô dạy học khá là nhanh bạn nào có tư_duy , lô-gíc học không được tốt thì sẽ không hiểu cô nói .","Cô ấy học hỏi rất nhanh, nên nếu bạn không phải là người suy nghĩ giỏi, bạn sẽ không hiểu cô ấy."
3,"thầy dạy nhanh , hay !","thầy giáo dạy nhanh , hay !","Anh nhanh quá, nếu không...!"
2,em không có ý kiến về mục này .,em không có ý_kiến về hỏng này .,Tôi không biết đây là cái gì...
1,cần tăng số buổi thực hành lên vì quá ít .,cần tăng số buổi thực_hành lên vì quá ít .,cần phải tăng số buổi vì có quá ít.
2,cảm ơn cô .,biết ơn cô .,Cảm ơn các bạn.
2,nhất là những bạn nhỏ đến lớn chưa chơi game bao giờ .,nhất là những bạn nhỏ đến lớn chưa chơi game bao_giờ .,Đặc biệt là khi bạn chưa từng chơi một trò chơi nào trước đây.
2,báo cáo cuối kỳ thầy tập trung cả lớp trong một buổi .,báo_cáo cuối kỳ_thầy tập_trung cả vỉa trong một buổi .,Tôi sẽ có cả lớp trong một buổi.
1,thường thì 8h kém 10 mới bắt đầu học .,thường thì 8 h kém 10 mới bắt_đầu học bài .,Thường là từ 10 đến 8 giờ.
3,cô cho thực hành rất nhiều .,cô cho thực_hành rất nhiều .,Anh đã cho tôi rất nhiều bài tập.
2,trong khi chương trình quy định 2 tiết cho một bài .,trong khi chương_trình quy_định 2 thải cho một bài .,Trong khi chương trình có hai tiết cho một bài giảng...
2,"không có , do em không có khả năng tiếp thu đối với môn này thôi .","không có , do em không có khả_năng hấp thụ đối_với môn này thôi .","Không, tôi không, bởi vì tôi không giỏi việc đó."
2,chắc tại bữa giáo viên dạy mà hôm đó em học mác – lênin .,chắc tại bữa ăn giáo_viên dạy mà hôm đó em học mác – lênin .,Tôi nghĩ đó là ở bữa tiệc của giáo viên nơi mà cô đã...
1,báo nghỉ không rõ ràng .,báo nghỉ không dễ hiểu .,nhàn rỗi mơ hồ.
3,"giáo viên giảng dạy tận tâm , nhiệt tình .","giáo_viên giảng_dạy tâm huyết , nhiệt_tình .","những giáo viên tận tuỵ, nhiệt tình."
2,cô cho bài tập trắc nghiệm về nhà trên moodle .,cô cho bài_tập trắc_nghiệm về nhà trên moodle .,Anh đã cho học sinh tự chọn bài tập về nhà
2,bình thường .,trung bình .,Bình thường.
2,"hướng dẫn , giảng dạy .","chỉ dẫn , giảng_dạy .","Dạy, dạy."
2,không có gì cả .,không có gì cả .,Không có gì...
3,thầy giảng bài dễ hiểu và rất vui tính .,thầy giảng bài dễ hiểu và rất thân thiện .,Anh ấy rất thông cảm và hài hước.
3,thầy rất hiền và nhiệt tình trong từng tiết học .,người thầy rất hiền và nhiệt_tình trong từng tiết_học .,Anh ấy nhẹ nhàng và nhiệt tình trong mọi lớp học.
1,các trang bị để nghe không rõ .,các trang_bị để nghe không rõ .,Thiết bị cho buổi điều trần không rõ ràng.
1,thường lố giờ .,thường lố_giờ .,thường xuyên hơn giờ...
1,em xin lỗi nhưng đó là sự thật !,em xin_lỗi nhưng đó là chân tướng !,"Tôi xin lỗi, nhưng đó là sự thật!"
1,"kiến thức truyền đạt còn ít , thời gian lên lớp thường trễ .","kiến_thức truyền tải còn ít , thời_gian lên lớp thường trễ .","Thông tin là khan hiếm, lớp học thường muộn."
3,cô có cách dạy hay dễ hiểu tận tình .,cô có cách dạy hay dễ hiểu nhiệt tình .,"Anh có cách dạy dỗ, cách hiểu biết..."
1,"gần tới kỳ thi cuỗi kỳ mà sinh viên chưa biết được mình đang học gì , dù có cố gắng nghe nhưng vẫn không hiểu .","gần tới kỳ sát hạch cuỗi_kỳ mà sinh_viên chưa biết được mình đang học gì , dù có dốc sức nghe nhưng vẫn không hiểu .","Khi bài kiểm tra sắp kết thúc, học sinh có thể chưa biết mình đang học gì, và có thể cố gắng nghe nhưng không hiểu."
1,"dọng thầy hơi khó nghe , nói còn hơi to .","dọng thầy giáo hơi khó nghe , nói còn hơi to .","Giọng nói của bạn hơi khó nghe, và bạn nói hơi to."
1,đề thi cuối kỳ quá dài so với thời gian kiểm tra .,đề sát hạch cuối kỳ quá dài so với thời_gian kiểm_tra .,Câu hỏi thi cuối kỳ quá dài cho bài kiểm tra.
3,dạy rất kỹ .,dạy học rất kỹ .,Dạy nó rất tốt.
1,nhà trường nên cài bộ microsoft visual studio phiên bản mới hơn 2010 .,nhà_trường nên cài_bộ microsoft visual studio biến thiên mới hơn 2010 .,Trường nên cài đặt bộ công cụ microsoft visual studio mới hơn 2010.
2,vâng không có ý kiến gì thêm .,vâng không có quan điểm gì thêm .,"Ừ, không còn ý tưởng nào nữa."
2,vì học là để code mà .,vì học bài là để code mà .,Bởi vì học là về mã.
1,"giảng viên nghỉ dạy nhiều buổi , kiến thức truyền đạt cho sinh viên không nhiều .","giảng_viên nghỉ dạy nhiều buổi , kiến_thức truyền tin cho sinh_viên không nhiều .","Giờ nghỉ của giáo viên, không có nhiều kiến thức để truyền cho học sinh."
3,"thầy rất vui tính , truyền tải thông tin tuyệt vời .","người giáo viên rất vui_tính , truyền_tải thông_tin tuyệt_vời .","Anh ấy hài hước, anh ấy rất giỏi trong việc truyền đạt thông tin."
3,"em ở nhà tự học , thi thực hành vừa rồi cũng được 10 điểm .","em ở nhà tự học , làm bài kiểm tra thực_hành vừa_rồi cũng được 10 điểm .","Tôi học tại nhà, đạt 10 điểm trong kỳ thi thực hành gần nhất."
3,"thầy vui tính , cởi mở .","giáo viên vui_tính , cởi_mở .","Anh ta hài hước, cởi mở."
3,"cho quá nhiều bài tập , chỉ nên cho bài tập ví dụ điển hình .","cho quá nhiều bài_tập , chỉ nên cho bài_tập ví_dụ đặc trưng .","Đối với quá nhiều bài tập, đây chỉ là một ví dụ điển hình."
1,giảng viên cho bài tập nhiều và dồn lại cùng một lúc đa số sinh viên đều làm kịp thời gian dù những môn khác có giảm thời gian học lại cũng không làm bài kịp .,giảng_viên cho bài_tập nhiều và lùa lại cùng một lúc phần đông sinh_viên đều làm kịp_thời_gian dù những môn khác có giảm thì giờ học lại cũng không làm bài kịp .,"Giáo sư giao cho bạn rất nhiều bài tập và họ chất đống chúng cùng một lúc, và hầu hết sinh viên hoàn thành chúng đúng hạn, ngay cả khi họ không hoàn thành chúng trong các môn học khác."
2,"cập nhật , cập nhật !","cập_nhật , cập_nhật !",cập nhật!
1,không có hoạt động nhóm .,không có vui chơi nhóm .,không hoạt động nhóm.
1,chưa quan tâm tới những sinh viên còn yếu .,chưa bận tâm tới những sinh_viên còn yếu .,Chưa kể đến những học sinh yếu đuối...
2,thật sự anh văn là một môn rất quan trọng trong lĩnh vực công việc và học tập .,thật_sự anh văn là một môn rất quan_trọng trong lĩnh_vực công tác và học_tập .,Tiếng Anh thực sự là một môn học rất quan trọng trong lĩnh vực công việc và học tập.
3,dạy theo sát chương trình .,dạy học theo sát chương_trình .,Dạy một chương trình.
3,"giảng viên giảng kỹ , nhiệt tình .","giảng_viên giảng_kỹ , sôi nổi .","Giảng viên nói năng tốt, nhiệt tình"
3,"giảng viên nhiệt tình , có các hoạt động mang tính làm việc nhóm rất cao .","giảng_viên hăng hái , có các hoạt_động mang tính làm_việc nhóm rất cao .","đội ngũ cán bộ khoa học nhiệt tình, hoạt động nhóm có hiệu quả cao."
2,thân ái !,thân thiết !,Thân mến!
2,chưa bao giờ gặp mặt giáo viên từ lúc bắt đầu học đến bây giờ !,chưa bao_giờ gặp_mặt giáo_viên từ lúc khởi đầu học đến bây_giờ !,Chưa từng gặp giáo viên từ khi chúng ta bắt đầu đi học!
3,thầy giảng nhiệt tình và rất hay .,thầy giáo giảng nhiệt_tình và rất hay .,Anh ấy rất nhiệt tình và rất giỏi...
1,cách truyền đạt của giảng viên làm sinh viên khó tiếp thu .,cách truyền_đạt của giảng_viên làm sinh_viên khó hấp thu .,Giao tiếp của giảng viên rất khó để học sinh hiểu.
2,phương pháp làm bài tập .,biện pháp làm bài_tập .,Phương pháp làm bài tập về nhà.
3,"cô dạy tâm huyết , quan tâm học sinh .","cô dạy học tâm_huyết , quan_tâm học_sinh .","Bạn dạy với sự tận tâm, bạn quan tâm đến học sinh của mình."
2,cảm ơn !,cám ơn !,Cảm ơn!
2,chắc là em không có gì là không hài lòng về thầy wzjwz317 .,chắc là em không có gì là không hài_lòng về thầy giáo wzjwz317 .,Tôi chắc là không có gì tôi không vui về ông Wzjwz.
3,"cô lên lớp đúng giờ , giảng bài rất dễ hiểu cho sinh viên .","cô tính vi đúng giờ , giảng_bài rất dễ hiểu cho sinh_viên .","Bạn đến đúng giờ, bạn cho học sinh một bài học rất rõ ràng."
2,"giáo viên là thầy , không phải cô .","giáo_viên là giáo viên , không phải cô .","Giáo viên là giáo viên, không phải là giáo viên."
3,cách giảng dạy hay .,cách giảng_dạy hay .,Làm sao để dạy tốt...
2,hợp tác .,kết hợp .,hợp tác.
1,không hiểu bài cho lắm .,không hiểu bài cho lắm .,Tôi không biết tính toán.
2,"nộp báo cáo sau khi thực hành , đăng lịch học lên moodle .","nộp báo_cáo sau khi thực_hành , đăng_lịch học bài lên moodle .",Nộp báo cáo sau khi thực hành.Đăng lịch lên tờ lịch.
2,không có ý kiến gì !,không có quan điểm gì !,Không biết!
1,"nên thực hành speaking nhiều hơn và phân bổ thời gian học grammar , cũng như phân thêm thời gian học hoặc nghe phần listening .","nên thực_hành speaking nhiều hơn và phân phối thời_gian học grammar , cũng như chia cắt thêm thời_gian học hoặc nghe phần listening .",Tập nói nhiều hơn và dành thời gian để học ngữ pháp cũng như học thêm hoặc nghe thêm.
3,"thầy hay cho deadline hằng tuần , đảm bảo kiến thức cho sinh viên .","thầy hay cho deadline hằng tuần , đảm_bảo sở học cho sinh_viên .","Ông đặt ra hạn chót cho lịch trình hàng tuần, để học sinh có thể có được thông tin họ cần."
3,"vui vẻ , dạy dễ hiểu , giúp đỡ mọi lúc mọi nơi .","vui_vẻ , dạy học dễ hiểu , giúp_đỡ mọi lúc mọi nơi .","Vui vẻ, dễ hiểu, luôn có ích."
2,không có ý kiến chất lượng môn học vừa đủ cho mọi sinh viên .,không có ý_kiến tính chất môn_học vừa đủ cho mọi sinh_viên .,Không có ý kiến về chất lượng môn học đủ cho mọi sinh viên.
2,thật chất em không học thầy này .,thật chất em không học người thầy này .,Tôi không thực sự học được điều này.
1,cách thức thông báo qua facebook không hiệu quả .,cách_thức thông_báo qua facebook không tác dụng .,Thông báo trên Facebook không hoạt động.
1,không có ổ cắm điện .,không có ổ cắm đánh điện .,Không có ổ cắm điện...
3,"thầy tân tâm , dạy dễ hiểu .","người giáo viên tân_tâm , dạy dễ hiểu .","Tôi là người mới, dễ hiểu."
3,giáo viên truyền đạt tốt .,nghề giáo viên truyền_đạt tốt .,giáo viên giao tiếp tốt.
3,thầy khá tận tâm và nhiệt thành .,thầy khá tâm huyết và nhiệt_thành .,Ông ấy rất tận tuỵ và nhiệt tình.
3,"dễ chịu và giảng dễ hiểu , tạo cảm giác thích thú cho sinh viên .","dễ_chịu và giảng dễ hiểu , tạo cảm_giác có hứng thú cho sinh_viên .","Dễ hiểu và dễ hiểu, điều này có thể đem lại niềm vui cho học sinh."
3,cách giảng dễ hiểu .,cách diễn giảng dễ hiểu .,Rất dễ hiểu.
3,"nội dung bài giảng dễ hiểu , giảng viên nhiệt tình , vui tính .","nội_dung bài diễn thuyết dễ hiểu , giảng_viên nhiệt_tình , vui_tính .","bài giảng dễ hiểu, giảng viên nhiệt tình, vui vẻ."
2,"mỗi một vấn đề nhiều người sẽ hiểu nhiều cách khác nhau , có thể sinh viên chưa hiểu sẽ tìm ra một cách hiểu theo một mặt khác của giáo viên .","mỗi_một vấn_đề nhiều người sẽ hiểu nhiều cách khác nhau , có đủ sức sinh_viên chưa hiểu sẽ tìm ra một_cách hiểu theo một mặt_khác của nghề sư phạm .","Nhiều người sẽ hiểu mỗi vấn đề theo cách khác nhau, và có lẽ học sinh không hiểu sẽ tìm cách khác để hiểu từ giáo viên."
3,nhiệt tình chu đáo với sinh viên .,hăng hái chu_đáo với sinh_viên .,dành cho các sinh viên
1,dạy khó hiểu .,dạy học khó hiểu .,Dạy những gì không thể hiểu được.
2,"bởi chúng em đang đi học , phải học của nhiều môn khác nhau .","bởi chúng_em đang đi học bài , phải học bài của nhiều môn khác nhau .","Vì chúng ta đang ở trường, chúng ta phải học những môn khác nhau."
1,chưa có sự đồng bộ giữa lý thuyết và thực hành .,chưa có sự đồng_bộ giữa lý_thuyết và thực_hành .,Không có sự đồng thuận giữa lý thuyết và thực hành.
1,lớp trưởng quản lý 19 - 20 nhóm trong lớp đòi hỏi lớp trưởng phải có kiến thức tốt và trách nhiệm .,lớp trưởng quản_lý 19 - 20 nhóm trong lớp đòi_hỏi lớp trưởng phải có kiến_thức tốt và trách nhiệm pháp lí .,"Người quản lý lớp có thể quản lý từ 19-20 lớp học, đòi hỏi sự hiểu biết và trách nhiệm tốt."
1,tài liệu chính thức của trường chưa có .,tài_liệu chính_thức của trường lực chưa có .,Các tài liệu chính thức của trường không có sẵn.
3,"cách dạy hài hước , không gây buồn ngủ .","cách dạy học hài_hước , không gây buồn_ngủ .","Đó là một cách hài hước để dạy sự hài hước, không phải buồn ngủ."
2,mở rộng kiến thức làm cơ sở cho các môn học khác .,mở_rộng học vấn làm cơ_sở cho các môn_học khác .,Nó sẽ mở rộng kiến thức để phục vụ như là một cơ sở cho các môn học khác.
2,thầy trực phòng thực hành cũng đã bảo về và vào phòng tắt máy lạnh .,thầy trực phòng ngừa thực_hành cũng đã bảo về và vào phòng ngừa tắt máy_lạnh .,Thầy hiệu trưởng phòng thí nghiệm cũng đã rời đi và vào phòng để tắt điều hoà.
1,tài liệu giảng dạy cần bổ sung .,tài_liệu giảng_dạy cần phụ thêm vào .,- Tài liệu giảng dạy bổ sung.
2,xin cảm ơn !,xin hậu tạ !,Cảm ơn!
1,"phòng máy , thiết bị mạng cần được đầu tư và vệ sinh , em thấy phòng máy quá bụi , cửa thì hở nên không mát , dẫn đến điều hòa mất tác dụng , lãng phí .","phòng máy , thiết_bị mạng cần được đầu_tư và sự hợp vệ sinh , em thấy phòng máy quá bụi , cửa thì hở nên không mát , dẫn đến điều hòa mất lực , bỏ phí thời gian .","Tôi thấy phòng máy đầy bụi, cửa mở, không mát, điều hoà không hoạt động, thật lãng phí."
1,nên tổng hợp ý chính các bài để ôn .,nên tổng_hợp_ý chính các bài để ôn tập .,nên tóm tắt những ý chính để học.
1,giảng viên cần giảng giải các slide chậm lại và giải kỹ các ví dụ cơ bản .,giảng_viên cần giảng_giải các slide chậm lại và giải_kỹ các ví_dụ sơ yếu .,Giảng viên nên làm chậm slide và làm việc thông qua các ví dụ cơ bản.
1,"làm debate nhiều , còn học về giáo trình rất ít .","làm debate nhiều , còn học bài về giáo_trình rất ít .","Tôi đã tham gia rất nhiều cuộc tranh luận, tôi đã nghiên cứu rất nhiều sách giáo khoa."
2,em xin cám ơn .,em xin cám_ơn .,Tôi cảm ơn...
3,giọng cô dễ nghe .,tiếng cô dễ nghe .,Giọng nói của anh rất dễ nghe.
1,nâng cao chất lượng phòng máy .,nâng cao tính chất phòng máy .,Cải thiện chất lượng phòng máy...
3,rất hài lòng giảng viên .,rất thoả mãn giảng_viên .,Tôi rất vui.
2,"tôi và các bạn khác cùng bước vào , khi đó thầy yêu cầu đồng loạt mở hết code lên chạy demo để thầy chấm , và không may thay thầy đã tìm ra 2 bạn có source code y chang nhau , thầy bắt đầu tra hỏi lý thuyết về đề tài 'xxx' đối với 2 bạn đó .","tôi và các bạn khác cùng bước vào , khi đó thầy bắt phải đồng_loạt mở hết code lên kéo dài demo để thầy tạo đốm , và không khâu thế thầy đã tìm ra 2 bạn có source code y_chang nhau , thầy bắt_đầu_tra hỏi lý_thuyết về đề_tài ' xxx ' đối_với 2 bạn đó .","Và tôi bước vào cùng những người khác, và tôi yêu cầu họ mở mã và chạy bản demo, và thật không may, tôi phát hiện ra rằng các bạn có cùng một mã nguồn, và tôi bắt đầu đặt câu hỏi về lý thuyết của chủ đề ""30 giây"" chống lại các bạn."
3,cô dung dậy nhiệt tình dễ hiểu .,cô dung tỉnh giấc nhiệt_tình dễ hiểu .,"Anh thật nhiệt tình, thật thấu hiểu..."
3,giảng viên rất tận tình trong việc giảng dạy .,giảng_viên rất nhiệt tình trong việc giảng_dạy .,Ông ấy là một giáo viên tận tuỵ.
1,"anh wzjwz232 ơi , cho đề cuối kỳ dễ dễ đi .","anh wzjwz232 ơi , cho đề cuối kỳ dễ dễ ngồi bóc lịch .","Thầy Wzjwz * 2, làm cho bài thi cuối kỳ dễ dàng hơn."
3,"giọng nói , cử chỉ , cách truyền đạt của cô rất chi là dễ thương .","giọng nói , ngôn ngữ cơ thể , cách truyền_đạt của cô rất chi là dễ_thương .","Giọng nói, cử chỉ, cách giao tiếp của anh thật ngọt ngào."
1,"gây rất nhiều áp lực cho sinh viên , khó tính .","gây rất nhiều áp_lực cho sinh_viên , hay gắt gỏng .","Nó rất căng thẳng cho học sinh, rất khó khăn."
3,giảng viên nhiệt tình giảng lại nhiều lần một vấn đề khó tiếp thu .,giảng_viên nhiệt_tình_giảng lại nhiều lần một vấn_đề khó hấp thụ .,Giảng viên nhiệt tình đưa một vấn đề khó khăn vào đề thi nhiều lần.
1,giọng thầy nơi hơi buồn ngủ .,giọng thầy nơi thể hơi buồn_ngủ .,Giọng ông hơi buồn ngủ.
2,lấy điểm bằng cách gọi lên bảng làm bài .,lấy điểm bằng cách chào gọi lên bảng làm bài .,Giành điểm bằng cách gọi lên ban giám khảo.
3,"cô rất tận tình trong giảng dạy , luôn cải tiến phương pháp dạy .","cô rất nhiệt tình trong giảng_dạy , luôn cải_tiến phương_pháp dạy .","Bà rất tận tâm với việc giảng dạy, luôn cải thiện phương pháp giảng dạy của mình."
1,"em mong muốn cô tương tác với sinh viên nhiều hơn qua moodle ( post tài liệu tham khảo thêm , post ghi chú về bài giảng và các lưu ý trên lớp và cập nhật điểm số bài tập nhanh hơn ) .","em mong_muốn cô hợp tác với sinh_viên nhiều hơn qua moodle ( post tài_liệu tham_khảo thêm , post ghi_chú về bài thuyết giảng và các lưu_ý trên vỉa và cập_nhật điểm_số bài_tập nhanh hơn ) .","Tôi muốn bạn tương tác với học sinh nhiều hơn thông qua các bài viết (đăng tài liệu tham khảo, ghi chú về bài tập trên lớp, và cập nhật nhanh hơn về bài tập)."
2,tiếng anh .,ngôn ngữ anh .,Tiếng Anh.
1,mong giảng viên ngày càng chấn chỉnh việc dạy học để các khoá sau được hiểu tốt hơn .,mong giảng_viên ngày_càng chấn_chỉnh việc dậy học để các khóa sau được hiểu tốt hơn .,Tôi hy vọng rằng các giảng viên của chúng tôi sẽ tiếp tục cải thiện việc giảng dạy của họ để các khoá học trong tương lai có thể được hiểu rõ hơn.
2,có vẻ như đó là thói quen của thầy ạ .,có_vẻ như đó là thói_quen của người thầy ạ .,Nó có vẻ như là một thói quen đối với tôi.
2,giống như việc cung cấp cho phép cộng và yêu cầu là giải được bất đẳng thức .,giống như việc cung_cấp cho_phép cộng và yêu_cầu là dịch mật mã được bất_đẳng_thức .,như cho thêm và yêu cầu giải quyết một bất bình đẳng.
3,"giảng dạy tận tâm , nhiệt tình .","giảng_dạy tận_tâm , sôi nổi .","tận tâm, nhiệt tình..."
3,có thông báo cho sinh viên rất đầy đủ .,có báo cho sinh_viên rất đầy_đủ .,Tôi có một thông báo đầy đủ cho sinh viên.
3,ôn tập tỉ mỉ .,ôn_tập cẩn thận tỉ mỉ .,Xem xét kỹ lưỡng.
3,thầy giảng rất dễ hiểu .,thầy giáo giảng rất dễ hiểu .,Anh nói rất rõ ràng.
3,"thầy nhiệt tình , ân cần .","người giáo viên nhiệt_tình , ân_cần .","Anh ấm áp, tử tế..."
2,tìm hiểu về các case study giúp chúng em biết thêm nhiều kiến thức mới và trình bày sản phẩm của mình trước lớp để thấy những thiếu sót của mình .,tìm_hiểu về các case study giúp chúng_em biết thêm nhiều vốn học mới và thể hiện sản_phẩm của mình trước lớp để thấy những thiếu_sót của mình .,Tìm hiểu về các tình huống nghiên cứu sẽ giúp họ học hỏi nhiều hơn và cho lớp thấy những thiếu sót của họ.
1,hình thức thực hành 2 dường như không có tác dụng với sinh viên .,hình_thức thực_hành 2 dường_như không có lực với sinh_viên .,Thực hành 2 dường như không có tác dụng với học sinh.
3,"thầy dạy chậm , nhưng dễ hiểu , học sinh dễ nắm bắt chương trình học , biết được hướng căn bản để làm bài .","thầy dạy chậm , nhưng dễ hiểu , học_sinh dễ nắm_bắt chương_trình học bài , biết được định hướng căn_bản để làm bài .","Ông dạy chậm, nhưng dễ dàng, và các sinh viên đã có thể theo chương trình giảng dạy và biết các hướng dẫn cơ bản của bài học."
2,cảm ơn thầy .,cảm_ơn người giáo viên .,Cảm ơn các bạn.
2,đảm bảo thời gian .,bảo đảm thời_gian .,Đảm bảo thời gian.
1,thầy lúc nào cũng chỉ nghĩ cho thầy chứ không nghĩ cho người khác .,người giáo viên lúc_nào cũng chỉ nghĩ cho người giáo viên chứ không nghĩ cho người khác .,"Anh luôn nghĩ về bản thân mình, không phải người khác."
3,em đã biết được cấu trúc dữ liệu là gì .,em đã biết được vạch rõ dữ_liệu là gì .,Tôi đã có một ý tưởng tốt về cấu trúc dữ liệu là gì.
2,gặp giáo viên cũng chỉ là biết mặt để thầy cô còn chấm điểm đồ án hi hi .,gặp giáo_viên cũng chỉ là biết mặt để thầy_cô còn tạo đốm điểm đồ_án hi_hi .,Tớ chỉ muốn gặp giáo viên và làm quen với khuôn mặt cô ấy để cô ấy có thể chấm bài cho tớ.
2,nếu thỉnh thoảng thầy bù lịch học thì em không nói ạ .,nếu thỉnh_thoảng thầy bù lại lịch_học thì em không nói ạ .,"Nếu đôi khi anh lên lịch, tôi không"
3,"thầy nhiệt tình , vui tính , cách dạy thoải mái , khả năng truyền đạt tốt , quan tâm đến sinh viên .","thầy nhiệt_tình , hoà đồng , cách dạy thoải_mái , khả_năng truyền_đạt tốt , quan_tâm đến sinh_viên .","nhiệt tình, hài hước, dạy học thoải mái, giao tiếp tốt, quan tâm đến học sinh."
1,cần có đề cương rõ ràng ngay từ đầu .,cần có đề_cương hiển nhiên ngay từ đầu .,Nó cần phải rõ ràng ngay từ đầu.
3,giảng viên dạy dễ hiểu .,giảng_viên dạy học dễ hiểu .,Giáo viên thì dễ hiểu.
3,"giảng viên rất vui tính , giảng dạy nhiệt tình , chi tiết cho sinh viên .","giảng_viên rất vui_tính , giảng_dạy sôi nổi , chi_tiết cho sinh_viên .","Anh ấy là một người vui tính, một giáo viên đầy nhiệt huyết, anh ấy tỉ mỉ."
1,không sửa bài chi tiết vì nghĩ nó dễ so với học sinh .,không sửa bài chi_tiết vì nghĩ nó dễ so với trẻ em đi học .,không sửa lại các chi tiết vì nó dễ dàng hơn cho học sinh.
3,"giảng viên dạy tận tình dễ hiểu , đầy đủ kiến thức và hiệu quả trong giảng dạy .","giảng_viên dạy nhiệt tình dễ hiểu , đầy_đủ kiến_thức và hiệu_quả trong giảng_dạy .","Giáo viên là những người tận tụy, dễ hiểu, có kiến thức và hiệu quả trong giảng dạy."
3,giáo viện rất nhiệt tình với sinh viên .,giáo_viện rất hăng hái với sinh_viên .,Trường đại học rất nhiệt tình với sinh viên.
1,"phần máy tính không hỗ trợ cho việc học nhiều , chỉ làm sinh viên phân tán .","phần máy_tính không hỗ_trợ cho việc học bài nhiều , chỉ làm sinh_viên phân_tán .","Các bộ phận của máy tính không hỗ trợ học tập nhiều, chỉ làm phân tâm học sinh."
3,giúp em hiểu ra được nhiều cái hay .,viện trợ em hiểu ra được nhiều cái hay .,Thật tốt khi thấy anh hiểu nhiều như vậy.
1,kiến thức giảng rất khó hiểu .,sở học giảng rất khó hiểu .,Dạy học rất khó hiểu.
1,"thầy còn giảng bài hơi nhỏ , sinh viên tụi em lắng nghe không rõ .","thầy còn giảng bài thể hơi nhỏ , sinh_viên tụi em lắng_nghe không rõ .","Anh nói quá nhỏ, và chúng tôi không nghe rõ."
1,dạy nhiệt tình nên hay lấn giờ quá tiết .,dạy học nhiệt_tình nên hay lấn giờ quá_tiết .,"Bạn biết đấy, nhiệt tình là một phần quan trọng trong thời gian."
2,chia sẻ .,san sẻ .,Chia sẻ.
2,cho đồ án môn này để sinh viên nghiên cứu .,cho đồ_án môn này để sinh_viên cân nhắc .,Bạn có thể viết một bài luận về chủ đề nào đó mà bạn muốn học sinh hiểu rõ hơn về nó.
2,đầy đủ số tiết .,khá giàu số tiết .,với đầy đủ số tiết...
2,đầy đủ .,khá giàu .,đầy.
1,nên bỏ thi code trên giấy .,nên bỏ kiểm tra code trên giấy .,đang bỏ qua mã giấy.
2,"mỗi một vấn đề đều phải dừng lại hỏi xem còn sinh viên nào có cách khác không , hay đơn giản là cách hiểu khác trên cùng một vấn đề .","mỗi_một vấn_đề đều phải ngừng lại lại hỏi xem còn sinh_viên nào có cách khác không , hay cơ bản là cách hiểu khác trên cùng một vấn_đề .","Mỗi bài toán cần được dừng lại và hỏi xem có học sinh nào có cách hiểu khác nhau về cùng một vấn đề, hoặc đơn giản là có cách hiểu khác nhau về nó không."
2,hoạt động tổ chức thuyết trình .,hoạt_động tổ_chức sự diễn thuyết .,tổ chức buổi thuyết trình.
2,không ý kiến gì .,không quan niệm gì .,Không biết.
2,hết !,hết !,Hết!
1,"giảng viên đứng lớp sử dụng giờ trên lớp không hiệu quả , thường kết thúc sớm , và dặn dò những điều không cần thiết , cụ thể như có những buổi học diễn ra doubledot sinh viên lên seminar đề tài không liên quan .","giảng_viên đứng_lớp sử_dụng giờ trên lớp không hiệu_quả , thường kết cục sớm , và dặn_dò những điều không cần_thiết , hữu hình như có những buổi học diễn ra doubledot sinh_viên lên hội nghị chuyên đề đề_tài không liên_quan .","Giảng viên trong lớp dành thời gian trong lớp không hiệu quả, thường kết thúc sớm và đưa ra lời khuyên không cần thiết, chẳng hạn như trong một số lớp học mà sinh viên gấp đôi thời gian bài giảng của họ về các chủ đề không liên quan."
2,cách dạy của thầy .,cách dạy của người giáo viên .,Việc dạy của anh...
1,khả năng truyền đạt của giảng viên còn gây khó khăn cho sinh viên .,khả_năng truyền tải của giảng_viên còn gây khó_khăn cho sinh_viên .,Kỹ năng giao tiếp của giảng viên cũng gây khó khăn cho sinh viên.
1,giảng viên nên tập trung nhiều giờ giảng lý thuyết hơn để giúp sinh viên hiểu và hiểu sâu hơn về bài học .,giảng_viên nên tập_trung nhiều giờ giảng_lý_thuyết hơn để giúp sinh_viên hiểu và hiểu con sâu hơn về bài_học .,Giáo viên nên tập trung vào các lớp học lý thuyết để giúp học sinh hiểu và đào sâu bài học.
1,cần wifi mạnh thêm cho dãy nhà cũ .,cần wifi mạnh thêm cho chuỗi nhà cũ .,Cần thêm năng lượng cho khối cũ...
1,"nên cho sinh viên đi tham quan thực tế môi trường doanh nghiệp , hạn chê lý thuyết suông .","nên cho sinh_viên đi tham_quan thực_tế hoàn cảnh doanh_nghiệp , hạn chê_lý thuyết_suông .","Chúng ta nên cho sinh viên một chuyến tham quan thực tế môi trường doanh nghiệp, hạn chế những thứ lý thuyết."
3,cô hướng dẫn rất nhiệt tình .,cô hướng_dẫn rất hăng hái .,Anh là một người hướng dẫn nhiệt tình.
2,tất cả các hoạt động trên lớp .,tất_cả các vui chơi trên lớp .,Tất cả các hoạt động của lớp.
1,nghỉ học thường xuyên .,đi nghỉ học thường_xuyên .,Thường xuyên nghỉ học.
2,khả năng truyền đạt chưa thực sự xuất sắc .,khả_năng truyền_đạt chưa thực_sự kiệt xuất .,Việc giao tiếp không được tốt lắm.
2,hoàn thiện giáo trình thực hành .,làm xong giáo_trình thực_hành .,Hoàn thiện giáo trình thực hành.
1,"cải thiện máy chiếu , phòng thực hành .","cải_thiện máy_chiếu , dè chừng thực_hành .","Cải thiện máy chiếu, phòng thực hành..."
3,"thầy vui tính , rất tâm lý sinh viên .","thầy hoà đồng , rất tâm_lý sinh_viên .","Hắn vui tính, rất điên rồ."
3,"thầy dạy rất nhiệt tình , công bằng trong đánh giá .","thầy dạy rất nhiệt_tình , sự công chính trong đánh_giá .","Anh ấy nhiệt tình, đánh giá công bằng."
3,tiếc là học kỳ 2 em không đăng ký được lớp lập trình hướng đối tượng của cô !,tiếc là học_kỳ 2 em không đăng_ký được lớp lập trình trên máy tính hướng đối_tượng của cô !,"Xin lỗi, tôi không thể vào học kì 2 của cậu về lập trình hướng đối tượng!"
1,"cần giảng kỹ hơn phần lý thuyết , đi sâu chậm hơn một chút .","cần giảng_kỹ hơn phần lý_thuyết , đi_sâu tiếp thu kém hơn một_chút .",Tôi cần phải đi sâu hơn và chậm lại.
2,mở rộng kiến thức nâng cao cho sinh viên .,mở_rộng học thức nâng cao cho sinh_viên .,Nó mở rộng kiến thức nâng cao của sinh viên.
3,"hướng dẫn rất tận tình , trình bày hướng dẫn rất đẹp , có phong cách , thể hiện một thái độ rất nghiêm túc trong công việc giảng dạy .","hướng_dẫn rất tận_tình , thể hiện hướng_dẫn rất xinh đẹp , có phong_cách , thể_hiện một thái_độ rất nghiêm_túc trong công_việc giảng_dạy .","sự hướng dẫn rất tận tuỵ, rất đẹp, rất phong cách, rất nghiêm túc trong giảng dạy."
3,"hiền , dễ thương , cười tươi .","hiền , hấp dẫn , cười tươi .","Nụ cười tươi, ngọt ngào."
2,em không có ý kiến gì thêm .,em không có quan điểm gì thêm .,Tôi không có ý gì khác...
1,"thực hành mạng cần cung cấp tài liệu thực hành trước , những câu hỏi trong thực hành cần cho sinh viên biết để tìm hiểu nghiên cứu trước chứ đến khi thực hành mới cho biết để nghiên cứu thật sự không hiểu quả .","thực_hành_mạng cần cho ăn tài_liệu thực_hành trước , những câu hỏi trong thực_hành cần cho sinh_viên biết để tìm_hiểu cân nhắc trước chứ đến khi thực_hành mới cho biết để cân nhắc thực sự không hiểu quả .","thực hành mạng nên cung cấp tài liệu thực hành trước, câu hỏi trong thực hành nên được nói với sinh viên để khám phá nghiên cứu trước, và sau đó thông báo bởi thực hành để nghiên cứu thực sự không hiệu quả."
2,cho bài tập làm tại lớp .,cho bài_tập làm tại vỉa .,Đối với bài tập trên lớp.
2,điểm danh học sinh đi học .,điểm danh học_sinh ngồi bóc lịch học .,Đi học đầy đủ.
1,"máy chiếu phòng học quà mờ , đề nghị nên thay đổi .","máy rọi phòng học quà mờ , đề_nghị nên thay_đổi .","Cái máy chiếu trong lớp học với ánh sáng mờ, gợi ý một sự thay đổi."
2,thầy cho nhiều bài tập .,giáo viên cho nhiều bài_tập .,Ông ấy giao cho tôi rất nhiều nhiệm vụ.
1,"cần cải thiện chất lượng phòng học thực hành của khoa wzjwz36 tại phòng wzjwz37 , máy tính của trường cung cấp không thể sử dụng để thực hành , 10% sinh viên phải dùng laptop cá nhân để làm thực hành , bên cạnh đó phòng học cũng rất chật và nóng bức .","cần cải_thiện chất_lượng dè chừng học bài thực_hành của khoa wzjwz36 tại dè chừng wzjwz37 , máy_tính của trường cho ăn không_thể dùng để thực_hành , 10 % sinh_viên phải dùng laptop cá_nhân để làm thực_hành , bên cạnh đó dè chừng học bài cũng rất chật và nóng_bức .","Phòng thực hành của wzjwz36 là cần thiết để cải thiện chất lượng của lớp học wzjwz37, không được trang bị máy tính để thực hành, 10% học sinh phải sử dụng máy tính xách tay cá nhân để thực hành, và lớp học cũng rất đông đúc và nóng."
3,giảng dạy đầy đủ đúng giờ .,giảng_dạy đủ đầy đúng giờ .,Dạy nó mọi thứ đúng giờ.
3,thầy trang bị cho chúng em những kiến thức khá hữu ích sau khi ra trường !,thầy trang_bị cho chúng_em những kiến_thức khá hữu_ích sau khi ra trường lực !,"Sau giờ học, các em đã cho chúng tôi rất nhiều tài liệu hữu ích!"
1,thầy thường vào lớp trễ .,giáo viên thường vào lớp trễ .,Tôi thường đến lớp muộn.
2,liên hệ thực tế .,liên_hệ hiện trạng .,liên hệ với người thực sự.
1,cần nêu rõ mối liên hệ giữa môn này với chuyên ngành đang theo học .,cần nêu tên rõ mối liên_hệ giữa môn này với chuyên_ngành đang theo học .,Xác định mối liên hệ giữa môn học và ngành học mà bạn đang học.
2,"thầy cho đề thực hành cũng khá hay , nhưng mà thật thì em toàn code mấy bài đó trên notepad rồi nộp , không test gì cả , nhưng được cái là đồ án 10 thì điểm thực hành cũng 10 luôn .","giáo viên cho đề_thực_hành cũng khá hay , nhưng_mà thật thì em toàn code mấy bài đó trên notepad rồi nộp , không test gì cả , nhưng được_cái là đồ_án 10 thì điểm thực_hành cũng 10 luôn .","Tôi nghĩ việc luyện tập khá tốt, nhưng thực ra, bạn viết mã số vào sổ tay và nộp nó, không kiểm tra, nhưng hoá ra kế hoạch 10 cho bạn điểm thực hành 10."
2,các hoạt động thi đua các nhóm trên lớp với nhau .,các hoạt_động thi_đua các nhóm trên vỉa với nhau .,- Hoạt động thi đua đối với các nhóm lớp.
2,vì theo em thầy mọi người đi học rất đầy đủ .,vì theo em thầy mọi người đi học bài rất đầy_đủ .,"Bởi vì theo tôi, mọi người đều đi học..."
3,"tận tâm , nhiệt tình , hăng say .","tận_tâm , sôi nổi , hăng_say .","tận tâm, nhiệt tình, đam mê..."
1,nên sắp lịch học phù hợp .,nên sắp lịch_học phù_hợp .,Lên lịch học phù hợp.
1,cần có các đề tài cụ thể và quy trình thực tế để sinh viên thực hiện ở môn học này !,cần có các chủ đề cụ_thể và quy_trình thực_tế để sinh_viên thực_hiện ở môn_học này !,Đề tài cần có những chủ đề cụ thể và quy trình thực hành để học sinh làm theo!
2,sau khi học xong 2 môn học wzjwz168 và wzjwz87 lớp do thầy wzjwz88 làm giảng viên lý thuyết và thầy wzjwz89 làm giảng viên em thấy một điều thế này .,sau khi học xong xuôi 2 môn_học wzjwz168 và wzjwz87 vỉa do thầy wzjwz88 làm giảng_viên lý_thuyết và thầy wzjwz89 làm giảng_viên em thấy một điều thế_này .,"Sau khi học xong lớp wzjwz168 và wzjwz87 với thầy wzjwz88 là người hướng dẫn lý thuyết và thầy wzjwz89 là người hướng dẫn, tôi nhận thấy có một điều như thế này..."
3,thường xuyên hỗ trợ sinh viên qua diễn đàn .,thường_xuyên trợ giúp sinh_viên qua diễn_đàn .,Thường xuyên hỗ trợ học sinh thông qua diễn đàn.
3,"vui vẻ , giảng dạy tận tình .","vui tính , giảng_dạy tận_tình .","Vui vẻ nhé, dạy tốt nhé."
3,"cô nhiệt tình , tài liệu post đầy đủ trên mạng .","cô nhiệt_tình , tài_liệu post khá giàu trên mạng .","Anh nhiệt tình, tài liệu của anh có trên Internet."
2,cho em xin ít con chip nfc .,cho em xin ít con khoai tây rán giòn nfc .,Cho tôi xin ít chip NFC...
3,"thầy nhiệt tình , tâm huyết .","thầy hăng hái , tâm_huyết .","Anh ấy nhiệt tình, anh ấy nhiệt tình."
1,"buổi nào cũng có thực hành, học lý thuyết xong ra thực hành liền sẽ có hiệu quả cao !","buổi nào cũng có thực_hành , học bài lý_thuyết xong ra thực_hành liền sẽ có hiệu_quả cao !","Mỗi ngày, hãy luyện tập, học lý thuyết và luyện tập."
2,không dám ý kiến .,không mạo phạm ý_kiến .,Tôi không có ý kiến gì hết.
3,"tận tâm , có kế hoạch .","tâm huyết , có kế_hoạch .","tận tuỵ, với một kế hoạch."
3,"thầy dạy rất tận tâm , nhiệt tình .","thầy dạy rất tận_tâm , sôi nổi .","Anh ấy rất tận tâm, rất nhiệt tình."
3,"giảng viên tận tâm , nhiệt huyết .","giảng_viên tận_tâm , sự nhiệt huyết .","chuyên tâm, nhiệt huyết..."
2,đi dạy đúng giờ và bù đủ số buổi vắng .,đi dạy đúng giờ và bù lại đủ số buổi vắng .,Tôi dạy đúng giờ và bù đắp cho sự vắng mặt.
1,cần đưa ra nhiều ví dụ minh họa hơn .,cần đưa ra nhiều thí dụ minh_họa hơn .,cần thêm nhiều ví dụ nữa.
1,cô lại kiểu khó tính nữa .,cô lại cách thức khó_tính nữa .,Anh đang quá...
1,đến lớp hơi muộn do giao thông .,đến lớp thể hơi muộn do giao_thông .,Đến lớp muộn vì kẹt xe...
3,giảng viên tận tâm nhiệt tình !,giảng_viên tâm huyết nhiệt_tình !,"những giáo viên tận tuỵ, đam mê"
2,cách truyền tải vấn đề .,cách truyền_tải vấn_đề .,Làm thế nào để truyền đạt vấn đề.
2,do chỉ mới được học thầy nhiệm trong 2 tuần cuối nên em không có đủ thời gian tiếp súc để đưa ra đánh giá cho khảo sát trên .,do chỉ mới được học bài thầy_nhiệm trong 2 tuần lễ cuối nên em không có đủ thời_gian tiếp_súc để đưa ra đánh_giá cho khảo_sát trên .,Tôi sẽ không có thời gian để đánh giá bản khảo sát vì tôi chỉ còn hai tuần nữa thôi.
1,những gì quan trọng cần nắm bắt và tìm hiểu thêm .,những gì quan_trọng cần bắt được và tìm_hiểu thêm .,Điều gì là quan trọng để bắt kịp và tìm hiểu thêm về nó.
2,phân công từng nhóm lên thuyết trình .,phân_công từng nhóm lên sự thuyết trình .,Phân công từng nhóm cho bài thuyết trình.
1,cần thêm nhiều kit để thực hành .,cần thêm nhiều kit để thực_hành .,Cần nhiều bộ dụng cụ hơn để luyện tập.
3,"thầy nên dạy nhiều hơn , nên dạy kỹ lý thuyết hơn .","thầy nên dạy học nhiều hơn , nên dạy học kỹ lý_thuyết hơn .",Đáng lẽ tôi nên dạy thêm...đáng lẽ tôi nên dạy lý thuyết thêm...
1,phương pháp dạy còn hơi khó hiểu .,biện pháp dạy còn hơi khó hiểu .,Phương pháp giảng dạy có một chút khó hiểu.
1,không tập trung vào giảng kiến thức cho học sinh hiểu .,không tập_trung vào giảng học vấn cho học_sinh hiểu .,Nó không tập trung vào việc dạy học sinh những gì họ hiểu.
1,giảng viên nên làm từng bước chi tiết hơn là chiếu slide rồi nói .,giảng_viên nên làm từng bước cụ thể hơn là chiếu slide rồi nói .,Giảng viên nên làm các bước chi tiết hơn là chỉ trình chiếu slide và nói...
1,có chăng là thầy cô làm những file hướng dẫn cụ thể để sinh viên biết mình cần tìm gì .,có chăng là thầy_cô làm những file hướng_dẫn hữu hình để sinh_viên biết mình cần tìm gì .,Có thể họ tạo ra các tập tin hướng dẫn cụ thể để họ biết phải tìm kiếm cái gì.
3,"thầy có tích hợp vừa học vừa chơi làm cho bài học không khô khan , và cô đọng lại , rất dễ hiểu , rất tận tình .","giáo viên có tích_hợp vừa học vừa chơi làm cho bài_học không khô_khan , và cô_đọng lại , rất dễ hiểu , rất nhiệt tình .","Tôi đang kết hợp chơi và học, nên nó không khô khan, nó cô đọng, nó rất đơn giản, rất sâu sắc."
1,truyền đạt hơi khó hiểu .,truyền_đạt thể hơi khó hiểu .,Có một chút khó khăn để truyền tải.
1,"em thấy nội dung kiểm tra chưa phù hợp , chương trình học quá nặng .","em thấy nội_dung kiểm_tra chưa phù_hợp , chương_trình học bài quá nặng .","Tôi thấy nội dung bài kiểm tra không phù hợp, chương trình học quá nặng nề."
3,"giảng viên truyền đạt tốt , chỉ bảo tận tình .","giảng_viên truyền tải tốt , chỉ_bảo tận_tình .","Thầy giỏi, thầy giỏi."
1,nên giải thích một số vấn đề khó chi tiết hơn .,nên giải nghĩa một_số vấn_đề khó chi_tiết hơn .,Tôi sẽ giải thích một số vấn đề khó khăn hơn một cách chi tiết hơn.
2,ứng dụng của môn học đó giúp gì cho sinh viên .,việc áp dụng của môn_học đó giúp gì cho sinh_viên .,Làm thế nào để ứng dụng của môn học giúp sinh viên...
1,nội dung truyền đạt để sinh viên thực hành chưa thực sự tốt .,nội_dung truyền_đạt để sinh_viên thực_hành chưa thực tế tốt .,Nội dung mà bạn đang cố gắng dạy học sinh của mình không tốt lắm.
2,nhưng điều đáng nói là điểm thi lại cao hơn những bạn thi đậu lần đầu và điểm này được lấy cho các bạn đó .,nhưng điều đáng nói là điểm sát hạch lại cao hơn những bạn sát hạch đậu xuống lần đầu và điểm này được lấy cho các bạn đó .,"Nhưng điều đáng chú ý là điểm số cao hơn những người qua đường đầu tiên, và điểm số được trao cho những người qua đường đầu tiên."
2,hy vọng nhà trường xem xét .,hy_vọng trường xem_xét .,Tôi hy vọng trường sẽ xem xét...
1,thông báo những buổi seminar và báo cáo phải chính xác để dễ dàng cho cả sinh viên lẫn giáo viên .,thông_báo những buổi hội thảo và báo_cáo phải chính_xác để dễ_dàng cho cả sinh_viên lẫn giáo_viên .,"Các thông báo hội thảo và báo cáo hội thảo phải chính xác, đảm bảo dễ hiểu cho cả học sinh và giáo viên."
2,"ví dụ giơ tay phát biểu cộng điểm , lên bảng làm bài tập cộng điểm .","thí dụ giơ tay phát_biểu cộng điểm , lên bảng làm bài_tập cộng_điểm .","Ví dụ, giơ tay để cộng điểm cho bài kiểm tra toán."
1,cần giảng dạy theo slide tiếng việt hoặc giảng viên cần chú trọng dịch và giải thích hơn vì sinh viên cũng không giỏi tiếng anh nên khó tiếp thu .,cần giảng_dạy theo slide ngôn ngữ việt hoặc giảng_viên cần chú_trọng dịch và giải nghĩa hơn vì sinh_viên cũng không giỏi ngôn ngữ anh nên khó tiếp_thu .,"Họ nên dạy bằng các slide tiếng Anh hoặc họ nên tập trung nhiều hơn vào việc dịch và giải thích, vì họ cũng không thông thạo tiếng Anh và rất khó học."
2,có cái cô cho điểm trừ điểm cũng nương nhẹ .,có cái cô cho điểm trừ_điểm cũng nhẹ tay .,"Anh biết đấy, cái có điểm trừ..."
2,chưa tìm ra .,chưa tìm ra .,không tìm thấy.
2,"mong ban quản lý cơ sở ý kiến giúp chúng em , em xin cảm ơn !","mong ban quản_lý cơ_sở ý_kiến giúp chúng_em , em xin cám ơn !",Tôi đang nhờ ban quản lý giúp đỡ.
1,không tạo điều kiện cho sinh viên thoải mái học tập .,không tạo điều_kiện cho sinh_viên dễ chịu học_tập .,không cho phép học sinh học tự do.
3,"cô truyền dạy kiến thức dễ hiểu , tận tình , thân thiện với học sinh và giúp đỡ học sinh tận tình !","cô truyền_dạy kiến_thức dễ hiểu , tận_tình , thân_thiện với học_sinh và cộng sự học_sinh tận_tình !","Bà dạy học sinh hiểu, quan tâm, thân thiện và chu đáo."
2,làm chủ đề đồ án nhóm .,làm đề tài đồ_án nhóm .,là chủ đề của dự án nhóm.
3,thầy tận tâm và nhiệt tình .,thầy tâm huyết và nhiệt_tình .,Anh rất tận tâm và nhiệt huyết...
3,ngoài giờ học thầy còn nói thêm về nhiều điều rất hay !,ngoài giờ học bài thầy còn nói thêm về nhiều điều rất hay !,"Ngoài lớp học, bạn đang nói về một số điều thực sự mát mẻ!"
3,giảng hay và rất vui .,giảng dạy hay và rất vui .,Nó rất hay và vui.
3,"trong lúc thực hành , giảng bài hướng dẫn nhiệt tình , kết hợp với bài tập để củng cố kiến thức .","trong lúc thực_hành , giảng_bài hướng_dẫn sôi nổi , kết_hợp với bài_tập để củng_cố kiến_thức .","Trong quá trình thực hành, hãy hướng dẫn một cách nhiệt tình và kết hợp các bài tập để củng cố kiến thức."
1,giảng viên nên luyện tập khả năng nói lưu loát và dễ hiểu hơn cho sinh viên !,giảng_viên nên luyện_tập khả_năng nói lưu_loát và dễ hiểu hơn cho sinh_viên !,Giảng viên nên luyện nói trôi chảy và toàn diện cho sinh viên!
2,phục vụ ở mảng nào cho công việc sau này !,phục_vụ ở mảng nào cho công tác sau_này !,lĩnh vực nào để phục vụ cho công việc trong tương lai!
2,kể chuyện .,kể chuyện .,Kể câu chuyện.
3,cô dễ thương tận tình với sinh viên .,cô baby tận_tình với sinh_viên .,"Cô là một cô gái ngọt ngào, tận tuỵ với sinh viên."
1,thầy nên cho bài tập môn hệ điều hành nhiều hơn nữa .,thầy nên cho bài_tập môn_hệ chỉ huy nhiều hơn_nữa .,Đáng lẽ tôi nên giao cho anh nhiều nhiệm vụ về hệ điều hành hơn.
3,"giáo viên đến rất sớm , dạy nhiệt tình .","giáo_viên đến rất sớm , dạy học nhiệt_tình .","Giáo viên đến sớm, dạy dỗ chăm chỉ."
2,dù sao em cũng cám ơn thầy đã dẫn dắt bọn em ở học kỳ hai này ạ .,dù_sao em cũng cám_ơn thầy đã dẫn_dắt đám em ở học_kỳ hai này ạ .,"Dù sao thì, cảm ơn thầy đã cho chúng em học kỳ hai này."
1,"giảng viên không gây hứng thú cho sinh viên , làm sinh viên chán nản .","giảng_viên không gây hứng_thú cho sinh_viên , làm sinh_viên thẫn thờ .","Giảng viên không làm sinh viên hứng thú, nó làm họ bực mình."
1,"nên cung cấp cho sinh viên thêm nhiều tài liệu , cũng như bắt kịp xu thế phát triển của công nghệ để không bị lỗi thời lạc hậu .","nên cho ăn cho sinh_viên thêm nhiều tài_liệu , cũng như bắt kịp xu_thế tạo ra của công_nghệ để không bị lỗi_thời lạc_hậu .","Nó sẽ cung cấp cho học sinh nhiều tài liệu hơn, cũng như theo kịp xu hướng thay đổi của công nghệ để chúng không bị lỗi thời."
2,thầy giảng bài .,giáo viên giảng bài .,Ông ấy đang dạy...
1,dạy quá nhanh .,dạy học quá nhanh .,Dạy quá nhanh.
1,"môn học nên cập nhật giáo trình mới liên tục , tài liệu học tập cũ , rất nhiều chỗ sai .","môn_học nên cập_nhật giáo_trình mới liên_tục , tài_liệu việc học cũ , rất nhiều chỗ sai .","Khóa học nên liên tục cập nhật giáo trình mới, tài liệu học tập cũ, nhiều lỗi."
3,"giảng viên tận tâm , nhiệt tình giúp đỡ sinh viên .","giảng_viên tận_tâm , sôi nổi giúp_đỡ sinh_viên .","những giáo viên tận tâm, những người tận tâm giúp đỡ học sinh."
3,"thầy dạy rất nhiệt tình , thầy kiêm luôn giáo viên thực hành .","thầy dạy học rất nhiệt_tình , thầy kiêm luôn giáo_viên thực_hành .","Ông dạy với sự nhiệt tình cao độ, ông là một giáo viên thực hành cùng một lúc."
3,bài thực hành được xây dựng phù hợp với nội dung lý thuyết .,bài thực_hành được xây cất phù_hợp với nội_dung lý_thuyết .,Thực hành được xây dựng phù hợp với nội dung lý thuyết.
3,khả năng nói tiếng anh tốt .,khả_năng nói ngôn ngữ anh tốt .,"Tiếng Anh tốt, tốt..."
3,ra một số bài tập hay có tính vận dụng .,ra một_số bài_tập hay có tính vận_dụng .,Đó là một bài tập tốt.
2,mong thầy thay đổi trong các học kỳ sau .,mong giáo viên thay_đổi trong các học_kỳ sau .,Tôi hy vọng sẽ thay đổi nó trong vài học kỳ tới.
3,cô tận tâm nhiệt tình giúp đỡ cho sinh viên .,cô tận_tâm hăng hái giúp_đỡ cho sinh_viên .,Cô tận tâm giúp đỡ học sinh.
1,khả năng truyền đạt còn kém .,khả_năng truyền tải còn kém .,Giao tiếp rất kém.
3,thầy dạy hay và rất nhiệt tình la em và các bạn theo xu hướng tốt .,thầy dạy học hay và rất nhiệt_tình_la em và các bạn theo xu_hướng tốt .,Anh rất giỏi và rất nhiệt tình về việc tôi và các bạn tôi đang đi đúng hướng.
3,"sự tận tâm của thầy , các ví dụ đơn giản , dễ hiểu .","sự tận_tâm của thầy , các thí dụ đơn_giản , dễ hiểu .","Cam kết của tôi, đơn giản, dễ hiểu ví dụ."
1,cô nói hơi khó nghe và những điều học được ít gây được hứng thú nơi sinh viên .,cô nói hơi khó nghe và những điều học bài được ít gây được hứng_thú nơi sinh_viên .,Cô ấy hơi lè lưỡi và những điều cô ấy học được ít thú vị hơn đối với các sinh viên.
1,nên cân bằng hai bên .,nên cân đối hai bên .,Vậy chúng ta đang cân bằng ở cả hai bên.
3,đồ án mang tính thực tiễn .,đồ_án mang tính kinh nghiệm .,Kế hoạch thực tế.
2,đó là giáo trình và tài liệu .,đó là giáo_trình và tài_liệu .,Nó là một cuốn sách giáo khoa và một tài liệu.
1,em thấy thầy chỉ giảng cho có .,em thấy người giáo viên chỉ giảng cho có .,Tôi thấy anh đang thuyết giáo cho dàn hợp xướng...
3,"cô dạy nhiệt tình , kỹ , chịu khó nếu học sinh chưa hiểu bài .","cô dạy học nhiệt_tình , kỹ , chịu_khó nếu học_sinh chưa hiểu bài .","Cô dạy nhiệt tình, cẩn thận, và bỏ nhiều công sức nếu học sinh không hiểu."
2,tăng cường thiết bị .,làm tăng cao lên thiết_bị .,tăng cường thiết bị.
1,tài liệu tiếng anh gây khó khăn cho ôn thi .,tài_liệu tiếng anh gây bài toán khó khăn cho ôn_thi .,Tài liệu tiếng Anh khiến việc học trở nên khó khăn.
1,nội dung thi cũng chỉ toàn lý thuyết .,nội_dung sát hạch cũng chỉ toàn lý_thuyết .,Nội dung cũng dựa trên lý thuyết.
1,môn này là bị trùng hoặc thừa vì mấy môn trước như lập trình mạng với đồ án vô số sinh viên đã tự học cái này rồi .,môn này là bị trùng hoặc thừa vì mấy môn trước như lập trình trên máy tính mạng với đồ_án không kể xiết sinh_viên đã tự học cái này rồi .,"Cái này trùng lặp hoặc thừa vì những cái trước đó, như lập trình mạng và các môn học, đã được dạy bởi vô số sinh viên."
1,"nên trình bày bài tập bằng lời nói trước lớp nhiều hơn , dễ hiểu hơn .","nên trình_bày bài_tập bằng lời_nói trước vỉa nhiều hơn , dễ hiểu hơn .",Làm bài tập ở lớp học sẽ dễ dàng hơn nếu bạn sử dụng hình thức nói chuyện.
1,"phòng thực hành quy mô chưa lớn , vẫn còn các máy tính không sử dụng được .","phòng thực_hành qui mô chưa lớn , vẫn còn các máy_tính không sử_dụng được .","Phòng thực hành chưa đủ rộng, và máy tính vẫn không hoạt động."
1,nếu không thì buổi học toán nào 3 tiết cũng thành 5 tiết .,nếu không thì buổi học_toán nào 3 tiết cũng là 5 tiết .,"Nếu không, mỗi tiết toán, ba tiết, sẽ thành năm tiết."
2,cũng tự học là chính vì là môn thực hành mà .,cũng tự học bài là chính vì là môn thực_hành mà .,"Tôi không tự học, nhưng nó là một môn thực tế."
2,"phần pl fraction sql , quản lý , phân quyền .","phần pl fraction sql , quản_lý , phân_quyền .","phần pl phân đoạn quản lý sql, phi tập trung..."
1,wifi các phòng thực hành thường rất yếu .,wifi các ngăn ngừa thực_hành thường rất yếu .,Mạng không dây trong phòng tập thường rất thấp.
3,"giảng viên giảng dạy hay , vui tính .","giảng_viên giảng_dạy hay , gần gụi .","Thầy giỏi, vui tính..."
3,"đảm bảo giờ lên lớp và sử dụng hiệu quả giờ lên lớp , có cập nhật bổ sung tài liệu tham khảo để giúp sinh viên dễ nắm bắt được bài học .","đảm_bảo giờ lên_lớp và sử_dụng hiệu_quả giờ lên_lớp , có cập_nhật phụ cho tài_liệu tham_khảo để giúp sinh_viên dễ nắm được được bài_học .","Đảm bảo rằng bạn đang cho và sử dụng thời gian học hiệu quả, và bạn có tài liệu tham khảo bổ sung để giúp học sinh theo kịp bài học."
1,thầy hay đi trễ và nghỉ dạy nhiều .,người giáo viên hay đi trễ và nghỉ dạy nhiều .,Tôi đến muộn và tôi nghỉ nhiều.
3,sự nhiệt tình và tận tình của giáo viên .,sự nhiệt_tình và tận_tình của nghề dạy học .,Sự nhiệt tình và sự cống hiến của giáo viên...
3,giảng viên có tương tác với giáo viên .,giảng_viên có hợp tác với giáo_viên .,giáo viên tương tác với giáo viên.
3,"thầy rất nhiệt tình và tận tâm , có kiến thức rộng .","thầy rất nhiệt_tình và tâm huyết , có kiến_thức rộng .","Ông rất nhiệt tình và tận tâm, và ông có một kiến thức rộng."
1,giờ giấc lộn xộn .,giờ lộn_xộn .,Thời gian thật lộn xộn...
1,"tránh tình trạng giảng viên đang dạy thì hết phấn , micro hết pin .","tránh tình_trạng giảng_viên đang dạy thì hết viên phấn , micro hết pin .",Điều này sẽ giúp giáo viên không bị hết phấn trong khi bạn đang dạy và micro cũng hết pin.
2,thầy đảm bảo tốt về giờ lên lớp .,thầy bảo đảm tốt về giờ lên_lớp .,Tôi chắc là cậu học giỏi lắm.
3,thu hút sinh viên .,cuốn hút sinh_viên .,Đó là một thứ tập trung vào học sinh.
3,"giảng viên đưa ra những ví dụ cụ thể , hay gặp lỗi nhất trong phần giảng dạy .","giảng_viên đưa ra những ví_dụ hữu hình , hay gặp lỗi nhất trong phần giảng_dạy .","Người hướng dẫn sẽ đưa ra ví dụ cụ thể, và sai sót là sai sót phổ biến nhất trong bài giảng."
2,không có gì phàn nàn về giảng viên .,không có gì phàn_nàn về giảng_viên .,Không phàn nàn gì về người hướng dẫn...
2,không có gì cả ạ .,không có gì cả ạ .,"Không, không có gì đâu."
3,giảng viên hỗ trợ tích cực .,giảng_viên trợ giúp tích_cực .,Các giảng viên hỗ trợ tích cực.
1,hơi khó hiểu .,thể hơi khó hiểu .,Nó hơi khó hiểu.
2,chỉ cần học sinh siêng năng là sẽ làm được và hiểu rõ hơn về lý thuyết sau mỗi lần làm bài thực hành .,chỉ cần trẻ em đi học chuyên cần là sẽ làm được và hiểu rõ hơn về lý_thuyết sau mỗi lần làm bài thực_hành .,"Miễn là học sinh siêng năng, họ sẽ có thể làm điều đó và hiểu lý thuyết tốt hơn sau mỗi buổi thực hành."
1,nhiều lúc giảng dạy nói hơi nhanh .,nhiều lúc giảng_dạy nói thể hơi nhanh .,Đôi khi việc dạy học hơi nhanh.
1,thêm các buổi làm và sửa bài tập .,thêm các buổi làm và cải tổ lại bài_tập .,Thêm các buổi làm việc và sửa đổi bài tập.
1,thầy hay đi trễ vài buổi đầu .,thầy hay dựa cột trễ vài buổi đầu .,Tôi bị trễ vài ngày đầu.
1,"giảng viên chuyên về vhdl , về môn học này thì sử dụng hdl nên có nhiều phần giảng viên không giải đáp được .","giảng_viên chuyên biệt về vhdl , về môn_học này thì dùng hdl nên có nhiều phần giảng_viên không giải_đáp được .","giảng viên chuyên về HDL, là HD, vì vậy có những phần của chủ đề mà giảng viên không thể trả lời."
1,cơ sở vật chất chưa tốt để nghe tiếng anh .,cơ_sở_vật_chất chưa tốt để nghe ngôn ngữ anh .,Cơ sở hạ tầng không đủ tốt để nghe tiếng Anh.
3,"thầy giảng hay , mặc dù thỉnh thoảng có ngoài lề nhưng làm cho chúng em rất hứng thú và không buồn ngủ .","thầy giảng hay , mặc_dù thỉnh_thoảng có ngoài nghi tiết nhưng làm cho chúng_em rất hứng_thú và không buồn_ngủ .","Cô là một giáo viên tốt, và mặc dù đôi khi nó vượt quá giới hạn, nó rất kích thích và nó khiến chúng tôi không ngủ được."
3,cô quan tâm đến sinh viên và truyền đạt kiến thức rất bổ ích .,cô quan_tâm đến sinh_viên và truyền tải kiến_thức rất bổ_ích .,Bà quan tâm đến sinh viên và truyền đạt kiến thức rất hữu ích.
1,"như vậy , sinh viên làm đồ án sẽ không có tương tác thực tế với giảng viên tương tác qua moodle thì vẫn được .","như_vậy , sinh_viên làm đồ_án sẽ không có tương_tác hiện trạng với giảng_viên tương_tác qua moodle thì vẫn được .","Vì vậy, sinh viên đang làm dự án sẽ không có tương tác thực sự với giáo sư, tương tác thông qua các moodle vẫn có thể."
3,"giảng viên vui tính , hay liên hệ với thực tế giúp cho sinh viên dễ nắm bắt vấn đề .","giảng_viên vui_tính , hay liên_hệ với thực_tế giúp cho sinh_viên dễ bắt được vấn_đề .","Giáo sư có thể vui tính, hoặc có thể tiếp cận thực tế, giúp sinh viên nắm vững kiến thức về môn học."
2,đa phần bài thực hành đã được làm từ những bài tập về nhà của thầy x .,đa_phần bài thực_hành đã được làm từ những bài_tập về nhà của người giáo viên x .,Hầu hết các buổi luyện tập được thực hiện từ bài tập về nhà của mình.
2,cảm ơn thầy đã sửa lỗi khi cài vmware giúp em colonsmallsmile .,cảm_ơn thầy đã trang bị lại lỗi khi cài vmware giúp em colonsmallsmile .,Cảm ơn đã sửa lỗi khi cài đặt vmware cho colonsmallsmile.
1,"giảng viên giảng bài không tạo được sự hứng thú cho sinh viên khi học , nên thường phải áp dụng phương pháp của các giáo viên dạy môn chính trị như doubledot không cho sử dụng điện thoại , laptop trong lớp , điểm danh hoặc gọi tên để trả lời câu hỏi .","giảng_viên giảng_bài không tạo được sự lí thú cho sinh_viên khi học , nên thường phải áp_dụng phương_pháp của các nghề sư phạm dạy môn chính_trị như doubledot không cho sử_dụng cú điện thoại , laptop trong lớp , điểm_danh hoặc chào tên để trả_lời câu hỏi .","Giảng viên không thu hút sinh viên vào học tập, vì vậy, thường thì bạn cần phải sử dụng phương pháp được các giáo viên chính trị sử dụng như doubleot để ngăn chặn việc sử dụng điện thoại, máy tính xách tay, cuộc gọi vòng quanh, hoặc gọi tên để trả lời câu hỏi."
2,"một số nội dung cơ bản như doubledot cấu trúc của json , xml .","một_số nội_dung sơ yếu như doubledot cấu_trúc của json , xml .",một số nội dung cơ bản như cấu trúc doubledot của json. xml.
1,"phần quản lý thao tác của oracle , giảng viên cung cấp tài liệu quản lý thao tác của sql server .","phần quản_lý thao_tác của oracle , giảng_viên cho ăn tài_liệu quản_lý thao_tác của sql server .",Phần quản lý hoạt động của oracle; hướng dẫn cung cấp tài liệu quản lý hoạt động sql server.
3,"nhiệt tình và tận tâm với học sinh , giảng bài rất dễ hiểu .","nhiệt_tình và tâm huyết với học_sinh , giảng_bài rất dễ hiểu .","nhiệt tình và tận tâm với sinh viên, giảng bài một cách thấu đáo."
3,"thày dạy nhiệt tình , dễ tiếp thu .","thày dạy hăng hái , dễ tiếp_thu .","Một giáo viên ấm áp, dễ tiêu hoá."
3,"cô sẵn sàng giải đáp mọi thắc mắc nhanh nhất có thể , luôn tìm hiểu kỹ nội dung để có thể dạy tốt nhất .","cô sẵn_sàng giải_đáp mọi thắc_mắc nhanh nhất có_thể , luôn ve vãn kỹ nội_dung để có_thể dạy tốt nhất .","Cô sẵn sàng trả lời câu hỏi càng nhanh càng tốt, luôn tìm kiếm nội dung để cô có thể dạy tốt nhất."
2,chưa học nhiều với thầy nên chưa có ý kiến gì về thầy .,chưa học bài nhiều với thầy nên chưa có ý_kiến gì về thầy .,"Tôi không học được gì nhiều từ anh, nên tôi cũng không cho anh bất cứ"
1,hy vọng thầy đảm bảo thời gian lên lớp đủ 30 tiết .,hy_vọng thầy đảm_bảo thời_gian lên lớp đủ 30 thải .,Hy vọng các em có thể học đến 30 phút trong lớp.
3,cô rất tâm huyết và nhiệt thành .,cô rất tâm_huyết và nhiệt_thành .,Anh rất đam mê và rất...
3,thầy cũng tâm lý với sinh viên tụi em nữa ạ .,người giáo viên cũng tâm_lý với sinh_viên tụi em nữa ạ .,Anh cũng là một nhà tâm lý trị liệu cho sinh viên của chúng tôi.
1,cải tiến phòng học nhiều thiết bị cho việc thực hành .,cải_tiến phòng ngừa học nhiều thiết_bị cho việc thực_hành .,... cải thiện lớp học ... thêm nhiều thiết bị để thực hành ...
1,em muốn có thời gian tiếp xúc và học hỏi thầy nhiều hơn nhưng do thầy ít lên lớp nên không có cơ hội .,em muốn có thời_gian tiếp_xúc và học_hỏi thầy giáo nhiều hơn nhưng do thầy giáo ít lên vỉa nên không có cơ_hội .,"Em muốn dành nhiều thời gian hơn với anh và học hỏi từ anh, nhưng anh không ở trong lớp, nên em không thể"
2,còn một điều nữa .,còn một điều nữa .,Còn một điều nữa...
2,giảng bài .,diễn thuyết bài .,bài giảng.
2,"thầy dạy nhiệt tình , tốt nhưng không phù hợp với tôi .","thầy dạy học nhiệt_tình , tốt nhưng không phù_hợp với tôi .","Anh ấy nhiệt tình, tốt, nhưng không phải với tôi."
2,hầu như không có vấn đề gì không hài lòng .,hầu_như không có vấn_đề gì không mãn nguyện .,Hầu như không có gì không vừa ý...
1,"thầy nghỉ nhiều quá , làm tụi em cũng nghỉ theo .","thầy đi nghỉ nhiều quá , làm tụi em cũng đi nghỉ theo .","Bạn nghỉ quá nhiều, và chúng tôi nghỉ quá nhiều."
2,bài tập trên lớp .,bài_tập trên vỉa .,Làm việc ở lớp.
3,giáo viên giảng dạy sử dụng nhiều ví dụ thực tiễn .,giáo_viên giảng_dạy sử_dụng nhiều ví_dụ kinh nghiệm .,giáo viên sử dụng nhiều ví dụ thực tế.
2,cách dạy .,cách dạy học .,Làm thế nào để dạy.
3,"giáo viên tận tình , giảng dạy tốt .","nghề dạy học tận_tình , giảng_dạy tốt .","Một giáo viên tận tuỵ, một giáo viên giỏi."
3,"thầy dạy rất nhiệt tình , dễ hiểu , tận tâm .","thầy giáo dạy rất nhiệt_tình , dễ hiểu , tận_tâm .","Anh ấy nhiệt tình, thấu hiểu, tận tuỵ."
2,đây là mong muốn của em chứ không phải không hài lòng ) .,đây là mong_muốn của em chứ không phải không thoả mãn ) .,Không phải là tôi không hạnh phúc.
2,cho phép sinh viên tự giác ôn tập .,cho_phép sinh_viên có ý thức về bản thân ôn_tập .,Nó cho phép học sinh tự xem lại.
3,vui nhộn trong giờ học .,vui nhộn trong giờ học bài .,"Vui nhộn trong lớp, nếu anh muốn biết."
2,giảng viên .,giảng_viên .,Giảng viên.
2,không thấy không hài lòng về giảng viên .,không thấy không thoả mãn về giảng_viên .,Tôi không thấy tốt về cô giáo.
3,nhiệt tình truyền đạt kiến thức cho sinh viên .,nhiệt_tình truyền_đạt tri thức cho sinh_viên .,nhiệt tình dạy học sinh.
2,theo ý kiến của cá nhân em và nhiều bạn đồng quan điểm thì cách dạy của thầy có nhiều yếu điểm như sau doubledot .,theo quan niệm của riêng tư em và nhiều bạn đồng quan_điểm thì cách dạy của thầy có nhiều yếu_điểm như sau doubledot .,"Theo ý kiến của tôi và của nhiều bạn cùng lớp, việc dạy học của anh có nhiều điểm yếu, như doubleot."
2,em đã kết thúc một học kỳ ở đó !,em đã kết cục một học_kỳ ở đó !,Tôi đã học xong một học kỳ ở đó!
3,"rất thích cách dạy của thầy , thầy rất nhiệt tình , tận tâm và rất vui tính .","rất thích cách dạy của thầy , thầy rất nhiệt_tình , tâm huyết và rất vui_tính .","Tôi thích việc dạy học của anh, anh nhiệt tình, tận tụy, anh hài hước."
3,thầy rất nhiệt tình với lớp .,thầy rất nhiệt_tình với vỉa .,Tôi rất phấn khích về lớp học.
1,"kỳ này dạy bằng slide tiếng anh nên đa phần sinh viên không nắm bắt kịp , gần như toàn bộ các bạn đều không hiểu bài .","kỳ này dạy học bằng slide ngôn ngữ anh nên đa_phần sinh_viên không nắm_bắt kịp , gần như toàn_bộ các bạn đều không hiểu bài .","Đây là một lớp học tiếng Anh, nên hầu hết học sinh không thể theo kịp, và hầu hết các bạn không thể hiểu nó."
3,"thầy giảng dễ hiểu , nhiều minh hoạ thực tế .","thầy giáo giảng dễ hiểu , nhiều minh_họa thực_tế .","giáo viên dễ hiểu, minh họa thực hành."
2,nâng cấp máy tính .,thăng chức máy_tính .,nâng cấp máy tính.
3,"thầy dạy nhiệt tình , có trình độ môn học yêu cầu sử dụng tư duy rất lớn .","thầy dạy nhiệt_tình , có trình_độ môn_học yêu_cầu dùng tư_duy rất lớn .","Anh ấy là một giáo viên đầy nhiệt huyết, một môn học đòi hỏi rất nhiều suy nghĩ."
3,kiến thức đầy đủ .,kiến_thức có của ăn của để .,Kiến thức đầy đủ.
2,"và não của con người không thích sự dễ dàng , nếu chỉ xử lý sự dễ dàng thì não khó có thể phát triển đến khả năng của nó .","và não của con_người không thích sự thuận tiện , nếu chỉ xử_lý sự thuận tiện thì não khó có đủ điều kiện phát_triển đến khả_năng của nó .","Và bộ não con người không thích sự dễ dàng, và nếu nó chỉ xử lý sự dễ dàng, nó sẽ không phát triển hết tiềm năng của nó."
1,"viết bài nhiều quá , nên đưa bài dạy lên hệ thống moodle .","viết chính tả bài nhiều quá , nên đưa bài dạy lên hệ_thống moodle .","Tôi viết quá nhiều, nên tôi đặt nó vào hệ thống moodle."
1,thầy dạy quá tệ .,thầy dạy học quá tệ .,Cô dạy dở quá.
3,cô vui tính .,cô cởi mở .,Anh vui tính thật đấy
3,"giảng viên dạy truyền cảm hứng , sử dụng thời gian hợp lý .","giảng_viên dạy truyền nguồn cảm hứng , sử_dụng thời_gian hợp_lý .","những giáo viên truyền cảm hứng, hãy sử dụng thời gian một cách khôn ngoan."
1,bài tập nên thiết thực .,bài_tập nên sát thực .,bài tập nên thiết thực.
3,cô wzjwz259 rất vui và nhiệt tình .,cô wzjwz259 rất giải trí và nhiệt_tình .,Cô Wzjwz * 2 rất vui và phấn khích...
1,thực hành sớm hơn so với lý thuyết dẫn đến nhiều khó khăn cho sinh viên .,thực_hành sớm hơn so với lý_thuyết dẫn đến nhiều vấn đề phức tạp cho sinh_viên .,Thực hành sớm hơn lý thuyết dẫn đến nhiều khó khăn cho sinh viên.
1,ít dạy ngữ pháp .,ít dạy học ngữ_pháp .,ít hướng dẫn ngữ pháp.
2,hơn là những thuật toán của những môn trước .,hơn là những ăng-go-rít của những môn trước .,thay vì các thuật toán của các chủ đề trước...
3,thầy giảng rất hay và cực kỳ nhiệt tình trong hoạt động giảng dạy .,thầy giảng rất hay và cực_kỳ hăng hái trong hoạt_động giảng_dạy .,Ông là một giáo viên tốt và cực kỳ nhiệt tình trong giảng dạy.
1,nhiều slide .,nhiều slide .,nhiều slide.
1,"giảng viên nên kiểm tra sức học của từng bạn sinh viên riêng biệt thay vì kiếm điểm quá trình lấy từ hoạt động của nhóm vì nhóm chỉ có một vài bạn hoạt động còn các bạn còn lại đa số là ăn theo , có bạn ít thậm chí là không hoạt động và nhiều lần kéo điểm của nhóm xuống do các bạn hoat động năng nổ kiếm được .","giảng_viên nên điều tra sức_học của từng bạn sinh_viên riêng_biệt thay_vì kiếm điểm quá_trình lấy từ vui chơi của nhóm vì nhóm chỉ có một_vài bạn vui chơi còn các bạn còn lại phần lớn là ăn_theo , có bạn ít thậm_chí là không vui chơi và nhiều lần kéo lê điểm của nhóm xuống do các bạn hoat_động_năng làm nổ tung kiếm được .","Người hướng dẫn nên kiểm tra khả năng học tập của từng học sinh thay vì nhận điểm dựa trên hoạt động nhóm, vì nhóm chỉ có một vài học sinh năng động và phần còn lại hầu hết là một phần của sự kết hợp, với một số học sinh ít hoặc thậm chí không hoạt động và nhiều lần kéo điểm số của nhóm xuống do các học sinh năng động."
2,mặc dù môn này đã được nghe thầy nói được dạy lần đầu cho khóa 3 .,mặc_dù môn này đã được nghe người giáo viên nói được dạy lần đầu cho khóa 3 .,Mặc dù tôi nghe nói lớp này được dạy lần đầu tiên vào năm lớp 3...
3,"tận tâm , chu đáo và luôn theo sát giúp sinh viên đạt kết quả tốt trong môn học .","tận_tâm , chu_đáo và luôn theo sát giúp sinh_viên đạt kết thúc tốt trong môn_học .","Sự tận tâm, chu đáo và liên tục hỗ trợ học sinh đạt được thành tích tốt trong các môn học."
2,"thầy hay đi trễ nhưng không nhiều , chỉ 15 phút mỗi ngày .","thầy hay đi tù trễ nhưng không nhiều , chỉ 15 phút mỗi ngày .","Tôi thường đến trễ, nhưng không nhiều, chỉ 15 phút mỗi ngày."
1,giảng viên cần cho ví dụ nhiều hơn .,giảng_viên cần cho thí dụ nhiều hơn .,Giảng viên cần thêm ví dụ.
1,"môn học còn khá nặng nề , không ứng dụng thực tiễn cũng như không phục vụ cho chuyên nghành , theo em nghĩ , môn giải tích thật sự không cần thiết lắm .","môn_học còn khá nặng_nề , không việc áp dụng thực_tiễn cũng như không phục_vụ cho chuyên_ngành , theo em nghĩ , môn giải_tích thực sự không cần_thiết lắm .","Nó hơi nặng, không thực tế, không chuyên, và tôi nghĩ giải tích không thực sự cần thiết."
3,luôn nhiệt tình trong giảng dạy .,luôn hăng hái trong giảng_dạy .,Luôn là một giáo viên nhiệt tình.
1,"thầy wzjwz27 cần giảng bài rõ ràng hơn , khi giảng cần nói to hoặc dùng micro để mọi người trong lớp cùng nghe cũng như chú ý đến bài giảng .","thầy wzjwz27 cần giảng_bài rõ_ràng hơn , khi diễn giảng cần nói to hoặc dùng micro để mọi người trong vỉa cùng nghe cũng như chú_ý đến bài diễn giảng .",Thầy Wzjwz nên nói rõ ràng và to hoặc dùng micro để mọi người trong phòng có thể nghe và tập trung vào bài giảng.
1,thầy dạy rất trầm .,thầy dạy rất nam trầm .,Ông ấy rất im lặng.
1,"phương pháp truyền đạt khó tiếp thu , lượng kiến thức nhiều nhưng không tập trung .","biện pháp truyền_đạt khó tiếp_thu , lượng kiến_thức nhiều nhưng không tập_trung .","Phương pháp giao tiếp khó tiếp thu, kiến thức rộng nhưng không tập trung."
3,giảng viên thường không trả lời câu hỏi của sinh viền hoặc là khó chịu khi sinh viên hỏi bài .,giảng_viên thường không trả_lời câu hỏi của sinh_viền hoặc là chán ghét khi sinh_viên hỏi bài .,giáo viên hướng dẫn thường không trả lời các câu hỏi của học sinh hoặc không thoải mái với việc học sinh đặt câu hỏi.
3,cô dễ thương và giảng bài tận tình .,cô dễ_thương và giảng_bài nhiệt tình .,Anh dễ thương và anh có một bài diễn thuyết tuyệt vời.
2,"mặc dù , có thể cái này sinh viên đang tự hiểu chỉ dùng cho các sắp xếp theo tính thự tự trong các hệ điều hành như về name , size .","mặc_dù , có_thể cái này sinh_viên đang tự hiểu chỉ dùng cho các sắp_xếp theo tính_thự tự trong các hệ thống quản lí như về name , size .","Mặc dù, đây có thể là những gì sinh viên chỉ hiểu cho các sắp xếp phân cấp trong các hệ điều hành như tên, kích thước."
3,hoạt động giảng dạy của giáo viên khá tốt .,vui chơi giảng_dạy của giáo_viên khá tốt .,Hoạt động dạy học là tốt.
3,thầy đi rất đúng giờ và nhiệt tình .,thầy nằm rất đúng giờ và nhiệt_tình .,Anh đúng giờ và nhiệt tình.
3,thầy chủ động sửa bài tập trên lớp để sinh viên nắm kiến thức rõ hơn .,thầy có chủ ý sửa bài_tập trên lớp để sinh_viên nắm kiến_thức rõ hơn .,Ông chủ động sửa đổi bài tập để giúp học sinh hiểu tài liệu tốt hơn.
2,thầy dạy lý thuyết được .,giáo viên dạy lý_thuyết được .,Tôi có thể dạy lý thuyết.
3,có nhiều hoạt động cho phần speaking .,có nhiều vui chơi cho phần speaking .,Có rất nhiều hoạt động để nói.
3,thầy cũng theo sát sinh viên để nghe sinh viên báo cáo tới tận cuối giờ .,thầy cũng theo bóc vỏ sinh_viên để nghe sinh_viên báo_cáo tới tận cuối giờ .,Ông cũng theo dõi các sinh viên để nghe báo cáo của họ cho đến khi kết thúc lớp học.
2,học buổi sáng .,học bài buổi sáng .,Học buổi sáng...
3,slide up đầy đủ trước mỗi buổi học .,slide up đủ đầy trước mỗi buổi học .,trượt toàn bộ trang trước mỗi buổi.
2,thầy ngầu quá em hơi sợ .,thầy ngầu quá em thể hơi sợ .,"Anh thật tuyệt, em hơi sợ."
3,giọng nói hay .,tiếng nói hay .,Giọng tốt.
3,thầy luôn đúng giờ .,người thầy luôn đúng giờ .,Anh luôn đúng giờ.
3,"giảng viên dạy dễ tiếp thu , slide trình bày được , giảng viên vui tính , dạy nhiệt tình , tận tình trong công việc .","giảng_viên dạy dễ tiếp_thu , slide trình_bày được , giảng_viên vui_tính , dạy nhiệt_tình , tận_tình trong công tác .","Giảng viên dễ học, có slide trình chiếu, giảng viên hài hước, dạy nhiệt tình, nhiệt tình với công việc của họ."
1,vì đôi khi tụi em theo bài không kịp .,vì đôi_khi tụi em theo bài không kịp .,Bởi vì đôi khi chúng ta không thể theo kịp.
3,cô rất hòa đông giảng dạy rất dễ hiểu .,cô rất hòa bón giảng_dạy rất dễ hiểu .,"Anh rất hoà đồng, rất hiểu biết,"
1,em nghĩ nên bỏ môn này .,em nghĩ nên bỏ môn này .,Tôi nghĩ tôi nên bỏ lớp này.
2,không có y kiến .,không có y_kiến .,"Không, không, không."
1,thầy dạy còn hơi khó hiểu .,thầy dạy học còn hơi khó hiểu .,Tôi hơi bối rối một chút.
1,thêm tiết sửa bài tập nhiều hơn .,thêm bài tiết sửa bài_tập nhiều hơn .,Lớp sửa đổi thêm.
2,có cho lên bảng làm bài tập .,có cho lên bảng làm bài_tập .,Hãy đưa nó lên bảng để làm bài tập.
3,"thầy dạy rất chi tiết , dễ hiểu và nhiệt tình .","thầy dạy học rất chi_tiết , dễ hiểu và nhiệt_tình .","Ông ấy rất chi tiết, rất rõ ràng và rất nhiệt tình."
1,cho lớp leo cây nhiều quá .,cho vỉa leo cây nhiều quá .,Trèo cây nhiều quá...
2,chấm bài thi .,chấm bài làm bài kiểm tra .,- chấm bài thi. '
1,"trong buổi học thầy hay nói lan man nhiều chủ đề khác , tuy thu hút được sự tập trung và chú ý của sinh viên nhưng thường không liên quan hoặc ít liên quan đến môn học .","trong buổi học bài người giáo viên hay nói lan_man nhiều chủ_đề khác , tuy thu_hút được sự tập_trung và để ý của sinh_viên nhưng thường không liên_quan hoặc ít liên_quan đến môn_học .",Anh ấy có thể huyên thuyên về những chủ đề khác trong lớp học mà thu hút sự chú ý của học sinh nhưng thường không liên quan hoặc ít liên quan đến chủ đề đó.
3,"thầy rất vui vẻ , hỗ trợ tốt với sinh viên .","thầy rất vui_vẻ , trợ giúp tốt với sinh_viên .","Ông rất hạnh phúc, ông luôn ủng hộ sinh viên của mình."
2,em xim cám ơn !,em xim cám_ơn !,Cảm ơn các bạn.
1,nên có nhiều ví dụ hơn và trình bày nhiều hơn .,nên có nhiều thí dụ hơn và trình_bày nhiều hơn .,"Vì vậy, có nhiều ví dụ và trình bày nhiều hơn."
2,giọng nói của cô hơi khó nghe nhưng dần dần quen rồi thì mọi việc điều tốt .,tiếng nói của cô hơi khó nghe nhưng dần_dần quen rồi thì mọi việc điều tốt .,"Giọng của bạn hơi khó nghe, nhưng bạn sẽ quen dần, và nó rất tốt."
2,thầy này không có dạy lớp em .,thầy này không có dạy học lớp em .,Anh chàng này không dạy lớp tôi.
1,bài giảng thiếu sự thu hút .,bài giảng thiếu sự cuốn hút .,Bài giảng không có hứng thú.
2,"phòng học được trang bị tốt hơn , đảm bảo tốt cho công tác giảng dạy .","dè chừng học được trang_bị tốt hơn , đảm_bảo tốt cho công_tác giảng_dạy .","Phòng học được trang bị tốt hơn, đảm bảo giảng dạy tốt hơn."
3,giáo viên nhiệt tình giúp học sinh những phần học sinh không hiểu giáo viên dạy dễ hiểu .,giáo_viên nhiệt_tình viện trợ học_sinh những phần học_sinh không hiểu giáo_viên dạy dễ hiểu .,giáo viên sẵn sàng giúp đỡ học sinh với những vấn đề mà chúng không hiểu giáo viên hiểu được vấn đề
1,giảng viên dạy khó hiểu .,giảng_viên dạy học khó hiểu .,Những giảng viên không hiểu được...
1,cần hướng dẫn nhiều hơn về phần bài tập .,cần chỉ dẫn nhiều hơn về phần bài_tập .,Bạn cần thêm nhiều hướng dẫn làm bài tập về nhà.
2,không có colonsmile .,không có colonsmile .,không có dấu hai chấm.
3,"biết tạo điều kiện cho học sinh rèn luyện các kỹ năng , khả năng dẫn dắt truyền đạt tốt .","biết tạo điều_kiện cho học_sinh rèn_luyện các kỹ_năng , khả_năng dẫn_dắt truyền tải tốt .",Họ có thể tạo điều kiện cho sinh viên thực hành các kỹ năng của họ và có thể lãnh đạo và giao tiếp tốt.
3,thầy dạy nhiệt tình có nhiều tiết bài tập cho sinh viên .,thầy dạy sôi nổi có nhiều tiết bài_tập cho sinh_viên .,"Ông là một giáo viên rất nhiệt tình, và ông có rất nhiều bài tập về nhà cho học sinh của mình."
1,"thầy cung cấp nhiều thông tin hay , hữu ích đối với đồ án .","giáo viên cung_cấp nhiều thông_tin hay , hữu_ích đối_với đồ_án .",Tôi đã cho bạn rất nhiều thông tin tốt có ích cho vấn đề.
2,cách truyền đạt kiến thức cho sinh viên .,cách truyền_đạt tri thức cho sinh_viên .,Làm thế nào để truyền đạt kiến thức cho học sinh.
2,thầy có cho bài tập .,thầy giáo có cho bài_tập .,Tôi đưa bài tập về nhà cho cô.
3,dạy tốt chu đáo .,dạy tốt ý tứ .,"Dạy tốt, chu đáo..."
2,trách nhiệm .,nghĩa vụ pháp lí .,"Bạn có thể nói, "" Mình có thể làm được, nhưng mình không thể làm được."
3,"nhiệt tình , tân tâm .","sôi nổi , tân_tâm .","nhiệt tình, nhiệt tình..."
2,bài tập làm thêm .,bài_tập làm thêm .,Công việc thêm.
2,thái độ .,quan điểm .,thái độ...
3,"thầy dạy rất có tâm , dễ hiểu .","thầy dạy rất có trung điểm , dễ hiểu .","Anh rất chu đáo, rất thấu hiểu."
1,nội dung khó hiểu .,nội_dung khó hiểu .,nội dung gây nhầm lẫn.
2,nếu kết thúc thực hành sớm .,nếu chấm dứt thực_hành sớm .,Nếu việc tập luyện kết thúc sớm.
1,slide bài giảng nên sử dụng hoàn toàn bằng tiếng anh thay vì sử dụng nửa việt nửa anh như hiện nay để tránh gây khó hiểu cho sinh viên .,slide bài giảng nên sử_dụng hoàn_toàn bằng ngôn ngữ anh thay_vì sử_dụng một nửa việt một nửa anh như hiện_nay để tránh gây khó hiểu cho sinh_viên .,Slide bài giảng nên được trình chiếu bằng tiếng Anh thay vì nửa tiếng Anh như hiện nay để tránh gây nhầm lẫn cho học sinh.
2,"cách giảng dạy , các hoạt động được tổ chức trong giờ học của giáo viên .","cách giảng_dạy , các hoạt_động được tổ_chức trong giờ học bài của giáo_viên .","dạy như thế nào, các hoạt động nào được thực hiện trong giờ lên lớp của giáo viên."
2,"giảng viên cho sinh viên thực hiện một dự án thực tế ngoài nội dung môn học , với mục tiêu áp dụng quy trình scrum .","giảng_viên cho sinh_viên thực_hiện một dự_án thực_tế ngoài nội_dung môn_học , với mục_tiêu dùng quy_trình scrum .","Giảng viên hướng dẫn sinh viên thực hiện một đề tài thực tế ngoài nội dung môn học, với mục đích áp dụng quy trình tự học."
3,cung cấp tài liệu tham khảo tốt .,cho ăn tài_liệu tham_khảo tốt .,cung cấp tài liệu tham khảo tốt.
1,"đồ án khó , liên quan tới nhiều nội dung chưa được học .","đồ_án khó , liên_quan tới nhiều nội_dung chưa được học bài .",Những dự án khó khăn liên quan đến nhiều thứ chưa được học.
2,thay vì ngồi chờ chấm điểm như đi thi thực hành .,thay_vì ngồi chờ đợi chấm điểm như đi thi thực_hành .,"Thay vì chờ đợi điểm số, như làm bài kiểm tra thực hành..."
3,"giảng viên hướng dẫn nhiệt tình , chi tiết .","giảng_viên chỉ dẫn nhiệt_tình , chi_tiết .","hướng dẫn nhiệt tình, chi tiết."
1,thầy nóng tính và tự tôn cao quá .,thầy tính dễ bực dọc và tự tôn cao quá .,Anh giận dữ và ích kỷ quá.
3,thang điểm kiểm tra bài thực hành dễ gây ức chế .,thang điểm điều tra bài thực_hành dễ gây ức_chế .,Thang đo thử nghiệm thực hành rất dễ bị ức chế.
2,"giờ giấc , cách giảng dạy .","giờ , cách giảng_dạy .","Thời gian, việc dạy dỗ..."
3,cập nhật kiến thức thực tế .,cập_nhật học vấn thực_tế .,Cập nhật kiến thức.
3,"truyền đạt bài học tốt , dễ hiểu .","truyền tải bài_học tốt , dễ hiểu .",truyền tải những bài học tốt và dễ hiểu.
3,phong cách giảng bài của thầy rất gần gũi với sinh viên !,phong_cách giảng_bài của giáo viên rất gần_gũi với sinh_viên !,Phong cách giảng dạy của bạn rất gần gũi với sinh viên!
2,chỉ tại em thiếu từ vựng anh văn .,chỉ tại em thiếu từ vựng anh văn .,Tôi chỉ thiếu từ vựng tiếng Anh...
1,cần cung cấp tài liệu đầy đủ và chính xác hơn .,cần cung_cấp tài_liệu đầy_đủ và xác thực hơn .,Tài liệu đầy đủ và chính xác hơn nên được cung cấp.
2,nếu cảm thấy muốn học em sẽ tự lên lớp .,nếu cảm_thấy muốn học bài em sẽ tự lên lớp .,"Nếu muốn học, bạn có thể tự mình tham gia lớp học."
1,thầy nên kết hợp hình ảnh và ví dụ hoá cho từng bước của giải thuật ở trong slide thay vì chữ quá nhiều sẽ khiến sinh viên khó tiếp thu hơn .,giáo viên nên kết_hợp hình_ảnh và ví_dụ hóa cho từng bước của giải_thuật ở trong slide thay_vì chữ quá nhiều sẽ khiến sinh_viên khó hấp thụ hơn .,Bạn nên đưa vào slide những hình ảnh và ví dụ về từng bước của thuật toán thay vì quá nhiều văn bản khiến học sinh khó hiểu.
1,cần dạy dễ hiểu và tận tâm hơn .,cần dạy học dễ hiểu và tận_tâm hơn .,Nó cần phải thấu hiểu và tận tâm hơn.
3,"giảng viên truyền đạt kiến thức tốt , có nhiều kinh nghiệm , phát âm tốt .","giảng_viên truyền_đạt vốn học tốt , có nhiều kinh_nghiệm , phát_âm tốt .","những giáo viên có kiến thức, kinh nghiệm, lưu loát."
2,"trong bài thực hành thì có hướng dẫn làm , đọc cũng có thể làm được .","trong bài thực_hành thì có hướng_dẫn làm , đọc cũng có đủ khả năng làm được .","Trong thực tế, có những hướng dẫn để thực hiện, và đọc có thể làm được điều đó."
3,giảng viên hay đặt vấn đề để sinh viên suy nghĩ .,giảng_viên hay đặt vấn_đề để sinh_viên vắt óc .,giảng viên thường yêu cầu sinh viên suy nghĩ.
1,giảng viên nên giảng nhiều hơn chứ không nên để sinh viên lên làm bài tập .,giảng_viên nên thuyết trình nhiều hơn chứ không nên để sinh_viên lên làm bài_tập .,Giáo viên nên dạy nhiều hơn học sinh làm bài tập.
1,môn học khá khó .,môn_học khá khó .,Đó là một chủ đề khó.
2,không biết .,không biết .,không rõ.
1,"hay cho nghỉ , mất tiết .","hay cho đi nghỉ , mất_tiết .",Tôi sẽ không...
1,cô không cung cấp đáp án bài tập trên moodle .,cô không cho ăn đáp_án bài_tập trên moodle .,Anh không đưa ra câu trả lời cho bài tập về đồng hồ cát.
3,"truyền đạt hay , tận tâm .","truyền tin hay , tận_tâm .","Giao tiếp tốt, cam kết."
3,"giảng viên truyền đạt tốt , em không có ý kiến gì thêm .","giảng_viên truyền_đạt tốt , em không có quan điểm gì thêm .","Anh giao tiếp giỏi, tôi không có ý gì khác."
3,cho học sinh tích cực thuyết trình bằng tiếng anh .,cho học_sinh tích_cực diễn thuyết bằng tiếng anh .,Khuyến khích học sinh thuyết trình bằng tiếng Anh.
3,giảng viên tận tâm nhiệt tình và khả năng truyền đạt tốt .,giảng_viên tâm huyết nhiệt_tình và khả_năng truyền_đạt tốt .,chuyên môn và giao tiếp tốt.
2,có một lần cúp điện cô không dùng slide để giảng bài em thấy dễ hiểu hơn nhiều .,có một lần cúp đánh điện cô không dùng slide để giảng bài em thấy dễ hiểu hơn nhiều .,Tôi bị cúp điện và anh không dùng slide để thuyết giáo tôi.
1,điểm quá trình chưa thật sự công bằng với sinh viên .,điểm quá_trình chưa thực sự công_bằng với sinh_viên .,Điểm số quá trình không công bằng với học sinh.
2,không có ý kiến gì thêm .,không có cách nhìn gì thêm .,Không bình luận gì thêm.
2,thầy xem bên phần của thầy wzjwz139 nha thầy .,người thầy xem bên phần của người thầy wzjwz139 nha người thầy .,Gặp lại anh ở wzjwz của tôi.
2,giải bài tập giúp hiểu hơn về bài học .,giải bài_tập cứu trợ hiểu hơn về bài_học .,Điều này sẽ giúp bạn hiểu bài học.
2,chưa gặp lần nào .,chưa gặp lần nào .,Chưa từng thấy cô ta.
1,nhưng lớp trường lại chậm trể trong việc đưa về cho sinh viên thế nên cần phân bổ tài liệu trực tiếp cho sinh viên .,nhưng vỉa trường lực lại chậm_trể trong việc đưa về cho sinh_viên thế nên cần phân_bổ tài_liệu trực_tiếp cho sinh_viên .,Nhưng lớp học đã trễ để có được tài liệu trở lại cho sinh viên vì vậy chúng tôi cần phân phối nó trực tiếp cho sinh viên.
3,cho bài tập cụ thể .,cho bài_tập hữu hình .,Bạn có thể dùng các loại thuốc này để điều trị chứng đau nửa đầu.
1,"một số bài tập không rõ , không đi sâu .","một_số bài_tập không rõ , không đi_sâu .","Một số bài tập không rõ ràng, đừng tập sâu."
3,"tận tình giúp đỡ học sinh , thầy dạy nhiệt huyết .","nhiệt tình giúp_đỡ học_sinh , thầy dạy nhiệt_huyết .","Ông ấy là một người thầy vĩ đại, một người thầy vĩ đại."
2,chắc cũng sẽ không ảnh hưởng nhiều lắm đến thời gian dạy bài mới trên lớp .,chắc cũng sẽ không ảnh_hưởng nhiều lắm đến thời giờ dạy bài mới trên lớp .,Nó sẽ không ảnh hưởng đến thời gian dạy tài liệu mới trên lớp.
1,"nếu thầy đã không đảm bảo giờ lên lớp , thì khi ra bài thi và đề cương ôn tập nên chú ý đến việc rõ ràng , hướng dẫn rõ sinh viên biết mình phải học gì .","nếu người thầy đã không đảm_bảo giờ lên_lớp , thì khi ra bài thi và đề_cương ôn_tập nên chú_ý đến việc rành mạch , chỉ dẫn rõ sinh_viên biết mình phải học gì .","Nếu bạn không chắc chắn rằng bạn sẽ có mặt trong lớp học, bạn nên nhớ viết ra bài kiểm tra và giáo trình học tập để thể hiện rõ ràng rằng bạn đang hướng dẫn sinh viên phải học môn gì."
1,cô nên thêm nhiều phần đọc .,cô nên thêm nhiều phần đọc lên .,Anh nên đọc thêm...
3,dạy khá tốt .,dạy học khá tốt .,Dạy nó khá tốt.
2,em không có điều không hài lòng về giảng viên .,em không có_điều không mãn nguyện về giảng_viên .,Tôi không có gì chống lại các giáo viên
3,"thân thiện , vui vẻ .","thân_thiện , trở nên vui tính .","Thân thiện, vui tính..."
2,cách chỉ dẫn .,cách chỉ_dẫn .,hướng dẫn.
3,thầy vui tính dạy dễ hiểu .,người giáo viên vui tính dạy dễ hiểu .,"Anh vui tính, dễ hiểu."
3,"giảng viên hòa đồng , vui vẻ , tận tình giải đáp thắc mắc của sinh viên .","giảng_viên hòa đồng , vui_vẻ , nhiệt tình giải_đáp thắc_mắc của sinh_viên .","Giáo sư là người cởi mở, vui tính và sẵn sàng trả lời các câu hỏi của sinh viên."
3,"dạy nhiệt tình , dễ tiếp thu .","dạy nhiệt_tình , dễ hấp thu .",Nó ấm và dễ tiêu hoá.
3,"dạy dễ hiểu , kỹ càng .","dạy học dễ hiểu , kỹ_càng .","Dạy dỗ một cách thông minh, kỹ lưỡng..."
3,"giảng viên dạy tận tình , cung cấp đầy đủ kiến thức cho sinh viên .","giảng_viên dạy tận_tình , cho ăn đầy_đủ kiến_thức cho sinh_viên .","- Giáo viên là người có tinh thần trách nhiệm trong giảng dạy, cung cấp cho học sinh những kiến thức cần thiết."
2,có liên hệ thực tế .,có liên_hệ hiện trạng .,Nó có liên quan đến nhau.
3,chưa bao giờ có ý định nghỉ tiết của thầy ( trừ trường hợp ngủ quên colonbigsmile ) .,chưa bao_giờ có ý_định nghỉ_tiết của thầy ( giải phóng trường_hợp ngủ quên colonbigsmile ) .,không bao giờ có ý định bỏ lỡ lớp học của tôi (ngoại trừ colonbigsmile )
2,tên thầy dài quá nhưng em nhớ nó như một món quà dành cho thầy .,tên thầy dài quá nhưng em nhớ nó như một hàng quà dành cho thầy .,"Tên của anh dài, nhưng tôi nhớ nó như một món quà cho anh."
2,không có hoạt động giảng dạy nào không hài lòng .,không có vui chơi giảng_dạy nào không hài_lòng .,Không có hoạt động dạy học nào là không đạt yêu cầu.
1,bài tập về nhà hơi khó .,bài_tập về nhà thể hơi khó .,Bài tập về nhà hơi khó...
2,mong được làm việc với thầy nhiều hơn .,mong được làm_việc với người thầy nhiều hơn .,Tôi muốn làm việc với anh nhiều hơn.
3,nhiệt huyết .,sự nhiệt tâm .,đam mê.
1,mong rằng cô sẽ điều chỉnh để sinh viên có thể dễ dàng theo dõi bài giảng hơn .,mong rằng cô sẽ điều_chỉnh để sinh_viên có đủ khả năng dễ_dàng theo_dõi bài giảng hơn .,Tôi hy vọng bạn sẽ điều chỉnh để sinh viên có thể theo dõi bài giảng dễ dàng hơn.
2,cám ơn thầy !,cám ơn người giáo viên !,Cảm ơn!
3,khá là tâm huyết .,khá là tâm_huyết .,Nó khá truyền cảm hứng.
3,"cô dễ thương , dạy quá có tâm .","cô quyến rũ , dạy quá có tâm .","Cô là một cô gái ngọt ngào, cô là một giáo viên tốt."
3,cố gắng làm nhiều bài tập hơn nữa .,ráng sức làm nhiều bài_tập hơn_nữa .,Cố gắng làm thêm bài tập về nhà.
3,thầy dạy rất nhiệt tình giúp sinh viên .,thầy dạy rất nhiệt_tình hỗ trợ sinh_viên .,Ông ấy rất ủng hộ học sinh của mình.
1,cần nhiều bài tập hơn .,cần nhiều bài_tập hơn .,Thêm bài tập về nhà.
3,he's very funny .,he's very funny .,Anh ấy rất hài hước...
1,"đừng để sinh viên ngủ , vắng khi đi học .","đừng để sinh_viên ngủ đông , vắng khi đi học .","Đừng để học sinh ngủ, đừng vào lớp."
2,bài tập trực tuyến .,bài_tập trực_tuyến .,Các bài tập trực tuyến.
3,"thầy rất nhiệt tình và năng động , học thầy có thêm nhiều kiến thức mới không chỉ gói gọn trong nội dung môn học .","thầy rất sôi nổi và năng_động , học bài thầy có thêm nhiều kiến_thức mới không_chỉ gói gọn trong nội_dung môn_học .","Tôi rất nhiệt tình và năng động, và tôi đang học hỏi nhiều hơn chỉ là vấn đề."
1,một số buổi dạy của giảng viên không hiệu quả về giờ giấc .,một_số buổi dạy của giảng_viên không hiệu_quả về giờ .,Một số buổi giảng của giảng viên không hiệu quả về thời gian.
1,phòng học thực hành wzjwz18 không đảm bảo chất lượng cho việc học thực hành .,phòng học bài thực_hành wzjwz18 không đảm_bảo chất_lượng cho việc học bài thực_hành .,Phòng thực hành wzjwz18 không đảm bảo chất lượng cho học thực hành.
3,"giảng dạy nhiệt tình , vui vẻ .","giảng_dạy nhiệt_tình , trở nên vui tính .","Dạy với sự nhiệt tình, vui vẻ..."
1,giáo viên chưa tạo được không khí vui vẻ trong lớp học .,giáo_viên chưa tạo được không_khí trở nên vui tính trong lớp_học .,Giáo viên không tạo ra bầu không khí tốt trong lớp.
2,đúng như vậy luôn hi hi .,đúng như_vậy luôn hi_hi .,"Đúng rồi, chào."
2,thông tin đầy đủ về môn học cho sinh viên khi sinh viên đăng ký môn học .,tin tức đầy_đủ về môn_học cho sinh_viên khi sinh_viên đăng_ký môn_học .,Cung cấp đầy đủ thông tin về môn học khi đăng ký học.
1,theo em thầy nên sử dụng website môn học để cung cấp tài liệu cho sinh viên .,theo em thầy nên sử_dụng website môn_học để cho ăn tài_liệu cho sinh_viên .,Tôi nghĩ bạn nên sử dụng trang web của khóa học để cung cấp cho sinh viên với tài liệu.
3,giáo viên rất nhiệt tình giảng dạy cho sinh viên .,dạy học rất nhiệt_tình giảng_dạy cho sinh_viên .,Những giáo viên rất nhiệt tình trong việc dạy học sinh...
2,các buổi thuyết trình .,các buổi sự thuyết trình .,Các bài thuyết trình...
1,nhưng khi thi cuối kỳ thì kiến thức quá khó .,nhưng khi thi cuối kỳ thì học vấn quá khó .,"Nhưng vào cuối học kỳ, kiến thức quá khó."
2,dạy với slide tiếng anh .,dạy học với slide tiếng anh .,Dạy bằng slide tiếng Anh...
1,toàn đến gần thi thầy mới dạy hết chương trình học .,toàn đến gần thi thầy mới dạy hết chương_trình học bài .,Tôi sẽ không dạy cả khoá học cho đến khi gần đến kỳ thi cuối kì.
3,"thầy rất dễ chịu , giới thiệu về thực tế bên ngoài nhiều !","thầy rất dễ_chịu , giới_thiệu về hiện trạng bên ngoài nhiều !","Anh thật tốt, anh thật giỏi trong việc chỉ cho chúng tôi thấy bên ngoài!"
1,lớp đã nghỉ 4 tuần liên tiếp chưa tính một vài ngày nghỉ khác .,vỉa đã nghỉ 4 tuần liên_tiếp chưa tính một_vài ngày nghỉ khác .,"Chúng ta đã đi nghỉ bốn tuần rồi, chưa kể còn vài ngày nghỉ nữa."
3,thầy dạy rất tận tâm .,thầy dạy rất tâm huyết .,Cô là một giáo viên tận tuỵ.
3,thầy tận tình vui tính .,thầy tận_tình thân thiện .,Anh vui tính thật đấy.
3,thầy có kiến thức sâu rộng nên truyền đạt nhiều kiến thức rất hay .,thầy có học vấn sâu_rộng nên truyền_đạt nhiều học vấn rất hay .,"Anh ấy có rất nhiều kiến thức, nên anh ấy là một người thầy tuyệt vời."
2,do dạy khác chuẩn coloncontemn .,do dạy học khác chuẩn coloncontemn .,do giảng dạy không đạt tiêu chuẩn.
2,thầy không điểm danh .,thầy giáo không điểm_danh .,Tôi không đi điểm danh.
2,sử dụng trang web trao đổi thảo luận trong lớp .,sử_dụng trang trao_đổi thảo_luận trong lớp .,Sử dụng website trao đổi thảo luận trong lớp.
3,tận tình .,nhiệt tình .,Tôi rất biết ơn.
3,truyền đạt hay .,truyền tải hay .,giao tiếp hoặc.
1,thầy dữ quá sinh viên 50 người thì 49 người sợ thầy .,người giáo viên dữ quá sinh_viên 50 người thì 49 người sợ người giáo viên .,"Tôi sợ quá. 50 học sinh, 49 người sợ tôi."
3,đúng thời gian lên lớp và tận tình giảng dạy .,đúng thời_gian lên_lớp và nhiệt tình giảng_dạy .,Tôi đến lớp đúng giờ và tôi tận tâm dạy học.
3,"kỳ sau em có học một môn của chị nữa đó , nhớ giúp em qua môn nha chị .","kỳ sau em có_học một môn của chị nữa đó , nhớ giúp ích em qua môn nha chị .","Tôi sẽ học một trong những khóa học của bạn học kỳ tới, vì vậy hãy giúp tôi vượt qua."
1,"những vấn đề cô nói thường nhanh , dài và khó hiểu .","những vấn_đề cô nói thường nhanh , dài và khó hiểu .","Những vấn đề mà bạn nói đến rất nhanh, rất dài, và rất khó hiểu."
2,có nắm được lý thuyết của môn học .,có nhận được lý_thuyết của môn_học .,Tôi không chắc là tôi hiểu lý thuyết của chủ đề này.
2,"thái độ , phong cách làm việc của thầy .","thái_độ , phong_cách làm_việc của người giáo viên .","Thái độ, phong cách làm việc của anh..."
2,"nếu như một người không xem bài "" kỹ "" trước ở nhà .","nếu_như một người không xem bài "" kỹ "" trước ở nhà .","Nếu một người đàn ông không xem bài "" cẩn thận "" ở nhà..."
1,nội dung chưa cô động .,nội_dung chưa cô_động .,nội dung không được mã hóa.
1,do gộp cả cấu trúc dữ liệu 1 và 2 vào trong cùng 1 học kỳ nên lượng kiến thức khá nhiều .,do gộp cả cấu_trúc tập dữ liệu 1 và 2 vào trong cùng 1 học_kỳ nên lượng kiến_thức khá nhiều .,"Và bởi vì chúng ta đang kết hợp cấu trúc dữ liệu một và hai trong cùng một học kỳ, chúng ta đang nhận được rất nhiều thông tin."
3,cô wzjwz231 thường xuyên chữa bài tập và đi sát vào nội dung học tập .,cô wzjwz231 thường_xuyên chữa bài_tập và ngồi bóc lịch sát vào nội_dung học_tập .,Cô wzjwz * thường xuyên sửa bài tập về nhà và luôn sát với chủ đề.
1,"giáo viên nói hơi nhỏ , rất khó nghe , và hiểu được bài .","nghề giáo nói hơi nhỏ , rất khó nghe , và hiểu được bài .","Thầy giáo nói nhỏ, khó nghe, và thầy hiểu bài học."
2,hiện tại em không nhớ nổi mặt của thầy fraction cô như nào nữa colondoublesurprise .,hiện_tại em không nhớ nổi_mặt của thầy giáo fraction cô như nào nữa colondoublesurprise .,"Tôi không thể nhớ mặt anh lúc này, ngạc nhiên chưa."
2,về giảng dạy .,về giảng_dạy .,về việc dạy học.
2,giọng nói .,tiếng nói .,giọng nói...
3,"vui tính , hài hước pha lẫn trong bài giảng của thầy !","vui_tính , hài_hước pha lẫn trong bài giảng của người giáo viên !","Vui tính, điều hài hước đi kèm với bài giảng của bạn!"
1,cho thêm bài tập và các chủ đề để sinh viên tìm hiểu .,cho thêm bài_tập và các chủ_đề để sinh_viên tỏ tình .,Bao gồm bài tập và chủ đề để học sinh khám phá.
2,ít điểm danh .,ít điểm_danh .,Điểm danh nhỏ.
3,thầy không khắt khe với sinh viên .,người giáo viên không khắt_khe với sinh_viên .,Tôi không khắt khe với sinh viên.
1,lúc thầy giảng chung cả lớp rất khó để các bạn dưới lớp nghe được giọng thầy .,lúc thầy giảng chung cả lớp rất khó để các bạn dưới lớp nghe được tiếng thầy .,Thật khó để mọi người trong phòng nghe được giọng nói của ông khi ông đang dạy học.
1,việc phân chia nhóm không hợp lý dẫn tới chất lượng học tập không tốt .,việc phân_chia nhóm không hợp_lý dẫn tới phẩm chất học_tập không tốt .,"Việc phân nhóm là không hợp lý, dẫn đến kết quả học tập kém."
2,không ý kiến thêm .,không quan niệm thêm .,không thêm bình luận nào nữa.
1,chỉ có học lý thuyết .,chỉ có học bài lý_thuyết .,Chỉ học lý thuyết thôi...
3,chúc thầy sức khỏe và thành công .,chúc thầy khả năng khỏe và thành_công .,Chúc anh sức khoẻ và thành công.
2,hóa hợp với sinh viên hơn .,hóa_hợp với sinh_viên hơn .,Tôi hoà hợp với sinh viên hơn.
3,kiến thức học khá vừa sức với sinh viên .,tri thức học khá vừa sức với sinh_viên .,Kiến thức khá thoả đáng cho sinh viên.
3,tôi nghĩ thầy là một người tốt và thân thiện .,tôi nghĩ người thầy là một người tốt và thân_thiện .,"Tôi nghĩ anh là một người tốt, thân thiện."
3,thầy thân thiện và nhiệt tình .,giáo viên thân_thiện và nhiệt_tình .,Anh ấy rất thân thiện và nhiệt tình.
2,học đều đặn .,học bài đều_đặn .,Học tập thường xuyên.
3,cô rất tận tình giúp đỡ chúng em trong học tập .,cô rất nhiệt tình giúp_đỡ chúng_em trong học_tập .,Anh đã giúp chúng tôi rất nhiều trong việc học.
3,thầy truyền cảm hứng học cho các em cũng như sự chân thành truyền đạt của thầy thật quý báu .,thầy truyền cảm_hứng học bài cho các em cũng như sự chân_thành truyền_đạt của thầy thật quý_báu .,Tôi truyền cảm hứng cho các bạn học hỏi cũng như sự trung thực của tôi là rất quý giá...
2,mỗi khi lấy micro lại phải lấy thêm cả loa .,mỗi khi lấy micro lại phải lấy thêm cả cái loa .,"Mỗi lần lấy micro, lấy loa."
1,"nhiều điều cô dạy hơi nhanh , cô nên cho làm thêm nhiều bài tập nữa .","nhiều điều cô dạy thể hơi nhanh , cô nên cho làm thêm nhiều bài_tập nữa .","Tôi không chắc mình có thể làm nhanh đến thế, nên tôi sẽ cần thêm công sức."
3,"thầy trẻ , hiền , dạy dễ hiểu .","giáo viên trẻ , hiền , dạy dễ hiểu .","một chàng trai trẻ, dịu dàng, dễ hiểu..."
1,học kỳ này học phần của em không có giáo viên này giảng dạy .,học_kỳ này học phần của em không có sư phạm này giảng_dạy .,Lớp của tôi học kỳ này không được dạy bởi giáo viên này...
1,chưa hiệu quả .,chưa tác dụng .,không hoạt động.
3,"giải đáp các thắc mắc của sinh viên , hướng dẫn , theo dõi và giám sát sinh viên trong lúc thực hành .","giải_đáp các thắc_mắc của sinh_viên , hướng_dẫn , giám sát và giám_sát sinh_viên trong lúc thực_hành .","Trả lời câu hỏi của học sinh, hướng dẫn, theo dõi, giám sát học sinh trong quá trình thực hành."
3,giảng viên nhiệt tình trong quá trình giảng dạy và hướng dẫn sinh viên .,giảng_viên hăng hái trong quá_trình giảng_dạy và hướng_dẫn sinh_viên .,giáo viên rất nhiệt tình trong việc dạy và hướng dẫn học sinh.
2,"ví dụ đề tài của em là doubledot các nguyên lý cơ bản , bao gồm 7 nguyên tắc của bohm ( 1983 ) .","ví_dụ đề_tài của em là doubledot các nguyên_lý cơ_bản , chứa 7 nguyên_tắc của bohm ( 1983 ) .","Ví dụ, chủ đề của ông là các nguyên lý cơ bản doubleot, bao gồm 7 nguyên lý của bohm (1983)."
2,"hiếm có môn học nào mà hình thức kiểm tra bao gồm cả việc thi giữa kỳ , cuối kỳ , thực hành lẫn làm đồ án môn học .","hiếm có môn_học nào mà hình_thức điều tra chứa đựng cả việc thi giữa kỳ , cuối kỳ , thực_hành lẫn làm đồ_án môn_học .","Có một số môn học mà hình thức kiểm tra bao gồm giữa kỳ, cuối kỳ, thực hành và các môn học chính khoá."
3,"tích cực sử dụng hiệu quả trang moodle để cung cấp thông tin , dữ liệu .","tích_cực sử_dụng tác dụng trang_moodle để cung_cấp thông_tin , dữ_liệu .","Tích cực sử dụng trang moodyle để cung cấp thông tin, dữ liệu."
2,hình dung chưa ?,mường tượng chưa ?,Bạn đã nhận nó?
1,thầy theo chế độ trọng nam khinh nữ doubledot các câu hỏi dành cho nữ nhiều hơn dành cho nam .,thầy theo chế_độ trọng_nam khinh_nữ doubledot các câu hỏi dành cho nữ nhiều hơn dành cho chính nam .,"Tôi là một người hai mặt, nam lấy nữ làm trung tâm."
3,ok hết .,ok hết .,Được rồi.
2,em cảm ơn ?,em tạ ơn ?,Cảm ơn các bạn.
3,"nhiệt tình , giảng dạy có hiệu quả cao .","hăng hái , giảng_dạy có hiệu_quả cao .","nhiệt tình, hiệu quả, hiệu lực."
1,"thầy nghỉ không báo trước quá nhiều , số buổi lên lớp 50% .","thầy đi nghỉ không báo trước quá nhiều , số buổi lên lớp 50 % .","Anh bỏ học quá nhiều mà không báo trước, 50% các lớp."
2,em xin góp ý như thế ạ .,em xin góp_ý như_thế ạ .,"Tôi xin lỗi, nhưng..."
1,nên cho chơi trò chơi về anh văn thật nhiều để có hứng thú nhiều hơn nữa .,nên cho chơi trò giải trí về anh văn thật nhiều để có hứng_thú nhiều hơn_nữa .,Tôi sẽ phải chơi rất nhiều trò chơi tiếng Anh để tận hưởng nó.
2,"do học kỳ này em không thể đến lớp học môn này , nên em không thể đưa ra ý kiến gì thêm .","do học_kỳ này em không_thể đến lớp_học môn này , nên em không_thể đưa ra quan niệm gì thêm .","Tôi không thể đến lớp học này học kỳ này, vì vậy tôi không thể đưa ra thêm ý tưởng nào nữa."
2,cô dạy hay nhưng hơi nhanh .,cô dạy hay nhưng thể hơi nhanh .,"Anh dạy giỏi lắm, nhưng hơi nhanh."
1,"có thể do thầy bận việc nên việc dạy học trên lớp không được ổn định , dẫn tới việc học bù nhiều , mong thầy sắp xếp ổn thỏa hơn nữa do không phải khi nào em cũng học được nhiều buổi học bù như vậy .","có_thể do thầy bận rộn việc nên việc dạy_học trên vỉa không được ổn_định , dẫn tới việc học bù lại nhiều , mong thầy vạch ra ổn_thỏa hơn_nữa do không phải khi nào em cũng học được nhiều buổi học_bù như_vậy .","Tôi xin lỗi, tôi xin lỗi, nhưng tôi xin lỗi, tôi xin lỗi, nhưng tôi xin lỗi."
2,cảm ơn .,cám ơn .,Cảm ơn các bạn.
1,cần giảng kỹ hơn nữa .,cần giảng_kỹ hơn_nữa .,Tôi cần phải dạy cho anh nhiều hơn.
1,thực trạng chung là giảng viên dạy thực hành ở trường chưa thật sự tận tâm giúp sinh viên nâng cao kỹ năng thực hành của môn học đó .,thực_trạng chung là giảng_viên dạy thực_hành ở trường chưa thật_sự tâm huyết viện trợ sinh_viên nâng cao kỹ_năng thực_hành của môn_học đó .,Tình hình chung là giáo viên thực hành trong trường học không thực sự tận tâm giúp học sinh cải thiện kỹ năng thực hành của họ trong môn học đó.
3,thầy dạy rất tốt .,người thầy dạy rất tốt .,Cô là một giáo viên tốt.
1,ida pro 64-bit hoàn toàn có thể phân tích các file thực thi 32-bit nhưng các thanh ghi phức tạp hơn nhiều thay cho ida pro 64-bit không phân tích được cái file thực thi 32-bit colonsmile .,ida pro 64 - bit hoàn_toàn có_thể phân_tích các file thực_thi 32 - bit nhưng các thanh chuyển vào rắc rối hơn nhiều chiếm cho ida pro 64 - bit không phân_tích được cái file thực_thi 32 - bit colonsmile .,Các ida pro 64 bit có thể phân tích hoàn toàn các tệp thực thi 32 bit nhưng thanh ghi phức tạp hơn nhiều thay vì ida pro 64 bit không thể phân tích các tệp thực thi colonsmile 32 bit.
3,"thầy dạy hay , vui tính , hiểu tâm lý sinh viên , thích thầy nhất .","thầy dạy học hay , vui_tính , hiểu tâm_lý sinh_viên , thích thầy nhất .","Anh ấy tốt, hài hước, hiểu tâm lý học sinh, thích anh ấy nhất."
1,cần nên cho bài tập về nhà .,cần nên cho bài_tập về nhà .,Lẽ ra nên giao bài tập về nhà...
1,"thầy giảng hơi khó hiểu , lên lớp hơi muộn , chưa đúng giờ .","thầy giảng_hơi khó hiểu , lên lớp hơi trễ , chưa đúng giờ .","Nó hơi bối rối, đến lớp muộn, không đúng giờ."
2,giảng viên giảng dạy theo đúng thời gian môn học .,giảng_viên giảng_dạy theo đúng thì giờ môn_học .,Giảng viên có trách nhiệm giảng dạy đúng thời gian quy định.
1,cô giảng hơi nhanh và khó nghe .,cô giảng_hơi nhanh và khó nghe .,Anh hơi nhanh và khó nghe đấy.
3,cô hướng dẫn về cách thuyết trình rất hay .,cô hướng_dẫn về cách hùng biện rất hay .,Anh đã cho tôi một bài thuyết trình tuyệt vời.
3,thầy giảng bài kỹ !,người giáo viên giảng bài kỹ !,Anh đang dạy em đấy!
3,cách thầy dạy học rất hay !,cách người giáo viên dạy_học rất hay !,Anh dạy em giỏi quá!
3,"thầy dạy dễ hiểu , rất nhiệt tình trả lời giải đáp của sinh viên .","thầy dạy học dễ hiểu , rất nhiệt_tình trả_lời giải_đáp của sinh_viên .","Ông ấy dễ hiểu, và rất nhiệt tình với câu trả lời của học sinh."
2,không có ý kiến .,không có quan niệm .,không bình luận.
2,"hình thức đánh giá , chấm điểm giữa các nhóm , đánh giá bản thân , nhóm khách hàng .","hình_thức đánh_giá , chấm_điểm giữa các nhóm , đánh_giá đích thân , nhóm khách_hàng .","đánh giá, xếp hạng giữa các nhóm, tự đánh giá, nhóm khách hàng."
1,cần cho sinh viên thảo luận nhiều hơn .,cần cho sinh_viên bàn bạc nhiều hơn .,Chúng ta cần khiến sinh viên nói nhiều hơn.
1,chưa thực sự tốt .,chưa thực tế tốt .,Không tốt lắm...
2,không rõ .,không rõ .,không rõ.
1,cách giảng dạy còn hơi nhanh và lý thuyết mới nhiều nên đôi lúc gây buồn ngủ .,cách giảng_dạy còn thể hơi nhanh và lý_thuyết mới nhiều nên đôi_lúc gây buồn_ngủ .,"Việc giảng dạy hơi nhanh và lý thuyết thì mới, đôi khi làm cho nó buồn ngủ."
3,"giảng viên dạy tốt , nhiệt tình .","giảng_viên dạy học tốt , nhiệt_tình .","Một giáo viên tốt, nhiệt tình..."
3,khả năng truyền đạt dễ hiểu .,khả_năng truyền tải dễ hiểu .,Rất dễ hiểu.
1,"lý do doubledot "" thầy quên "" .","lý_do doubledot "" thầy bỏ qua "" .",""" Tôi quên "", doubledot."
1,tăng cường thêm thiết bị để môn học được hiệu quả .,tăng_cường thêm thiết_bị để môn_học được tác dụng .,Mua thêm thiết bị để thực hiện bài tập hiệu quả.
2,không có .,không có .,không có.
3,em cảm thấy nó rất hữu ích cho chúng em sau này .,em cảm giác nó rất hữu_ích cho chúng_em sau_này .,Tôi cảm thấy nó sẽ rất hữu ích cho chúng ta sau này.
1,"cơ sở dữ liệu năm nay đã kết hợp với thiết kế cơ sở dữ liệu rồi , kiến thức nhiều mà thi có phần trắc nghiệm nữa thì đánh giá kiến thức học được chưa đảm bảo cho lắm ạ .","cơ_sở_dữ_liệu năm nay đã kết_hợp với thiết_kế cơ_sở_dữ_liệu rồi , kiến_thức nhiều mà thi có phần trắc_nghiệm nữa thì giám định kiến_thức học được chưa bảo đảm cho lắm ạ .",Năm nay cơ sở dữ liệu được kết hợp với thiết kế cơ sở dữ liệu. Kiến thức rất tuyệt vời và các bài kiểm tra là trắc nghiệm.
2,không !,không !,Không!
2,"thực sự thì giảng viên này không dạy lớp em , nên những đánh giá em chọn mặc định mức độ 3 .","thực_sự thì giảng_viên này không dạy học lớp em , nên những đánh_giá em chọn mặc_định mức_độ 3 .","Thật ra, giáo sư này không dạy lớp của tôi, nên điểm của tôi được đánh giá ở mức độ ba theo mặc định."
1,"thầy dạy hay , tuy nhiên còn nhiều chỗ chưa thật sự giải đáp hoàn toàn cho sinh viên vì chưa đủ thời gian .","thầy dạy hay , tuy_nhiên còn nhiều chỗ trống chưa thật_sự giải_đáp hoàn_toàn cho sinh_viên vì chưa đủ thời_gian .","ông ấy làm tốt, nhưng có những lúc ông ấy không giải thích hết vấn đề cho học sinh của mình vì ông ấy không có đủ thời gian."
1,ít chú trọng phần ngữ pháp .,ít chú_trọng phần ngữ_pháp .,Chú trọng ngữ pháp.
2,em xin hết ạ !,em xin hết ạ !,"Tôi xin lỗi, thưa ngài!"
2,không có ý kiến !,không có quan điểm !,không bình luận!
2,"nếu được , thầy kể thêm truyện ngày xưa vào những lúc giải lao .","nếu được , thầy kể thêm truyện ngày xửa ngày xưa vào những lúc giải_lao .","Nếu có thể, anh ấy sẽ thêm câu chuyện cũ vào những lần nghỉ."
3,sinh viên bọn em không chỉ được thực hành những kiến thức ở lớp lý thuyết mà còn được đi sâu hơn và được biết thêm những kiến thức mới .,sinh_viên đám em không_chỉ được thực_hành những học thức ở lớp lý_thuyết mà_còn được đi_sâu hơn và được biết thêm những học thức mới .,"Sinh viên chúng tôi không chỉ được thực hành những gì chúng tôi đã học trong lớp lý thuyết, nhưng chúng tôi cũng có thể đi sâu hơn và tìm hiểu thêm những điều mới."
3,giảng giải tốt vấn đề được đề cập đến .,giảng_giải tốt vấn_đề được kể đến đến .,giải thích rõ vấn đề đang được đề cập.
2,hoàn toàn không có ý kiến .,đầy đủ không có ý_kiến .,Tôi không biết nữa.
1,"không nắm được thực lực , bài tập quá sức với sinh viên .","không bắt được thực_lực , bài_tập quá_sức với sinh_viên .",Tôi không giỏi việc đó. Tôi quá khắt khe với học sinh.
3,giảng dạy tập trung .,giảng_dạy tập trung vào .,dạy tập trung.
1,trợ giảng dạy không hiểu gì .,trợ giảng_dạy không hiểu gì .,Cô trợ giảng không hiểu đâu.
3,phong cách dạy hiệu quả .,phong_cách dạy học hiệu_quả .,- Phương pháp dạy học hiệu quả. '
3,"giảng viên giảng dạy nhiệt tình , phương pháp dạy hay .","giảng_viên giảng_dạy sôi nổi , phương_pháp dạy hay .","Giáo viên nhiệt tình, phương pháp dạy học tốt."
1,thêm thời lượng môn học .,thêm thời_lượng môn_học .,thêm thời gian tiêu đề.
1,giáo viên thường xuyên cho nghỉ học .,nghề dạy học thường_xuyên cho nghỉ học .,Giáo viên thường xuyên rời trường.
3,điều em hài lòng nhất đó là giảng viên giảng bài rất dễ hiểu và lưu ý được những lỗi thường xảy ra khi làm bài tập .,điều em thoả mãn nhất đó là giảng_viên diễn giảng bài rất dễ hiểu và lưu_ý được những lỗi thường xảy ra khi làm bài_tập .,Điều tôi hài lòng nhất là giáo viên rất hiểu và có thể nhận ra những sai lầm thường xảy ra khi làm bài tập về nhà.
2,quan tâm .,chú tâm .,quan tâm...
3,"cô nhiệt tình , có chia sẻ một số kinh nghiệm hữu ích trong ngành .","cô nhiệt_tình , có chia sớt một_số kinh_nghiệm hữu_ích trong ngành .","Cô ấy rất nhiệt tình, chia sẻ một số kinh nghiệm hữu ích trong ngành."
1,phòng học oi bức .,ngăn ngừa học oi_bức .,Lớp học nóng nực.
1,"cần nâng cấp hệ thống wifi , vì khi vào phòng thực hành , sinh viên không thể truy cập internet , buộc phải xin phép ra ngoài để làm bài .","cần nâng_cấp hệ_thống wifi , vì khi vào phòng ngừa thực_hành , sinh_viên không_thể truy_cập internet , buộc phải xin nguyên tắc ra ngoài để làm bài .",Học sinh không thể truy cập internet khi vào phòng thực hành và phải xin phép để đi làm.
2,em chỉ có góp ý nho nhỏ đó thôi ạ .,em chỉ có góp_ý be bé đó thôi ạ .,Tôi chỉ có một đề nghị nhỏ.
1,thầy khá bận nên thời gian lên lớp không nhiều .,người giáo viên khá bận nên thời_gian lên lớp không nhiều .,"Tôi bận, nên không có nhiều thời gian."
1,giảng viên nên cung cấp tài liệu học tập cho sinh viên !,giảng_viên nên cho ăn tài_liệu học_tập cho sinh_viên !,Giáo viên hướng dẫn nên cung cấp tài liệu học tập cho học sinh!
2,mặc dù điểm thi em không cao do em làm bài không dò lại coloncontemn .,mặc_dù điểm kiểm tra em không cao do em làm bài không dò lại coloncontemn .,Tôi không đạt điểm cao vì tôi không kiểm tra Coloncontemn.
1,"nội dung đồ án doubledot không nên quá rộng , nên cô đọng những điểm quan trọng , và nên cho làm từ bước phân tích yêu cầu đến khi hoàn thành đồ án .","nội_dung đồ_án doubledot không nên quá rộng , nên cô tù đọng lại những điểm quan_trọng , và nên cho làm từ bước phân_tích bắt phải đến khi hoàn_thành đồ_án .","Các doubleot không nên quá rộng, nên được cô đặc đến điểm, và nên được thực hiện từ phân tích cần thiết đến khi hoàn thành dự án."
2,ra đề thực hành sát với nội dung ôn tập .,ra đề_thực_hành_sát với nội_dung ôn_tập .,Tạo câu hỏi thực hành gần với phần đánh giá.
3,"nhiệt tình với sinh viên , có kiến thức tốt .","nhiệt_tình với sinh_viên , có tri thức tốt .","nhiệt tình với học sinh, hiểu biết."
1,em thấy môn này nhiều lý thuyết không đáp ứng đủ trong việc làm đồ án .,em thấy môn này nhiều lý_thuyết không làm hài lòng đủ trong việc_làm đồ_án .,Tôi thấy lớp này có rất nhiều lý thuyết không phù hợp với khoá học.
2,"đi thực tập , đến công ty kaydotvn để làm việc và học .","đi tù thực_tập , đến công_ty kaydotvn để làm_việc và học .","Đang thực tập, để làm việc và học tập tại kaydotvn."
3,thầy rất thiếu nhiệt tình .,thầy giáo rất thiếu nhiệt_tình .,Anh không có động lực.
2,học nhóm .,học bài nhóm .,Học theo nhóm.
3,giảng viên nhiệt tình trong khi dạy .,giảng_viên sôi nổi trong khi dạy .,Giáo viên rất nhiệt tình trong khi giảng dạy.
2,bình thường với giảng viên .,trung bình với giảng_viên .,Thông thường đối với một giảng viên...
3,cho làm bài tập vận dụng kiến thức thường xuyên .,cho làm bài_tập vận_dụng sở học thường_xuyên .,Họ cho họ những bài tập áp dụng kiến thức thường xuyên.
1,"thời gian các buổi học , thông báo nghỉ chưa chính xác .","thì giờ các buổi học , thông_báo nghỉ chưa chính_xác .","Thời gian các phiên, thông báo không chính xác."
3,cô rất tận tâm và nhiệt huyết .,cô rất tận_tâm và nhiệt tình .,Anh rất tận tâm và rất đam mê.
1,mong thầy cố gắng trong các học kỳ sau .,mong thầy gắng sức trong các học_kỳ sau .,Hy vọng các em sẽ thử lại trong vài học kỳ tới.
1,nhưng vẫn đạt điểm cao .,nhưng vẫn đạt điểm cao .,Nhưng vẫn đạt điểm cao.
2,môn này cũng được nghe thầy nói của chỉ có ở trường chúng ta .,môn này cũng được nghe thầy nói của chỉ có ở trường lực chúng_ta .,Đây là môn duy nhất mà anh từng dạy ở trường chúng tôi.
2,dùng hệ thống we code .,dùng hệ thống hoá we code .,sử dụng hệ thống mã We.
2,nghiêm túc .,trang trọng .,Nghiêm túc đấy.
2,tất cả các hoạt động .,mọi các hoạt_động .,Tất cả các hoạt động...
3,rất thích cô wzjwz108 vì cô dạy hứng thú và hay .,rất thích cô wzjwz108 vì cô dạy học hứng_thú và hay .,Tôi thích cô Wzjwz vì cô vui tính và giỏi dạy học.
3,thầy wzjwz63 đưa ra những đề tài rất hay .,thầy wzjwz63 đưa ra những đối tượng rất hay .,Ông Wzjwz63 có rất nhiều thứ thú vị.
2,em cảm ơn thầy đã đọc ạ .,em cảm_ơn thầy đã đọc lên ạ .,Tôi rất cảm kích vì anh đã đọc nó.
3,ngắn gọn .,cô đọng .,Nói ngắn gọn.
1,"bên cạnh vấn đề phát âm lỗi , còn là vấn để truyền đạt , thật sự nó rất chán và buồn ngủ , lượng sinh viên đăng ký thì lớn hơn 50 bạn , mà thực trạng đi học thì chỉ khoảng 20 - 25 bạn !","bên cạnh vấn_đề phát_âm lỗi , còn là vấn để truyền tải , thực sự nó rất chán và buồn_ngủ , lượng sinh_viên đăng_ký thì lớn hơn 50 bạn , mà thực_trạng nằm học bài thì chỉ khoảng 20 - 25 bạn !","Bên cạnh các lỗi phát âm, các vấn đề giao tiếp, nó thực sự nhàm chán và buồn ngủ, số lượng tuyển sinh là hơn 50 sinh viên, và số lượng tuyển sinh thực tế là khoảng 20 đến 25."
1,bởi vì môn giải thuật là môn khô khan và khó học nên em mong thầy làm cách nào đó để khiến sinh viên hứng thú học và đến lớp hơn .,bởi_vì môn giải_thuật là môn vô vị và khó học bài nên em mong thầy làm cách nào đó để khiến sinh_viên hứng thú_học và đến lớp hơn .,"Bởi vì thuật toán là một môn học khó và khô khan, tôi hy vọng bạn có thể tìm ra cách để khiến sinh viên quan tâm đến việc học và đến lớp."
1,cần làm nhiều bài tập .,cần làm nhiều bài_tập .,Tôi cần phải làm rất nhiều bài tập về nhà.
1,"giáo trình hiện tại khá trừu tượng và khó hiểu , kiến thức khá khó với những lý thuyết căn bản mà sinh viên có thể hiểu .","giáo_trình hiện_tại khá trừu_tượng và khó hiểu , học thức khá khó với những lý_thuyết căn_bản mà sinh_viên có đủ điều kiện hiểu .","Hiện tại, giáo trình rất trừu tượng và khó hiểu, và kiến thức rất khó nắm bắt với các lý thuyết cơ bản mà sinh viên có thể hiểu được."
3,"anh này dạy dễ hiểu , vui tính , nhiệt tình , dễ thương .","anh này dạy dễ hiểu , vui_tính , nhiệt_tình , đáng yêu .","Dễ hiểu, vui tính, nhiệt tình, dễ thương..."
3,"dễ hiểu , tận tâm , nhiệt huyết , tạo bầu không khí trong lớp học .","dễ hiểu , tận_tâm , sự nhiệt huyết , tạo bầu_không_khí trong lớp_học .","thấu hiểu, quan tâm, đam mê, tạo không khí trong lớp học."
1,"project môn học thầy wzjwz180 yêu cầu làm ở mức độ tìm hiểu , nhưng lúc lên báo với thầy wzjwz181 thì thầy không chấp nhận .","project môn_học thầy wzjwz180 yêu_cầu làm ở mức_độ tán tỉnh , nhưng lúc lên báo với thầy wzjwz181 thì thầy không chấp thuận .","Dự án của tôi yêu cầu tôi làm một cuộc điều tra, nhưng khi tôi ở trên báo với ông Wzjwz, tôi đã không chấp nhận nó."
2,"thấy cái gì cũng ổn , không đáng chê cũng không đáng khen .","thấy cái gì cũng ổn , không đáng chê cũng không đáng biểu dương .","Tôi cảm thấy tốt về mọi thứ, tôi không phải là người xấu, tôi không phải là người tốt."
2,có nhiều cái mới khi học môn của thầy .,có nhiều cái mới khi học_môn của giáo viên .,Có quá nhiều điều mới mẻ trong chủ đề của anh...
1,tăng thời gian lên lớp .,tăng thời_gian lên vỉa .,Tăng thời gian học.
2,điểm danh thường xuyên .,điểm danh thường_xuyên .,Bạn có thể tìm hiểu thêm về các loại thuốc này.
3,thầy có phần demo code giúp sinh viên dễ hiểu .,giáo viên có phần demo code giúp sinh_viên dễ hiểu .,Tôi có một đoạn mã để giúp bạn hiểu.
3,giảng viên nói dễ nghe .,giảng_viên nói dễ nghe .,Giảng viên nói rất hay...
2,có nhiều bài tập .,có nhiều bài_tập .,Có rất nhiều bài tập về nhà.
3,"thầy dạy dễ hiểu , rất hay .","thầy giáo dạy dễ hiểu , rất hay .","Anh dễ hiểu, rất tốt."
2,listening .,listening .,đang lắng nghe...
3,"dạy dễ hiểu , nhiệt tình .","dạy dễ hiểu , sôi nổi .","Dạy sự hiểu biết, sự nhiệt tình."
2,em ít khi lên lớp .,em ít khi lên vỉa .,Tôi không dạy nhiều lắm
2,giảng viên chấm bài quy chụp theo kết quả .,giảng_viên chấm bài quy_chụp theo kết thúc .,Giảng viên chấm bài thi theo kết quả chấm.
3,"tác phong và phương pháp giảng bài hiện đại , gần gũi , dễ tiếp thu .","tác_phong và phương_pháp giảng_bài tân thời , gần_gũi , dễ tiếp_thu .","là một bài giảng với phong cách và phương pháp hiện đại, gần gũi với tâm hồn và dễ dàng để tiêu hoá."
2,giảng viên giải đề các năm trước .,giảng_viên giải_đề các năm trước .,- Các giảng viên đã giải quyết được các vấn đề của năm trước.
3,thầy giảng tận tâm .,thầy giảng tâm huyết .,Người thầy tận tuỵ của con...
2,bài tập làm đầy đủ .,bài_tập làm khá giàu .,"bài tập về nhà, làm việc toàn diện."
3,thầy wzjwz269 không chỉ dạy em kiến thức chuyên môn mà còn cả tầm nhìn bên ngoài xã hội .,thầy wzjwz269 không_chỉ dạy em kiến_thức chuyên_môn mà_còn cả tầm nhìn bên ngoài mang tính chất cộng đồng .,Ông Wzjwz * 2 không chỉ dạy tôi kiến thức chuyên môn mà còn là một tầm nhìn về xã hội bên ngoài...
1,"thầy nên dạy kỹ hơn và giảng lại chậm , em thấy thầy dạy quá nhanh , em cảm ơn ạ .","giáo viên nên dạy kỹ hơn và giảng lại tiếp thu kém , em thấy giáo viên dạy quá nhanh , em cảm_ơn ạ .",Đáng lẽ anh nên dạy nó cẩn thận hơn và chậm lại.
3,"giảng viên có trình bày một số vấn đề thực tiễn hữu ích , khích lệ những sinh viên tích cực , phong cách giảng dạy thân thiện tuy có phần lãnh đạm , dễ gây buồn ngủ .","giảng_viên có trình_bày một_số vấn_đề thực_tiễn hữu_ích , động viên những sinh_viên tích_cực , phong_cách giảng_dạy thân_thiện tuy có phần trung lập , dễ gây buồn_ngủ .","giảng viên trình bày một số vấn đề thực tế hữu ích khuyến khích sinh viên năng động, phong cách giảng dạy thân thiện, mặc dù thờ ơ, có thể gây buồn ngủ."
3,thầy tránh phương pháp đưa công thức và đưa các ví dụ sinh động .,người giáo viên tránh phương_pháp đưa công_thức và đưa các ví_dụ sinh_động .,Tôi tránh đưa ra các công thức và đưa ra các ví dụ sinh động.
2,biết về các công cụ quản lý cấu hình và quản lý dự án theo agile .,biết về các tay sai quản_lý cấu_hình và quản_lý dự_án theo agile .,có kiến thức về quản lý cấu hình và các công cụ quản lý dự án Agile.
3,hoàn hảo !,hoàn_hảo !,Hoàn hảo!
3,"thầy dạy rất tốt , em cho 10 điểm .","thầy dạy học rất tốt , em cho 10 điểm .","Cậu dạy giỏi lắm, tôi cho cậu 10 điểm."
2,nghiêm .,nghiêm .,nghiêm ngặt...
2,em xin chân thành cảm ơn !,em xin chân_thành cảm tạ !,Tôi rất biết ơn!
1,thêm hệ thống ổ điện ngầm dưới nền nhà để tiện cho việc sinh viên có thể cắm laptop phục vụ học tập .,thêm hệ thống hoá ổ_điện ngầm dưới nền nhà để tiện cho việc sinh_viên có_thể cắm laptop phục_vụ học_tập .,Gắn các ổ cắm điện dưới đất để sinh viên có thể cắm laptop vào để học.
1,thầy nên nhiệt tình chút xíu .,thầy nên sôi nổi chút_xíu .,Tôi nên nhiệt tình hơn một chút.
3,cô giảng bài và hướng dẫn làm bài nhiệt tình .,cô giảng_bài và chỉ dẫn làm bài nhiệt_tình .,Bà đã giảng bài và hướng dẫn cách làm chúng một cách nhiệt tình.
1,nên để giáo viên có kinh nghiệm dạy môn này .,nên để giáo_viên có trải nghiệm dạy môn này .,Hãy để giáo viên có kinh nghiệm dạy môn học này.
3,"cô giáo thân thiện , giảng dạy nhiệt tình dễ hiểu và vui tính .","cô_giáo thân_thiện , giảng_dạy nhiệt_tình dễ hiểu và dễ gần .","Cô ấy là một giáo viên thân thiện, cô ấy đam mê, cô ấy dễ hiểu và hài hước."
3,rất hữu ích .,rất hữu_ích .,Nó rất hữu ích.
2,cách thức truyền đạt của giáo viên .,cách_thức truyền_đạt của dạy học .,Cách giao tiếp của giáo viên.
1,phòng thí nghiệm môn này cần được nâng cấp và mở rộng .,phòng_thí_nghiệm môn này cần được nâng_cấp và cơi nới .,Phòng thí nghiệm cần được nâng cấp và mở rộng.
3,có các phương pháp dạy tốt .,có các biện pháp dạy tốt .,Có những phương pháp dạy học tốt.
1,giảng viên giảng khá nhanh .,giảng_viên thuyết trình khá nhanh .,Giảng viên nói khá nhanh.
2,điểm .,điểm .,điểm.
1,"ít tương tác với sinh viên khi dạy , không thông báo cụ thể đồ án phải làm những gì , không thông báo ngày báo cáo cũng như hỏi han tiến độ đồ án .","ít liên kết với sinh_viên khi dạy , không cho hay cụ_thể đồ_án phải làm những gì , không cho hay ngày báo_cáo cũng như hỏi_han tiến_độ đồ_án .","Ít tương tác với học sinh trong khi giảng dạy, không có thông báo cụ thể về những gì phải làm với dự án, không có ngày báo cáo, và không có câu hỏi về tiến độ của dự án."
3,sữa lỗi cho sinh viên .,sữa lỗi cho sinh_viên .,Tôi rất tiếc về chuyện các sinh viên.
1,"slide môn học hoặc các tài liệu cần rõ ràng hơn nữa , nhiều phần rất khó hiểu nhưng lại rất ít kiến thức về nó , làm sinh viên không thể hiểu được bản chất của bài đó .","slide môn_học hoặc các tài_liệu cần dễ hiểu hơn_nữa , nhiều phần rất khó hiểu nhưng lại rất ít học vấn về nó , làm sinh_viên không_thể hiểu được bản_chất của bài đó .","Các slide hoặc tài liệu cần phải rõ ràng hơn, và nhiều trong số đó rất khó hiểu nhưng có rất ít kiến thức về chúng, khiến học sinh không thể hiểu được bản chất của tài liệu."
2,chỉ là đôi khi thầy hơi nóng tính lúc làm việc .,chỉ là đôi_khi thầy hơi tính nóng lúc làm_việc .,Chỉ là đôi khi tôi hơi cáu kỉnh trong công việc.
1,đầu tư thêm nhiều thiết bị .,đầu_tư thêm nhiều thiết_bị .,"Thêm thiết bị, thêm..."
1,môi trường không đảm bảo an toàn cho sức khỏe .,môi_trường không đảm_bảo sự an toàn cho sức khỏe .,Môi trường không an toàn cho sức khoẻ của chúng ta.
1,"thầy không cung cấp đủ tài liệu trên website môn học , toàn bộ tài liệu sinh viên phải đi nhờ mấy bạn lớp khác để có tài liệu mà học .","thầy không cho ăn đủ tài_liệu trên website môn_học , tổng thể tài_liệu sinh_viên phải đi nhờ mấy bạn lớp khác để có tài_liệu mà học .","Bạn không có đủ tài liệu trên trang web của khoá học, tất cả tài liệu bạn phải đi nhờ xe đến lớp để lấy nó."
1,nói chuyện hơi khó nghe .,chuyện trò hơi khó nghe .,Nghe hơi khó nghe.
2,thân mến .,thân_mến .,Gửi...
2,một số bài tập đưa ra trên lớp và đợi sinh viên giải xong mới giải .,một_số bài_tập đưa ra trên lớp và đợi sinh_viên dịch mật mã xong mới dịch mật mã .,Một số bài tập được giao trong lớp và không được giải cho đến khi học sinh hoàn thành.
2,sau khi thi kỳ thi cuối kỳ vừa rồi .,sau khi kiểm tra kỳ kiểm tra cuối kỳ vừa_rồi .,Sau khi thi xong kỳ cuối cùng của học kỳ trước...
2,không có gì ạ .,không có gì ạ .,"Không, không có gì đâu."
3,"thưa , thầy thực sự chuyên tâm trong quá trình giảng dạy và các bài tập thầy đưa rất bổ ích , mang tính thực tiễn .","thưa , thầy thực tế chuyên_tâm trong quá_trình giảng_dạy và các bài_tập thầy đưa rất bổ_ích , mang tính kinh nghiệm .","Thưa thầy, thầy đã rất tận tâm trong việc giảng dạy và những bài tập thầy giao rất hữu ích và thiết thực."
1,giáo trình môn học nên cập nhật thường xuyên .,giáo_trình môn_học nên cập_nhật thường_xuyên .,Chương trình học cần được cập nhật thường xuyên.
1,thầy không vui tính .,thầy giáo không vui_tính .,Anh không vui tính chút nào.
3,chu đáo nhiệt tình .,chu_đáo sôi nổi .,"Quan tâm, đam mê..."
1,tăng cường giảng viên hỗ trợ thực hành .,làm tăng cao lên giảng_viên hỗ_trợ thực_hành .,Tăng cường hỗ trợ giảng viên trong thực hành.
1,giảng viên giảng bài hơi khó hiểu .,giảng_viên giảng bài thể hơi khó hiểu .,Người hướng dẫn có chút bối rối.
2,có tương tác với sinh viên .,có liên kết với sinh_viên .,tương tác với học sinh.
2,chưa có .,chưa có .,không sẵn sàng.
3,theo em thầy chính là mẫu mực của một nhà giáo thực thụ .,theo em thầy chính là mẫu_mực của một nhà giáo dục thực_thụ .,Tôi nghĩ cô là một ví dụ hoàn hảo của một nhà giáo dục thực thụ.
1,lớp được nghỉ liên tục .,lớp được nghỉ sự liên tục .,lớp đang không hoạt động.
1,học gần công trình thì công thật không thể chịu nổi .,học bài gần công_trình thì công_thật không_thể chịu nổi .,"Gần toà nhà, không thể chịu nổi."
1,không nên dạy theo phương pháp như ở bậc phổ thông mà nên chú trọng vào rèn luyện đầy đủ các kỹ năng chính của môn học .,không nên dạy theo phương_pháp như ở thứ bậc phổ_thông mà nên chú_trọng vào rèn_luyện sung túc các kỹ_năng chính của môn_học .,"không giống như ở trường trung học, nhưng theo cùng một cách mà bạn tập trung vào việc học các kỹ năng chính của môn học."
3,giảng viên cần trao đổi thêm với sinh viên thông qua website môn học .,giảng_viên cần trao_đổi thêm với sinh_viên thông_qua website môn_học .,Giáo sư sẽ cần phải giao tiếp với sinh viên thông qua trang web của khoá học.
1,nên tăng hiệu suất của máy .,nên tăng hiệu_suất của máy .,sẽ làm tăng hiệu suất của máy.
2,"tuy nhiên , em không thể làm khác được .","tuy_nhiên , em không_thể làm khác được .","Tuy nhiên, tôi không thể giúp được."
1,lớp chất lượng cao nhưng lại thiếu thiết bị .,vỉa chất_lượng cao nhưng lại thiếu thiết_bị .,Lớp chất lượng cao nhưng thiếu thiết bị
3,"nhiệt tình , cô dễ thương =) .","hăng hái , cô dễ_thương = ) .","Em ấm áp quá, em dễ thương quá."
1,thầy cần hoạt động trao đổi nhiều hơn với sinh viên .,thầy cần vui chơi trao_đổi nhiều hơn với sinh_viên .,Tôi cần sự tương tác nhiều hơn với học sinh của mình.
3,"giảng viên có kỹ năng tốt , truyền đạt dễ hiểu , dễ áp dụng .","giảng_viên có kỹ_năng tốt , truyền_đạt dễ hiểu , dễ dùng .","Họ có kỹ năng, giao tiếp tốt, dễ áp dụng."
3,giảng dạy rất tận tình .,giảng_dạy rất nhiệt tình .,Dạy nó rất tốt.
1,cách truyền đạt của cô làm em không hiểu mặc dù cô giảng rất kỹ năng nhưng em cũng không hiểu nổi những gì cô nói .,cách truyền tải của cô làm em không hiểu mặc_dù cô diễn thuyết rất kỹ_năng nhưng em cũng không hiểu nổi những gì cô nói .,"Anh giao tiếp với tôi khó quá, dù anh có kỹ năng, tôi cũng không hiểu anh nói gì."
1,nhiều nội dung bên lề thầy đề cập lặp lại lần trong các buổi học .,nhiều nội_dung bên lề thầy đề_cập lặp lại lần trong các buổi học bài .,Nhiều đồ vật phụ mà tôi đã đề cập được lặp lại trong lớp của tôi.
2,chưa thấy giáo viên bao giờ .,chưa thấy dạy học bao_giờ .,Chưa từng gặp giáo viên bao giờ.
1,"giảng dạy qua loa , mơ hồ , phó thác cho google , luyên thuyên lan man nhiều .","giảng_dạy nhỏ bé không đáng kể , mơ_hồ , phó_thác cho google , luyên thuyên_lan_man nhiều .","Rất nhiều cuộc nói chuyện, rất nhiều sự nhầm lẫn, rất nhiều google, rất nhiều lời nói lan man."
1,không hiểu cách chấm bài thi của thầy .,không hiểu cách chấm bài thi của người thầy .,Tôi không hiểu làm sao để chấm điểm bài thi của anh.
3,"dạy hay , đúng trọng tâm .","dạy hay , đúng tâm trọng lực .","Dạy dỗ tốt, đúng trọng tâm."
3,chỉ bài tận tình .,chỉ bài nhiệt tình .,chỉ thẻ chuyên dụng.
2,kiểm tra thường xuyên .,điều tra thường_xuyên .,Thường xuyên hỏi thăm.
2,nope .,nope .,"- Không, không, không."
1,"thầy hay đố quá , tụi em không biết được bao nhiêu colonsurprise !","giáo viên hay đố quá , tụi em không biết được bao_nhiêu colonsurprise !","Anh nói quá, chúng tôi không biết có bao nhiêu cuộc gặp gỡ!"
1,nội dung hơi nhiều nên giảm bớt lại .,nội_dung thể hơi nhiều nên giảm bớt lại .,"Nó hơi nhiều, nên hãy giảm bớt."
3,thầy rất đẹp trai colonsmile .,người giáo viên rất đẹp_trai colonsmile .,"Anh đẹp trai quá, Colonsmile."
3,"bài giảng tạo sự hứng thú cho sinh viên , giảng viên nhiệt tình .","bài giảng_tạo sự hứng_thú cho sinh_viên , giảng_viên hăng hái .","những bài giảng làm sinh viên hứng thú, những giáo viên nhiệt tình..."
3,thầy rất quan tâm đến sinh viên .,thầy rất bận tâm đến sinh_viên .,Tôi quan tâm đến học sinh của mình.
1,"thầy đi trễ , không cho sinh viên làm bài tập nhiều trên lớp , một dạng bài nào đó thầy nói qua rồi thì cho qua luôn .","người thầy nằm tù trễ , không cho sinh_viên làm bài_tập nhiều trên lớp , một dạng bài nào đó người thầy nói qua rồi thì cho_qua luôn .","Bạn đến muộn, bạn không cho học sinh làm nhiều bài tập trên lớp, bạn giao cho chúng một bài tập nhất định, bạn bảo chúng, và rồi bạn để chúng đi."
2,nhiều tiết tự học do sinh viên tự thuyết trình .,nhiều tiết tự học bài do sinh_viên tự thuyết_trình .,Nhiều lớp học tự học do chính học sinh dạy.
1,"rồi một nhóm thì phải chấm điểm báo cáo cuối kỳ cho 3 nhóm khác , làm phiếu chấm điểm , soạn câu hỏi mà có yêu cầu ra đáp án đồ án của nhóm code chưa tới đâu thì sao mà ngồi đọc source của nhóm khác để code tiếp cho họ .","rồi một nhóm thì phải tạo chấm điểm báo_cáo cuối kỳ cho 3 nhóm khác , làm phiếu tạo chấm điểm , soạn câu hỏi mà có bắt phải ra đáp_án đồ_án của nhóm code chưa tới đâu thì sao mà ngồi đọc lên source của nhóm khác để code vạch đường biên giới cho họ .","Và sau đó một nhóm phải chấm điểm báo cáo cuối cùng cho ba nhóm khác, viết thẻ điểm, viết câu hỏi yêu cầu câu trả lời cho vấn đề mà nhóm mã chưa giải quyết được, vậy tại sao lại đọc nguồn của nhóm kia và mã hóa cho họ?"
3,thầy rất chịu khó lắng nghe ý kiến của sinh viên .,thầy rất chịu_khó lắng_nghe quan điểm của sinh_viên .,Tôi rất quan tâm đến ý kiến của sinh viên.
3,học cô có động lực ghê .,học cô có động_lực căm ghét .,Anh có động lực quá.
2,"chép bài nhiều quá , nhưng không sao .","sao lại bài nhiều quá , nhưng không sao .","Tôi đang sao chép quá nhiều, nhưng không sao."
2,dạy đúng giờ .,dạy học đúng giờ .,Dạy đúng giờ.
3,"đúng chất "" anh "" thầy .","đúng chất "" anh "" giáo viên .","Anh là "" anh trai "" thật sự..."
2,môn này chủ yếu là để làm nhóm .,môn này trên hết là để làm nhóm .,Nó chủ yếu là về công việc nhóm.
1,"thiết bị phòng học z còn nhiều trục trặc , đặc biệt máy chiếu chưa có độ phân giải đủ để học , thường xảy ra trục trặc .","thiết_bị phòng học z còn nhiều trục_trặc , đặc_biệt máy chiếu phim chưa có độ phân tích đủ để học , thường xảy ra trục_trặc .","z thiết bị trong lớp học gặp vấn đề, đặc biệt là máy chiếu không có đủ độ phân giải để học, và thường xuyên có vấn đề."
2,thân .,thân .,Cơ thể.
3,"nhiệt tình , kiến thức rộng , truyền cảm hứng .","nhiệt_tình , học thức rộng , truyền cảm_hứng .","nhiệt tình, hiểu biết, truyền cảm hứng"
2,"điểm danh , làm bài kiểm tra thường xuyên trong các buổi học .","điểm danh , làm bài điều tra thường_xuyên trong các buổi học .","Tham gia học, làm bài kiểm tra thường xuyên trong lớp."
3,giảng viên rất tận tâm trong việc giảng dạy .,giảng_viên rất tâm huyết trong việc giảng_dạy .,Giáo viên dành riêng cho việc giảng dạy...
3,"cô giảng bài rất kỹ , có ví dụ minh họa cụ thể .","cô giảng_bài rất kỹ , có ví_dụ minh_họa hữu hình .","Bà đã giảng rất kỹ lưỡng, với những ví dụ cụ thể."
1,nên lắng nghe sinh viên nói .,nên lắng_nghe sinh_viên nói .,"Vì vậy, hãy lắng nghe các sinh viên."
3,luôn giải đáp mọi thắc mắc của sinh viên .,luôn giải_đáp mọi thắc_mắc của sinh_viên .,luôn luôn trả lời mọi câu hỏi của học sinh.
2,làm nhóm chỉ nhóm trưởng và lớp trưởng phần công công việc .,làm nhóm chỉ nhóm trưởng và lớp trưởng phần công cơ học công_việc .,như một trưởng nhóm và trưởng lớp chỉ cho công việc.
1,một số bài cô giảng khó hiểu .,một_số bài cô diễn giảng khó hiểu .,Một số bài giảng gây nhầm lẫn.
1,gây khó nắm bắt .,gây khó nắm được .,Khó mà hiểu được.
1,đề nghị dạy lập trình c trước hoặc song song với môn học này .,đề_nghị dạy học lập_trình c trước hoặc song_song với môn_học này .,đề nghị dạy lập trình c trước hoặc song song với chủ đề này.
2,kiến thức truyền đạt của giảng viên .,kiến_thức truyền tin của giảng_viên .,Hiểu biết về giao tiếp của giảng viên.
1,cần nhiều bài tập hơn nữa .,cần nhiều bài_tập hơn_nữa .,"Thêm bài tập về nhà, thêm bài tập về nhà."
3,"giảng viên nhiệt tình , vui vẻ , giờ học vui .","giảng_viên nhiệt_tình , vui_vẻ , giờ học bài vui .","giáo viên nhiệt tình, vui vẻ, vui vẻ..."
1,giảng viên cần giảng nhiệt tình và làm nhiều ví dụ và bài tập vào từng phần cụ thể hơn nữa .,giảng_viên cần diễn thuyết nhiệt_tình và làm nhiều ví_dụ và bài_tập vào từng phần cụ_thể hơn_nữa .,Giáo viên hướng dẫn cần phải nhiệt tình và làm nhiều ví dụ và bài tập hơn trong từng phần cụ thể.
3,"thầy có dạy những kiến thức , kinh nghiệm có tính áp dụng lâu dài .","người giáo viên có dạy những kiến_thức , kinh_nghiệm có tính áp_dụng lâu_dài .","Tôi dạy kiến thức, kinh nghiệm, và ứng dụng lâu dài."
3,"bài tập nhiều , đầy đủ dạng .","bài_tập nhiều , đủ đầy dạng .","Rất nhiều bài tập, toàn diện."
1,"cung cấp các slide , tài liệu liên quan quá ít .","cho ăn các slide , tài_liệu liên_quan quá ít .","cung cấp slide, tài liệu liên quan quá ít."
3,bài học liên quan tới thực tế .,bài_học quan hệ tới thực_tế .,những bài học liên quan đến thực tế.
2,sinh viên thực hiện làm bài tập theo nhóm .,sinh_viên thực_hiện làm bài_tập theo nhóm .,Học sinh làm bài tập theo nhóm.
1,mong bộ môn xem xét lại cấu trúc bài thi và chương trình cần dạy .,mong bộ_môn xem_xét lại cấu_trúc bài sát hạch và chương_trình cần dạy .,Tôi hy vọng môn học sẽ xem xét lại định dạng của bài kiểm tra và chương trình học.
2,cô dạy còn hơi nhanh nhưng tụi em vẫn hiểu .,cô dạy học còn hơi nhanh nhưng tụi em vẫn hiểu .,"Anh hơi nhanh, nhưng chúng tôi hiểu..."
3,tôi rất thích .,tôi rất thích .,Tôi rất muốn...
2,mang tính thực tế .,mang tính hiện trạng .,Nó rất thiết thực.
1,thầy dạy lý thuyết suông quá ạ .,thầy dạy học lý_thuyết suông quá ạ .,Anh chẳng dạy tôi gì cả.
1,giảng viên chưa tương tác với sinh viên trên các diễn đàn .,giảng_viên chưa tương_tác với sinh_viên trên các forum .,các giảng viên không tương tác với sinh viên trên các diễn đàn.
3,giảng viên dạy nhiệt tình dễ hiểu .,giảng_viên dạy học nhiệt_tình dễ hiểu .,Giáo viên nhiệt tình và thấu hiểu.
1,"thầy hay cho nghỉ , nói chung là không nhớ mặt thầy luôn rồi , thời gian thi không hợp lý , thay đổi giáo viên thường xuyên .","thầy hay cho đi nghỉ , nói_chung là không nhớ mặt trên thầy luôn rồi , thời_gian thi không hợp_lý , thay_đổi giáo_viên thường_xuyên .","Bạn luôn phải nghỉ, bạn không được ghi nhớ, giờ kiểm tra không đúng, giáo viên luôn thay đổi."
1,"thiếu các thiết bị chạy hệ điều hành windows phone , ios , android cho sinh viên thực hành .","thiếu các thiết_bị chạy_hệ chỉ đạo windows phone , ios , android cho sinh_viên thực_hành .","thiếu các thiết bị chạy windows phone, ios, android cho học sinh dùng trong thực tế."
3,"giảng viên dạy nhiệt tình , tận tình giúp đỡ .","giảng_viên dạy hăng hái , tận_tình giúp_đỡ .","Dạy học chăm chỉ, giúp đỡ chăm chỉ."
2,"em sẽ nợ môn này , nhưng em sẽ học lại ở các học kỳ kế tiếp .","em sẽ nợ môn này , nhưng em sẽ học lại ở các học_kỳ sự kế tục .","Tôi sẽ mắc nợ, nhưng tôi sẽ quay lại vào học kỳ tới."
1,giảng bài nhựa nhựa nghe buồn ngủ .,thuyết giảng bài nhựa nhựa nghe buồn_ngủ .,Bài giảng bằng nhựa nghe buồn ngủ quá.
1,khả năng truyền đạt của thầy không được tốt lắm .,khả_năng truyền_đạt của thầy giáo không được tốt lắm .,Kỹ năng giao tiếp của tôi không tốt lắm.
1,có lúc thầy lạc đề .,có lúc thầy_lạc đề .,Đôi khi tôi lạc đề.
1,nên giảm thời lượng môn học còn 7 tuần và tăng thời gian mỗi buổi học lên 4 tiết .,nên giảm thời_lượng môn_học còn 7 tuần và tăng thì giờ mỗi buổi học lên 4 tiết .,"Vì vậy, chúng ta sẽ giảm thời gian học xuống còn bảy tuần và tăng thời gian chúng ta dành cho mỗi lớp lên bốn tiết."
2,"đang dạy thầy wzjwz208 đi qua nước ngoài giữa chừng , thầy wzjwz209 dạy thay .","đang dạy thầy wzjwz208 nằm qua nước_ngoài giữa_chừng , thầy wzjwz209 dạy thay .","Dạy ông Wzjwz vượt biên vào giữa ban ngày, ông Wzjwz tiếp quản."
3,giảng dạy rất tốt .,giảng_dạy rất tốt .,Dạy nó rất tốt.
3,"thầy luôn nhiệt tình , có những chia sẻ rất gần gũi với sinh viên .","thầy giáo luôn nhiệt_tình , có những chia_sẻ rất gần_gũi với sinh_viên .","Ông luôn nhiệt tình, có những cuộc trò chuyện rất thân thiết với sinh viên của mình."
2,những gì thầy cô cung cấp hầu như trên google đều có .,những gì thầy_cô cho ăn hầu_như trên google đều có .,Những gì bạn cung cấp có thể tìm thấy trên google.
2,hầu hết thời gian là sinh viên seminar .,hầu_hết thì giờ là sinh_viên seminar .,Hầu hết là sinh viên chuyên ngành.
2,thuyết trình trên lớp .,diễn thuyết trên lớp .,Bài thuyết trình trên lớp.
3,giảng dạy chi tiết và thường xuyên ôn lại kiến thức !,giảng_dạy cụ thể và thường_xuyên ôn_lại kiến_thức !,dạy chi tiết và thường xuyên xem xét!
2,"mọi việc điều được sinh viên tự học , tự tìm hiểu thông qua các trang mạng , thông qua việc email trực tiếp với giảng viên .","mọi việc điều được sinh_viên tự học bài , tự tán tỉnh thông_qua các trang_mạng , thông_qua việc email trực_tiếp với giảng_viên .","Mọi thứ được dạy cho sinh viên bởi chính họ, bởi họ đi qua Web, bởi email trực tiếp đến các giáo sư."
2,thầy dạy bằng tiếng anh .,thầy dạy bằng ngôn ngữ anh .,Tôi dạy bằng tiếng Anh...
1,"thầy truyền đạt chưa được tốt lắm , khó hình dung .","thầy truyền tải chưa được tốt lắm , khó hình_dung .",Tôi không giỏi giao tiếp lắm. Thật khó tưởng tượng.
3,rất quan tâm .,rất chú tâm .,Tôi rất thích thú.
3,thầy còn hướng dẫn kỹ tại sao những dòng code hoạt động và không hoạt động .,thầy còn chỉ dẫn kỹ tại_sao những dòng code hoạt_động và không hoạt_động .,Và tôi cũng sẽ cho bạn một hướng dẫn chi tiết tại sao những dòng mã này hoạt động và không hoạt động.
1,các yêu cầu về đồ án môn học nên đươc đưa ra chính xác trước khi sinh viên bắt đầu thực hiện chia nhóm và làm đồ án .,các bắt phải về đồ_án môn_học nên đươc đưa ra chính_xác trước khi sinh_viên bắt_đầu thực_hiện phân nhóm và làm đồ_án .,Các yêu cầu của môn học cần được đáp ứng chính xác trước khi học sinh bắt đầu nhóm lại và thực hiện môn học của mình.
2,không có điều gì !,không có điều gì !,Không có gì!
2,nói chung cũng tạm được .,nói_chung cũng tạm bợ được .,Mọi thứ đều ổn.
2,tạo ra sự cạnh tranh trong mỗi buổi thực hành .,tạo ra sự ganh đua trong mỗi buổi thực_hành .,tạo ra sự cạnh tranh trong mọi buổi tập.
1,thầy dạy nhàm chán buồn ngủ .,thầy dạy học nhàm chán buồn_ngủ .,Tôi dạy về sự buồn chán và buồn ngủ...
2,"nói chung , chắc cũng là luyện cho sinh viên tự học .","nói_chung , chắc cũng là luyện cho sinh_viên tự học bài .","Nói chung, có lẽ sinh viên sẽ tự học."
1,mong khoa wzjwz101 có lịch học lý thuyết và thực hành cụ thể trước khi sinh viên đăng ký học phần để tránh trường hợp trùng lịch dẫn đến sinh viên phải hủy một số môn do chỉnh sửa lịch .,nóng lòng khoa wzjwz101 có lịch học bài lý_thuyết và thực_hành hữu hình trước khi sinh_viên đăng_ký học bài phần để tránh trường_hợp trùng_lịch dẫn đến sinh_viên phải hủy một_số môn do chỉnh_sửa lịch .,Khoa wzjwz101 phải có lịch học lý thuyết và thực hành cụ thể trước khi sinh viên đăng ký học để tránh trùng lặp dẫn đến huỷ bỏ một số môn học do điều chỉnh lịch học.
3,tạo không gian học tập vui vẻ !,tạo không_gian học_tập trở nên vui vẻ !,Tạo không gian học tập vui vẻ!
3,cảm ơn thầy rất nhiều !,cảm_ơn giáo viên rất nhiều !,Cảm ơn các bạn rất nhiều!
2,chào thầy fraction cô !,chào thầy giáo fraction cô !,"Chào, ông Partridge!"
1,nhưng bài tập hơi khó .,nhưng bài_tập thể hơi khó .,Nhưng việc tập luyện rất khó khăn.
1,"thầy nên sử dụng moodle và có cách thông báo rõ ràng , dễ cập nhật hơn .","thầy nên sử_dụng moodle và có cách thông_báo dễ hiểu , dễ cập_nhật hơn .","Tôi nên dùng một cái còi và có một cách rõ ràng, dễ cập nhật để thông báo nó."
2,cám ơn thầy .,cám ơn người thầy .,Cảm ơn các bạn.
2,deadline dài hơn một chút .,deadline dài hơn một_chút .,Hạn chót còn lâu hơn một chút.
2,đảm bảo giời lên lớp .,bảo đảm giời lên lớp .,Tôi chắc đó là một lớp học.
2,giáo viên .,nghề dạy học .,Cô ơi...
2,việc lên lớp và không lên lớp không có khác biệt .,việc tinh tướng và không lên lớp không có khác_biệt .,Vượt qua và không vượt qua không khác nhau.
3,giáo viên dạy nhiệt tình và dễ hiểu .,giáo_viên dạy hăng hái và dễ hiểu .,Giáo viên nhiệt tình và thấu hiểu.
1,"nhưng đổi lại khi được học với thầy thì lại là cảm giác khác , áp lực , thiếu tự tin , mệt mỏi , sau mỗi buổi học là một cơn đau đầu kéo dài .","nhưng đổi lại khi được học bài với giáo viên thì lại là cảm_giác khác , áp_lực , thiếu tự_tin , mệt_mỏi , sau mỗi buổi học bài là một cơn đau_đầu duy trì .","Nhưng khi ở bên anh ta, đó là một cảm giác khác áp lực lòng tự trọng thấp sự mệt mỏi một cơn đau đầu kéo dài sau mỗi buổi trị liệu."
3,"giảng viên giảng dạy nhiệt tình , đóng góp ý kiến thẳng thắng , không tạo áp lực , chấm điểm chuẩn xác .","giảng_viên giảng_dạy nhiệt_tình , làm cho ý_kiến thẳng thắng , không tạo áp_lực , chấm điểm chuẩn_xác .","Giáo viên nói năng sôi nổi, đưa ra ý kiến rõ ràng, không gây áp lực, cho điểm tốt."
3,thầy dạy rất là chi tiết và tận tâm với sinh viên .,người thầy dạy rất là chi_tiết và tận_tâm với sinh_viên .,Ông rất chi tiết và tận tâm với các sinh viên của mình.
3,cho làm nhiều đồ án và bài tập liên quan tới môn học .,cho làm nhiều đồ_án và bài_tập liên can tới môn_học .,Cậu ấy đã làm rất nhiều môn học và bài tập.
2,em nhìn nó giống như ma trận chữ hơn .,em nhìn nó giống như ma_trận chữ viết hơn .,Tôi nghĩ nó giống như một ma trận văn bản hơn.
3,giảng viên lên lớp đầy đủ và đúng giờ .,giảng_viên tính vi đầy_đủ và đúng giờ .,Giảng viên đã đầy đủ và đúng giờ...
3,"thầy dạy rễ hiểu , nhiệt tình .","thầy dạy học rễ hiểu , nhiệt_tình .","Anh ấy rất thấu hiểu, nhiệt tình."
1,hy vọng thầy cho nhiều bài tập hơn .,hy_vọng người thầy cho nhiều bài_tập hơn .,Hy vọng anh sẽ cho chúng tôi thêm việc.
2,phương thức giảng dạy .,phương pháp giảng_dạy .,Phương pháp dạy học.
1,thầy cần cho bài tập và hướng dẫn nhiều hơn .,người giáo viên cần cho bài_tập và hướng_dẫn nhiều hơn .,Tôi cần thêm bài tập và hướng dẫn.
2,kiến thức mà thầy truyền đạt .,học thức mà thầy truyền_đạt .,Kiến thức mà hắn truyền đạt.
2,"cuối cùng , em xin cảm ơn vì thầy fraction cô đã đọc đến hết .","cuối_cùng , em xin cảm_ơn vì người giáo viên fraction cô đã đọc đến hết .","Cuối cùng, cảm ơn bạn đã đọc hết bài viết này."
1,"khi giảng thầy chưa chỉ rõ trọng tâm của bài để sinh viên nắm bắt và dễ tiếp thu hơn , giọng thầy còn nhỏ , đều đều .","khi giảng người giáo viên chưa chỉ rõ trọng_tâm của bài để sinh_viên bắt được và dễ tiếp_thu hơn , giọng người giáo viên còn nhỏ , đều_đều .","Khi ông không tập trung, nó làm cho sinh viên dễ tiêu hoá và hiểu hơn, giọng ông nhỏ và đều."
2,có thể chia nhóm ra làm thực hành !,có_thể chia phần nhóm ra làm thực_hành !,Bạn có thể chia nhóm thành các buổi tập!
1,"cô giảng bài còn ít chỗ khó hiểu , không sâu sắc .","cô giảng bài còn ít suất khó hiểu , không sâu_sắc .","Bạn không giảng bài một cách khó hiểu, không sâu sắc."
2,về phương pháp giảng dạy và cách truyền đạt của giáo viên .,về biện pháp giảng_dạy và cách truyền_đạt của giáo_viên .,về phương pháp dạy học và cách giao tiếp của giáo viên.
2,anh văn .,anh văn .,Tiếng Anh...
2,dạy theo đề cương môn học .,dạy học theo đề_cương môn_học .,- Có đủ các điều kiện sau :
1,giảng viên cho quá nhiều bài tập nhưng lại ít hướng dẫn và giải .,giảng_viên cho quá nhiều bài_tập nhưng lại ít chỉ dẫn và giải .,Giáo viên giao cho bạn quá nhiều bài tập nhưng lại quá ít hướng dẫn và giải pháp.
3,"thầy dạy nhiệt tình , rễ hiểu .","thầy dạy nhiệt_tình , rễ cây hiểu .",Anh ấy nhiệt tình và thấu hiểu.
2,không có gì đặc biệt .,không có gì trước tiên .,Không có gì đặc biệt...
1,"thầy thường xuyên yêu cầu học sinh trình bày lại những kiến thức đã học trong buổi lý thuyết một cách không cần thiết , mất thời gian , không khác gì một buổi dạy lý thuyết , không đúng tinh thần và mục đích của một buổi học thực hành .","giáo viên thường_xuyên yêu_cầu học_sinh trình_bày lại những vốn học đã học trong buổi lý_thuyết một_cách không cần_thiết , mất thời_gian , không khác_gì một buổi dạy học lý_thuyết , không đúng tinh_thần và mục_đích của một buổi học thực_hành .","Ông thường xuyên yêu cầu sinh viên trình bày lại tài liệu họ đã học trong phần lý thuyết một cách không cần thiết, tốn thời gian, điều này không khác gì so với một phần lý thuyết, và không phù hợp với tinh thần và mục đích của một phần thực hành."
2,đèn và quạt .,đèn chiếu sáng và quạt .,Đèn và quạt...
1,giảm giờ học .,giảm giờ học bài .,Giảm giờ học.
2,không có điều gì .,không có điều gì .,Không có gì...
3,có cung cấp kiến thức liên quan nhiều hơn so với khi học lý thuyết .,có cung_cấp kiến_thức liên_quan nhiều hơn so với khi học bài lý_thuyết .,Chúng cung cấp nhiều kiến thức có liên quan hơn là học lý thuyết.
2,lên vừa cho học lý thuyết vừa cho thực hành .,lên vừa cho học bài lý_thuyết vừa cho thực_hành .,Đó là một chương trình lý thuyết và thực hành.
1,"cần lắp thêm quạt , ổ cắm và màn che .","cần lắp thêm phe phẩy , ổ_cắm và màn che .","Bạn sẽ cần quạt, ổ cắm và màn hình."
2,dưới đây là hình thầy cung cấp toàn bộ tài liệu trong quá trình học .,dưới đây là hình thầy cho ăn toàn_bộ tài_liệu trong quá_trình học .,Đây là một bức ảnh của ông ấy cho thấy tất cả các tài liệu ông ấy được đưa ra trong suốt khóa học.
3,nhiệt tình trả lời câu hỏi khi sinh viên phát biểu .,nhiệt_tình đáp lại câu_hỏi khi sinh_viên phát_biểu .,Hãy hỏi những câu hỏi một cách nhiệt tình khi học sinh nói.
1,thầy dạy bù vào thời gian không hợp lý .,người giáo viên dạy bù vào thời_gian không hợp_lý .,Anh không có thời gian cho đúng.
2,cách dạy của giảng viên .,cách dạy học của giảng_viên .,làm thế nào để dạy bởi người thầy.
3,"giáo viên nhiệt tình , tận tâm giúp đỡ sinh viên .","giáo_viên nhiệt_tình , tâm huyết giúp_đỡ sinh_viên .",Giáo viên tận tâm giúp đỡ học sinh.
3,trao đổi nhiều với sinh viên .,trao_đổi nhiều với sinh_viên .,và trò chuyện nhiều với học sinh.
3,"cuối kỳ , không cần ôn tập vẫn có thể nhớ rất nhiều kiến thức .","cuối kỳ , không cần ôn_tập vẫn có đủ sức nhớ rất nhiều kiến_thức .","Vào cuối học kỳ, bạn có thể nhớ rất nhiều thông tin mà không cần học."
3,phương pháp giảng dạy của giảng viên dễ hiểu giúp sinh viên dễ nắm bắt .,biện pháp giảng_dạy của giảng_viên dễ hiểu giúp sinh_viên dễ nắm_bắt .,Phương pháp dạy học dễ hiểu của giáo viên giúp học sinh dễ nắm bắt.
2,chương trình giảng dạy .,chương_trình giảng_dạy .,Chương trình học.
2,không có gì làm em không hài lòng cả .,không có gì làm em không thoả mãn cả .,Không có gì khiến tôi không vui.
3,giáo viên dạy nhiệt tình dễ hiểu .,nghề giáo viên dạy nhiệt_tình dễ hiểu .,Giáo viên nhiệt tình và thấu hiểu.
2,đôi lúc giảng hơi nhanh .,đôi_lúc giảng_hơi nhanh .,Đôi khi hơi nhanh một chút.
2,để tiện cho sinh viên xếp lịch .,để tiện cho sinh_viên xếp loại lịch .,Nó là cho sinh viên lên lịch.
1,số bài thực hành quá nhiều cho một môn thực hành hình thức 2 .,số bài thực_hành quá nhiều cho một môn thực_hành hình_thức 2 .,Quá nhiều bài tập cho một lớp học thực hành chính thức 2 buổi.
3,"thầy dạy đúng trọng tâm , dễ hiểu , vui tính , cách giải rất hay , rất chuyên nghiệp .","thầy dạy đúng tâm trọng lực , dễ hiểu , vui_tính , cách giải rất hay , rất chuyên_nghiệp .","Tôi dạy nó theo cách đúng đắn, dễ hiểu, vui vẻ, làm việc rất tốt, rất chuyên nghiệp."
1,nội dung giảng dạy rất là lý thuyết và thiếu phần bài tập để ứng dụng và nhớ bài hơn .,nội_dung giảng_dạy rất là lý_thuyết và thiếu phần bài_tập để sự áp dụng và nhớ bài hơn .,Nội dung rất lý thuyết và thiếu nhiều bài tập áp dụng và ghi nhớ.
2,em học phân tích thiết kế cô wzjwz276 mà .,em học bài phân_tích thiết_kế cô wzjwz276 mà .,Tôi đang học phân tích thiết kế cho cô Wzjwz.
1,chưa thấy được sự cần thiết thực sự của môn học đối với ngành nghề cũng như cuộc sống sau này .,chưa thấy được sự thiết thực thực_sự của môn_học đối_với ngành_nghề cũng như cuộc_sống sau_này .,Tôi vẫn chưa thấy được nhu cầu thực sự của chủ đề này đối với nghề nghiệp và tương lai.
2,quả không sai !,quả không không phải !,Không có gì sai cả!
1,giảng viên nên giảng dạy một cách sinh động hơn cho lớp học .,giảng_viên nên giảng_dạy một_cách sinh_động hơn cho lớp_học .,giáo viên nên dạy học sinh cách sống động hơn trong lớp học.
3,giảng viên hài hước .,giảng_viên hài_hước .,Thầy giáo dạy hài hước...
2,phong thái .,phong_thái .,kiểu dáng...
3,thương học sinh .,thương học trò .,Tôi yêu học sinh.
3,"nhiệt tình , chỉ bảo hết mình .","sôi nổi , chỉ_bảo hết_mình .","- Bằng cả trái tim, tự định hướng."
1,quá nhiều lý thuyết .,quá nhiều lý_thuyết .,quá nhiều giả thuyết...
1,"bộ kit thực hành cần được nâng cấp để không xảy ra tình trạng hư , trục trặc .","bộ kit thực_hành cần được nâng_cấp để không xảy ra trạng thái hư , trục_trặc .",Bộ dụng cụ luyện tập nên được nâng cấp để ngăn ngừa bất kỳ vấn đề nào.
2,giọng của thầy không được hay lắm .,giọng của giáo viên không được hay lắm .,Giọng của anh không tốt lắm.
2,giảng viên cho bài tập để làm .,giảng_viên cho bài_tập để làm .,các giảng viên làm bài tập về nhà...
1,seminar quá nhiều .,hội thảo quá nhiều .,quá nhiều hội thảo.
2,"dù phương pháp học tập này khá hiệu quả nhưng vẫn có chút nào đó nghi ngờ từ phần thuyết trình của các bạn , liệu các kiến thức đó có chuẩn xác và cập nhật chưa .","dù biện pháp học_tập này khá tác dụng nhưng vẫn có chút nào đó nghi_ngờ từ phần sự thuyết trình của các bạn , liệu các kiến_thức đó có chuẩn_xác và cập_nhật chưa .","Mặc dù phương pháp này có hiệu quả, nhưng vẫn có một số nghi ngờ trong bài thuyết trình của bạn về tính chính xác và cập nhật của thông tin."
1,chưa chú ý đến sinh viên lắm .,chưa để tâm đến sinh_viên lắm .,Tôi không để ý nhiều đến học sinh.
2,"chúng em là sinh viên năm nhất , và chúng em vẫn chưa đủ khả năng để làm ra những sản phẩm của riêng mình , chúng em học "" giới thiệu ngành "" vì mục đích định hướng , chúng em tìm hiểu về hệ thống nhúng vì mục đích xem mình có nên theo ngành đó hay không , và chúng em nói theo cách mình hiểu và tiếp cận được từ các nguồn thông tin .","chúng_em là sinh_viên năm nhất , và chúng_em vẫn chưa đủ khả_năng để làm ra những sản phẩm hoá học của riêng mình , chúng_em học "" giới_thiệu công nghiệp "" vì mục_đích đặt hướng , chúng_em tỏ tình về hệ thống hoá nhúng ướt vì mục_đích xem mình có nên theo công nghiệp đó hay không , và chúng_em nói theo cách mình hiểu và tiếp_cận được từ các nguồn thông_tin .","Chúng tôi là sinh viên năm nhất, và chúng tôi chưa thể tự làm sản phẩm của riêng mình, chúng tôi đang làm "" giới thiệu ngành "" để định hướng, chúng tôi đang làm các hệ thống nhúng cho mục đích liệu chúng tôi có nên ở trong ngành đó hay không, và chúng tôi đang nói theo cách mà chúng tôi hiểu và có quyền truy cập thông tin từ các nguồn."
3,thầy có phương pháp giảng dạy hiệu quả .,thầy có biện pháp giảng_dạy hiệu_quả .,Tôi có một phương pháp dạy học hiệu quả.
3,"giảng dạy tốt , đi dạy đúng giờ .","giảng_dạy tốt , dựa cột dạy đúng giờ .","Dạy nó giỏi, đúng giờ."
2,cụ thể là phần chấm điểm giữa kỳ .,hữu hình là phần chấm_điểm giữa kỳ .,"Cụ thể là, điểm giữa kỳ."
2,không có gì để nói .,không có gì để nói .,Không có gì để nói cả.
1,dạy khá nhanh .,dạy học khá nhanh .,Nó khá nhanh.
1,giảng viên nên nhiệt tình hơn !,giảng_viên nên sôi nổi hơn !,Giảng viên nên nhiệt tình hơn!
3,anh rất nhiệt tình trong giảng dạy và giải đáp thắc mắc của sinh viên .,anh rất sôi nổi trong giảng_dạy và giải_đáp thắc_mắc của sinh_viên .,Ông rất nhiệt tình trong việc giảng dạy và trả lời các câu hỏi của học sinh.
2,em không có gì không hài lòng .,em không có gì không mãn nguyện .,Tôi không có gì phải buồn.
1,không có sự lôi cuốn và thu hút trong cách giảng .,không có sự lôi_cuốn và cuốn hút trong cách giảng .,Không có sự quyến rũ và quyến rũ trong bài giảng.
3,"giảng dạy tốt , nhiệt huyết với sinh viên .","giảng_dạy tốt , sự nhiệt tâm với sinh_viên .","Giáo viên tốt, học sinh nhiệt tình..."
1,"riêng em , là một sinh viên kỹ thuật máy tính , em thấy môn này là cần thiết đối với em , tuy nhiên chưa thực sự là một môn học em cần phải đi sâu tìm hiểu , mong thầy về sau có thể hạ mức yêu cầu đầu ra với các bạn khoa khác ít liên quan tới môn học .","riêng em , là một sinh_viên kỹ_thuật máy_tính , em thấy môn này là thiết yếu đối_với em , tuy_nhiên chưa thực tế là một môn_học em cần phải đi_sâu ve vãn , mong thầy về sau có_thể hạ_mức bắt buộc đầu_ra với các bạn khoa khác ít liên_quan tới môn_học .","Tôi là một sinh viên kỹ thuật máy tính, và tôi nghĩ rằng nó là cần thiết cho tôi, nhưng nó không thực sự là một môn học mà tôi cần phải học, và tôi hy vọng bạn có thể giảm yêu cầu đầu ra sau này với các giảng viên khác ít tham gia vào môn học này."
2,1 tín chỉ thực hành 2 tín chỉ học phí .,1 tín chỉ thực_hành 2 tín chỉ học_phí .,"Một tín chỉ thực hành, hai tín chỉ học phí."
3,giảng dạy tốt và có tâm .,giảng_dạy tốt và có trung tâm .,Dạy tôi rất tốt và thông minh
1,"giảng dạy cứng nhắc , áp đặp , không thu hút , gò bó sinh viên .","giảng_dạy cứng_nhắc , áp_đặp , không lôi cuốn , gò bó sinh_viên .","Bạn có thể nói "" Em rất thích anh "" hoặc "" Em thích anh ""."
3,"thầy dạy nhiệt tình , dạy những kiến thức sát với các kỳ thi .","thầy dạy nhiệt_tình , dạy những kiến_thức sát với các kỳ sát hạch .","Anh ấy đã dạy một cách nhiệt tình, dạy những thứ liên quan đến các kỳ thi."
3,cách giảng viên truyền đạt và rất tận tâm với sinh viên .,cách giảng_viên truyền tải và rất tận_tâm với sinh_viên .,Giáo viên giao tiếp và rất tận tâm với học sinh.
2,bài tập ổn .,bài rèn tập ổn .,Tập thể dục là tốt.
3,"trên lớp cô dạy kỹ lưỡng , giảng bài dễ hiểu .","trên vỉa cô dạy kỹ_lưỡng , giảng_bài dễ hiểu .","Tôi dạy một cách thấu đáo, giảng dạy một cách thẳng thắn."
3,giảng viên giảng bài tiếp thu tốt .,giảng_viên thuyết giảng bài tiếp_thu tốt .,Giảng viên tiếp thu bài học tốt.
3,"cô giảng dạy có tâm và nhiệt tình giúp đỡ sinh viên , giúp sinh viên hiểu sâu và vận dụng các vấn đề đã học vào thực tiễn .","cô giảng_dạy có tâm và nhiệt_tình giúp_đỡ sinh_viên , giúp sinh_viên hiểu con sâu và vận_dụng các vấn_đề đã học bài vào thực_tiễn .","Bà là một giáo viên tận tâm và nhiệt tình, giúp học sinh hiểu sâu sắc và áp dụng những vấn đề họ đã học được vào cuộc sống của chính họ."
1,"thầy không chịu dạy thực hành , nên cũng rất chán khi học thực hành , nói chung là không ai đi học thực hành là do thầy không dạy tốt , thực ra thì chưa dạy gì cả .","người giáo viên không chịu dạy học thực_hành , nên cũng rất chán khi học thực_hành , nói_chung là không ai ngồi tù học thực_hành là do người giáo viên không dạy học tốt , thực_ra thì chưa dạy học gì cả .","Tôi không dạy thực hành, nên tôi chán thực hành, và nói chung, không ai đi thực hành vì tôi không giỏi việc đó, và tôi không dạy cái gì cả."
3,truyền đạt chính xác cho sinh viên những kiến thức cần thiết của môn học .,truyền_đạt chính_xác cho sinh_viên những học thức cần_thiết của môn_học .,Bạn nên truyền đạt chính xác kiến thức cốt lõi của môn học cho người học.
2,em xin cảm ơn !,em xin tạ ơn !,Cảm ơn các bạn.
2,trong khi đề thi cho phép sinh viên dùng mạng .,trong khi đề_thi được phép sinh_viên dùng mạng .,trong khi bài kiểm tra cho phép sinh viên sử dụng internet.
2,em rất mong muốn được học tiếp các môn liên quan như phân tích mã độc .,em rất mong_muốn được học vạch biên giới các môn liên_quan như phân_tích mã_độc .,Tôi đang mong chờ tiếp tục với các chủ đề liên quan như phân tích phần mềm độc hại.
3,"trường uit , cách riêng khoa truyền thông và mạng máy tính rất may mắn có được người thầy như thầy x .","trường uit , cách riêng khoa liên lạc và mạng máy_tính rất may_mắn có được người người thầy như người thầy x .","Trường Uit, cụ thể là Ban Truyền thông và Bưu điện, đã may mắn có được một giáo viên như thầy X."
1,"giảng viên nên sử dụng trang moodle để gửi bài tập hay thông báo khẩn học bù ngoài dự kiến , gửi bảng điểm , vdotv .","giảng_viên nên dùng trang_moodle để gửi bài_tập hay thông_báo khẩn_học bù cho ngoài dự_kiến , gửi bảng điểm , vdotv .","giáo viên hướng dẫn nên sử dụng trang moodle để gửi bài tập hoặc thông báo về các trường hợp khẩn cấp bất ngờ gửi bảng điểm, ví dụ: vdotv."
3,giáo viên vẫn nhiệt tình mặc dù có một số thành phần không lắng nghe .,giáo_viên vẫn nhiệt_tình mặc_dù có một_số phần không lắng_nghe .,Giáo viên vẫn nhiệt tình mặc dù một số yếu tố không nghe.
1,cách đánh giá bài tập lớn cuối kỳ cũng không được khách quan .,cách giám định bài_tập lớn cuối kỳ cũng không được khách_quan .,Những nhiệm vụ lớn cuối cùng cũng không khách quan.
3,giảng viên truyền đạt dễ hiểu và nhiệt tình .,giảng_viên truyền_đạt dễ hiểu và sôi nổi .,Giảng viên giao tiếp dễ dàng và nhiệt tình.
3,"thương , hài hước , lấy ví dụ thực tiễn , biết phân bố hợp lý giờ giảng dạy xen lẫn trò chuyện cùng học sinh .","thương , hài_hước , lấy ví_dụ thực_tiễn , biết phân_bố hợp_lý giờ giảng_dạy xen_lẫn nói chuyện cùng học_sinh .","thương, hài hước, ví dụ thực tế, phân bổ thời gian giảng dạy tốt và trò chuyện tốt với học sinh."
1,"phương pháp học môn anh văn trên trường tốt với mọi người , nhưng nó xung khắc với phương pháp em đang tự học , nếu duy trì lâu em có biến cố .","phương_pháp học bài môn anh văn trên trường lực tốt với mọi người , nhưng nó xung_khắc với phương_pháp em đang tự học bài , nếu duy_trì lâu em có biến_cố .","Phương pháp học tiếng Anh tốt cho tất cả mọi người, nhưng nó không tương thích với phương pháp mà bạn đang tự học, và nếu bạn tiếp tục theo đuổi nó, bạn sẽ bị suy sụp."
2,thầy lên lớp đúng giờ và đều đặn .,thầy lên vỉa đúng giờ và đều_đặn .,Tôi đến lớp đúng giờ và đúng giờ.
2,không có ý kiến nhiều .,không có cách nhìn nhiều .,"Không, không, không, không."
2,cách trình bày giữa thầy thực hành và thầy lý thuyết khác nhau .,cách trình_bày giữa người giáo viên thực_hành và người giáo viên lý_thuyết khác nhau .,Cách tôi được trình bày khác với cách tôi được trình bày.
2,silde bằng tiếng việt .,silde bằng ngôn ngữ việt .,silde bằng tiếng Anh.
3,"giảng viên nhiệt tình , vui vẻ .","giảng_viên nhiệt_tình , vui tính .","Giảng viên nhiệt tình, hạnh phúc."
2,"bước vào lớp học cứ như "" đi nhầm lớp "" .","bước vào lớp_học cứ như "" đi nhầm vỉa "" .",Bạn bước vào một lớp học như thể bạn đang ở nhầm lớp.
1,"điều chỉnh chất lượng doubledot với chương trình học tập hiên nay , sinh viên thương lắm vững kiến thức khi gần đến cuối kỳ gây khó cho sinh viên làm đồ án thời gian hạn hẹp .","điều_chỉnh chất_lượng doubledot với chương_trình học_tập hiên nay , sinh_viên cảm thông lắm vững vàng kiến_thức khi gần đến cuối kỳ gây khó cho sinh_viên làm đồ_án thời_gian hạn_hẹp .",Các sinh viên cảm thấy bất an khi họ gần kết thúc học kỳ đến nỗi họ khó có thể thực hiện các dự án trong một khoảng thời gian hạn chế.
2,thấy giảng dạy nói môn này muốn học thì phải có phòng thí nghiệm .,thấy giảng_dạy nói môn này muốn học bài thì phải có phòng_thí_nghiệm .,Tôi thấy người hướng dẫn nói khóa học này cần một phòng thí nghiệm.
3,"môn học giúp sinh viên vận dụng được các kỹ năng về lập trình , giúp sinh viên hiểu rõ về hướng đối tượng và giúp sinh viên có thể tự làm ra các phần mềm đơn giản cho riêng mình bằng ngôn ngữ c .","môn_học giúp sinh_viên vận_dụng được các kỹ_năng về lập_trình , giúp sinh_viên hiểu rõ về đặt hướng chủ thể và giúp sinh_viên có_thể tự làm ra các chương trình phần mềm đơn_giản cho riêng mình bằng ngôn_ngữ c .","Khoá học giúp sinh viên áp dụng các kỹ năng lập trình, giúp họ hiểu các khái niệm hướng đối tượng và giúp họ tạo các chương trình phần mềm đơn giản của riêng họ trong c."
1,máy thực hành nên cài visual studio 2013 .,máy thực_hành nên ghim visual studio 2013 .,Máy luyện tập nên có phòng thu hình ảnh 2013.
1,không thể nộp bài viết luận qua e-mail mà vẫn phải nộp bài bằng giấy viết tay khá mất thời gian .,không_thể nộp bài viết_luận qua e-mail mà vẫn phải nộp bài bằng giấy viết_tay khá mất thời giờ .,"Sẽ tốn thời gian nếu bạn không thể gửi bài luận qua email bằng tay, nhưng bài luận của bạn sẽ được gửi bằng tay."
2,nhiều hoạt động .,nhiều vui chơi .,Nhiều hoạt động.
1,em có thêm một số đề nghị để cải tiến doubledot thêm kênh để trao đổi cho môn học .,em có thêm một_số đề_nghị để cải_tiến doubledot thêm rạch để trao_đổi cho môn_học .,Tôi có vài đề nghị để cải thiện Doubleot thêm nhiều kênh để trao đổi cho chủ đề này
1,"giảng viên giảng không hay , đã vậy còn không nhiệt tình , không vui vẻ , không tạo cơ hội cho sinh viên hỏi về bài giảng .","giảng_viên giảng dạy không hay , đã vậy còn không nhiệt_tình , không trở nên vui vẻ , không tạo cơ_hội cho sinh_viên hỏi về bài giảng dạy .","Giảng viên không giỏi, không nhiệt tình, không vui vẻ, không cho sinh viên cơ hội đặt câu hỏi."
2,cách giảng bài .,cách giảng_bài .,Làm thế nào để dạy.
2,"phân chia nhóm , hoạt động nhóm .","cắt ra nhóm , hoạt_động nhóm .","phân nhóm, hoạt động nhóm."
1,"tuy nhiên , bản chất môn học vẫn chán nên dù cô dạy rất hay nhưng cũng khó theo được .","tuy_nhiên , bản_chất môn_học vẫn chán nên dù cô dạy học rất hay nhưng cũng khó theo được .","Nhưng môn học này vẫn còn nhàm chán, nên dù bạn dạy tốt, vẫn khó theo kịp."
1,"cần có thêm lớp training cho các bạn yếu , mất căn bản .","cần có thêm vỉa training cho các bạn yếu , mất căn_bản .","Chúng ta cần phải huấn luyện thêm cho những người yếu, những người cơ bản..."
2,mới gặp một lần !,mới gặp một lần !,Tôi chỉ mới gặp anh một lần!
1,"nên bổ sung phần xây dựng kiến trúc game , tiếp xúc vơi các kiến trúc game phổ biến hiện nay .","nên bổ_sung phần xây_dựng ngành kiến trúc game , tiếp_xúc vơi các ngành kiến trúc game phổ_biến hiện_nay .","nên thêm một bản dựng kiến trúc trò chơi vào hỗn hợp, phơi bày các kiến trúc trò chơi phổ biến nhất."
1,thầy nên cho một ít bài tập về nhà làm để củng cố kiến thức thêm tại bài tập thi bao la em không biết cái nào là trọng tâm hết .,thầy nên cho một_ít bài_tập về nhà làm để củng_cố sở học thêm tại bài_tập kiểm tra bao_la em không biết cái nào là trọng_tâm hết .,Tôi nên làm một số bài tập để giúp tôi làm bài tập Tôi không biết cái nào là trọng tâm.
1,"đảm bảo giờ lên lớp , nhiều lần lên lớp rồi mới nhận được thông báo nghỉ học , rất bất tiện cho sinh viên , do nhiều sinh viên có nhà xa mà tới lúc lên trường rồi mới có thông báo nghỉ thì thật khó cho sinh viên .","đảm_bảo giờ tinh tướng , nhiều lần lên vỉa rồi mới nhận được cho hay đi nghỉ học , rất bất_tiện cho sinh_viên , do nhiều sinh_viên có nhà xa mà tới lúc lên trường rồi mới có cho hay đi nghỉ thì thật khó cho sinh_viên .","Điều này rất khó khăn cho học sinh, bởi vì nhiều em phải xa nhà và rất khó để các em nhận được thông báo nghỉ học khi đang ở trường."
2,đến cuối kỳ sẽ đỡ bỡ ngỡ hơn .,đến cuối kỳ sẽ chịu bỡ_ngỡ hơn .,Như vậy sẽ đỡ khó xử hơn khi kết thúc.
2,thầy nghiêm túc .,giáo viên nghiêm_túc .,Tôi nghiêm túc đấy.
1,em nghĩ là nên giảm số giờ nói lý thuyết cho thêm giờ làm bài tập .,em nghĩ là nên giảm số giờ nói lý_thuyết cho thêm giờ làm bài_tập .,Tôi nghĩ chúng ta nên cắt bớt thời gian nói về lý thuyết thành thời gian làm bài tập về nhà.
2,chia lớp theo đúng khả năng !,phân lớp theo đúng khả_năng !,chia lớp cho mức đúng!
1,"người học thì chỉ biết học , lao đầu vào học , mà không hề hay biết những thứ đó bản chất là gì .","người học bài thì chỉ biết học bài , lao đầu tiên vào học bài , mà không hề hay_biết những thứ đó bản_chất là gì .","Các sinh viên chỉ đang học, họ chỉ đang chìm đắm vào, họ thậm chí không nhận thức được những điều đó là gì."
2,giảng dạy đầy đủ bài học .,giảng_dạy đủ đầy bài_học .,Dạy nó mọi thứ tôi biết.
1,cần tăng thời lượng thực hành vì đây là môn mà thực hành mang tính quan trọng đối với sinh viên .,cần tăng thời_lượng thực_hành vì đây là môn mà thực_hành mang tính có giá trị đối_với sinh_viên .,Tăng thời gian luyện tập vì đây là môn học mà việc luyện tập rất quan trọng đối với học sinh.
2,thầy không dạy em môn này .,thầy không dạy học em môn này .,Anh không dạy tôi điều này.
1,"giáo viên thực hành cần quan tâm , chỉ dẫn sinh viên tận tình hơn .","giáo_viên thực_hành cần quan_tâm , chỉ_dẫn sinh_viên nhiệt tình hơn .","Giáo viên thực hành cần phải quan tâm, hướng dẫn học sinh tận tâm hơn."
3,"thầy luôn dặn chúng em phải trăn trở về tương lai , phải có sự phấn đấu , hoàn thiện tốt nhất mọi công việc .","thầy luôn dặn chúng_em phải trăn_trở về vị lai , phải có sự phấn_đấu , hoàn thành tốt nhất mọi công_việc .","Anh luôn bảo chúng tôi nghĩ về tương lai, phấn đấu để làm tốt nhất trong mọi việc chúng tôi làm."
2,ôn tập đúng theo thầy nhưng không biết cuối kỳ được mấy điểm .,ôn_tập đúng theo thầy giáo nhưng không biết cuối kỳ được mấy điểm .,"Học giống hệt như tôi, nhưng tôi không biết mình đã đạt bao nhiêu điểm vào cuối khoá."
1,"giảng viên không tổ chức buổi gặp sinh viên nào , và cũng không có bài tập , nội dung phần thực hành .","giảng_viên không thành lập buổi gặp sinh_viên nào , và cũng không có bài_tập , nội_dung phần thực_hành .","Giáo sư không có bất kỳ cuộc họp nào, và không có bài tập nào, và không có buổi thực hành nào."
1,phần điểm tích cực theo như thầy đánh giá là không hợp lý và công bằng cho tất cả sinh viên nếu điểm đó được tính là wzjwz59 % trong tổng điểm .,phần điểm hoạt động theo như thầy nhận định là không hợp_lý và công_bằng cho tất_cả sinh_viên nếu điểm đó được tính là wzjwz59 % trong tổng_điểm .,"Điểm số tích cực, như tôi đã tìm thấy, là không hợp lý và không công bằng cho tất cả học sinh nếu họ được tính là wzjwz 59% tổng số."
1,hy vọng cô sẽ dạy kỹ hơn .,hy_vọng cô sẽ dạy học kỹ hơn .,Hy vọng anh sẽ dạy tôi tốt hơn.
1,"giảng viên dạy khá nhạt và chán , giọng nói đều đều , khô khan .","giảng_viên dạy khá nhạt và chán , tiếng nói đều_đều , khô_khan .","Giọng thầy giáo nghe có vẻ nhạt nhẽo và chán ngắt, giọng thầy đều đều, khô khốc."
2,cô dạy được .,cô dạy học được .,Tôi có thể dạy...
3,có cung cấp bài tập cho sinh viên tự học ở nhà .,có cho ăn bài_tập cho sinh_viên tự học ở nhà .,Họ có bài tập về nhà cho học sinh làm ở nhà.
3,"thầy dạy nhiệt tình , rất thương sinh viên .","người thầy dạy nhiệt_tình , rất thương sinh_viên .","Anh ấy rất nhiệt tình, rất yêu thương."
1,đào tạo thêm về cơ chế giảng dạy .,đào_tạo thêm về cơ chế hoá học giảng_dạy .,"- Đào tạo nâng cao trình độ, kỹ năng và nghiệp vụ về cơ chế dạy học."
1,chưa có slide giảng dạy hiệu quả .,chưa có slide giảng_dạy tác dụng .,không có slide dạy học nào có sẵn.
3,giảng viên truyền đạt kiến thức rất hay và dễ tiếp thu .,giảng_viên truyền_đạt học thức rất hay và dễ tiếp_thu .,Chúng dạy rất tốt và dễ tiêu hoá.
1,cảm giác như là cấp 2 học nhạc và vẽ vậy .,cảm_giác như là cấp 2 học_nhạc và miêu tả vậy .,Nó giống như âm nhạc và hội hoạ thời trung học.
2,bài giảng .,bài diễn giảng .,bài giảng.
2,nhìn thấy hơi nghiêm ( khách quan thôi ạ ) .,nhìn thấy thể hơi nghiêm ( khách_quan thôi ạ ) .,Nó có một chút nghiêm trọng (khách quan )
1,không đầu tư nhiều cho bài giảng .,không đầu_tư nhiều cho bài diễn thuyết .,Tôi không đầu tư nhiều vào bài giảng.
1,giảng viên nên giảng bài cụ thể hơn .,giảng_viên nên giảng_bài hữu hình hơn .,Giáo viên hướng dẫn của bạn nên cụ thể hơn.
2,khả năng truyền đạt .,khả_năng truyền tin .,"Bạn có thể nói: "" Tôi không biết."
1,thầy giảng lý thuyết sơ sài rồi kêu sinh viên về tự google mà code .,giáo viên giảng lý_thuyết sơ_sài rồi kêu sinh_viên về tự google mà code .,Ông đưa cho tôi một lý thuyết nhỏ và sau đó ông bảo sinh viên của tôi tự Google.
1,hệ thống máy chiếu cần cải thiện .,hệ thống hoá máy_chiếu cần cải_thiện .,Hệ thống máy chiếu cần được cải thiện.
3,"thầy dạy phần lý thuyết hay , nắm bắt được khả năng của sinh viên .","thầy giáo dạy phần lý_thuyết hay , nắm_bắt được khả_năng của sinh_viên .","Ông dạy lý thuyết, ông nắm bắt trí tưởng tượng của học sinh."
1,"thầy ít khi giảng bài , thường để sinh viên tự xem tài liệu là chủ yếu .","thầy ít khi giảng_bài , thường để sinh_viên tự xem tài_liệu là chính yếu .","Họ hiếm khi giảng bài, và thường để sinh viên tự xem tài liệu của họ."
3,"thầy dạy rất hay , mong rằng sẽ được học thầy trong những môn khác .","thầy dạy rất hay , mòn mỏi rằng sẽ được học thầy trong những môn khác .","Thầy là một thầy giáo giỏi, và tôi hy vọng sẽ học được nhiều điều từ thầy trong các môn học khác."
1,cần giảng bài bằng tiếng anh nhiều hơn .,cần giảng bài bằng ngôn ngữ anh nhiều hơn .,Tôi cần thêm tiếng Anh.
2,em học thầy được nửa kỳ trước thì tự cúp qua lớp cô wzjwz218 học .,em học bài thầy được nửa_kỳ trước thì tự cúp qua lớp cô wzjwz218_học .,Tôi đã học được nửa học kỳ và rồi tôi tự cắt đứt với cô Wzjwz.
2,không .,không .,Không.
2,ước tính khoảng 5 - 6 buổi như vậy .,dự tính khoảng 5 - 6 buổi như_vậy .,Tôi đang nghĩ tới 5 hay 6 cái.
1,"cô chỉ cho bài tập về nhà kêu làm và nộp , không giải thích gì thêm .","cô chỉ cho bài_tập về nhà vang làm và nộp , không giải_thích gì thêm .","Anh chỉ đưa tôi bài tập để làm xong rồi nộp, không giải thích gì thêm..."
3,"thầy rất tốt , và truyền đạt đầy đủ kiến thức tới sinh viên .","thầy rất tốt , và truyền_đạt đầy_đủ học vấn tới sinh_viên .","Ông ấy rất giỏi, và ông ấy truyền đạt kiến thức của mình tới học trò."
3,giảng dạy đều .,giảng_dạy đều .,Dạy tất cả...
2,trên đây là ý kiến về các vấn đề em nhận ra sau khi học .,trên đây là quan niệm về các vấn_đề em nhận ra sau khi học .,Đây là ý kiến của bạn về những vấn đề bạn đã xác định sau giờ học.
3,tài liệu tham khảo đầy đủ .,tài_liệu tham_khảo đủ đầy .,( 2) Tên đầy đủ của tài liệu tham khảo. '
2,em thấy đã được .,em thấy đã được .,Tôi cảm thấy như tôi...
3,"dạy dễ hiểu , sâu rộng .","dạy học dễ hiểu , sâu_rộng .","Nó dễ hiểu, nó sâu sắc."
3,"cô dạy dễ hiểu , dạy kỹ , tận tình , không khí học tập thoải mái .","cô dạy dễ hiểu , dạy kỹ , tận_tình , không_khí học_tập dễ chịu .","Anh dạy giỏi, anh dạy giỏi, anh dạy giỏi, anh dạy với rất nhiều cống hiến."
3,"thầy giảng bài rất kỹ , sát vào vấn đề và dễ hiểu .","thầy thuyết trình bài rất kỹ , sát vào vấn_đề và dễ hiểu .","Ông ấy rất tỉ mỉ, rất thẳng thắn, rất rõ ràng."
3,cô rất tận tâm và quan tâm đến sinh viên .,cô rất tâm huyết và quan_tâm đến sinh_viên .,Cô rất tận tâm và quan tâm đến học sinh của mình.
3,"cô rất nhiệt tình trong hoạt động giảng dạy , công bằng trong đánh giá , rất quan tâm đến sinh viên .","cô rất nhiệt_tình trong hoạt_động giảng_dạy , công_bằng trong đánh_giá , rất bận tâm đến sinh_viên .","Bà ấy rất nhiệt tình trong giảng dạy, công bằng trong phán đoán, rất quan tâm đến sinh viên."
1,em nghĩ nội dung thực hành nên gần với đồ án hơn .,em nghĩ nội_dung thực_hành nên gần với đồ_án hơn .,Tôi nghĩ nội dung thực hành nên gần với dự án hơn.
2,em thấy ổn ạ .,em thấy ổn thoả ạ .,"Tôi ổn, thưa ngài."
2,cũng bình thường .,cũng trung bình .,Không sao đâu.
1,cần nhiều tiết học hơn để giáo viên sửa bài trên lớp .,cần nhiều tiết_học hơn để giáo_viên sửa bài trên vỉa .,Cần nhiều lớp hơn để giáo viên chỉnh sửa lớp của họ.
2,có chỗ thầy dạy quá kỹ nhưng có chỗ thì lại chỉ nói sơ qua .,có suất thầy dạy quá kỹ nhưng có suất thì lại chỉ nói sơ_qua .,"Đôi khi bạn quá tỉ mỉ, đôi khi bạn quá mơ hồ."
1,"chưa tạo động lực , thúc đẩy sinh viên nhiều .","chưa tạo động_lực , thôi thúc sinh_viên nhiều .","Nó không tạo động lực, nó tạo động lực cho học sinh."
3,"tận tình với sinh viên , dễ hiểu bài .","nhiệt tình với sinh_viên , dễ hiểu bài .",Hãy tử tế với học sinh. hãy dễ hiểu.
3,"giảng viên nhiệt tình , truyền đạt tốt .","giảng_viên hăng hái , truyền_đạt tốt .","giảng viên nhiệt tình, giao tiếp tốt."
2,cũng ổn .,cũng ổn thoả .,Không sao đâu.
2,đây là tình trạng chung của tất cả các lớp thực hành không chỉ riêng lớp này .,đây là trạng thái chung của tất_cả các lớp thực_hành không_chỉ riêng lớp này .,"Đây là trạng thái chung của tất cả các lớp thực hành, không chỉ riêng lớp này."
1,thầy sửa bài tập nhanh quá nên hơi khó hiểu .,thầy tu chỉnh bài_tập nhanh quá nên hơi khó hiểu .,Tôi chỉnh sửa quá nhanh nên hơi khó hiểu.
3,"giảng dễ nghe , nhiệt tình .","giảng dễ nghe , sôi nổi .","Nghe này, hãy nhiệt tình."
3,"thầy đúng giờ giấc , giúp đỡ tốt trong quá trình thực hành .","thầy đúng giờ_giấc , cộng sự tốt trong quá_trình thực_hành .","Anh ấy đúng giờ, giúp đỡ trong việc luyện tập."
1,chưa giúp tôi phát triển được tốt nhất khả năng của mình .,chưa có ích tôi phát_triển được tốt nhất khả_năng của mình .,đã không giúp tôi phát triển tốt nhất...
3,"giảng viên thân thiện , dễ gần .","giảng_viên thân_thiện , dễ gần .","Các giảng viên rất thân thiện, dễ gần..."
1,thầy cho làm các bài tập tại lớp trong khi sinh viên chưa biết gì về vấn đề đó .,thầy giáo cho làm các bài_tập tại lớp trong khi sinh_viên chưa biết gì về vấn_đề đó .,"Ông ấy bảo học sinh làm bài tập ở lớp, nhưng chúng không biết gì về nó."
2,nghe tiếng anh nhiều .,nghe ngôn ngữ anh nhiều .,Tôi nghe nhiều tiếng Anh lắm.
1,"em có ý kiến về giáo viên bộ môn anh văn 2 trong học kỳ này của em như sau doubledot giảng viên giảng dạy rất kém chất lượng , trình độ phát âm cực kém , giống như giáo viên dạy cấp 2 !","em có ý_kiến về giáo_viên bộ_môn anh văn 2 trong học_kỳ này của em như sau doubledot giảng_viên giảng_dạy rất kém chất_lượng , trình_độ phát ra chiều phân cực kém , giống như giáo_viên dạy học cấp 2 !","Tôi có một ý tưởng về giáo viên tiếng Anh thứ hai của tôi học kỳ này, người là Sau Doubleot, một giáo viên tồi, người có khả năng nói kém, người giống như một giáo viên trung học cơ sở!"
3,"giảng viên hướng dẫn sinh viên nhiệt tình , giải đáp đầy đủ các thắc mắc .","giảng_viên hướng_dẫn sinh_viên sôi nổi , giải_đáp đầy_đủ các thắc_mắc .",Giáo sư sẽ hướng dẫn bạn một cách nhiệt tình và trả lời tất cả các câu hỏi.
1,"không hào hứng vì giọng thầy trầm , tự tìm hiểu trên mạng rồi viết báo cáo môn học thôi .","không sống động vì giọng thầy trầm , tự tìm_hiểu trên mạng rồi viết báo_cáo môn_học thôi .","Tôi không hào hứng về giọng trầm, tôi chỉ lên mạng và viết báo cáo của riêng mình."
3,thầy rất hiểu tâm lý của sinh viên .,người giáo viên rất hiểu tâm_lý của sinh_viên .,Tôi biết tâm lý học của sinh viên...
2,đôi khi trong giờ học kể vài chuyện về đời để đỡ chán =) .,đôi_khi trong giờ học kể vài chuyện về cuộc đời để đỡ chán_= ) .,"Đôi khi trong lớp, tôi kể những câu chuyện về cuộc đời mình để khỏi cảm thấy nhàm chán."
2,phân biệt rõ ràng giữa đúng và sai .,phân_biệt hiển nhiên giữa đúng và sai .,Phân biệt đúng sai một cách rõ ràng.
1,tăng cường speaking .,làm tăng cao lên speaking .,Tăng cường nói chuyện.
1,cần hiểu rõ thêm cách kết nối prolog với c .,cần hiểu rõ thêm cách kết hợp prolog với c .,hiểu thêm về cách kết nối prolog với c.
3,"thầy đảm bảo giờ lên lớp , nhiệt tình .","giáo viên đảm_bảo giờ lên_lớp , nhiệt_tình .",Tôi chắc là anh sẽ rất phấn khích.
2,chứ em thấy đa số các bạn đều chọn chuyên ngành máy học bên kia .,chứ em thấy phần lớn các bạn đều chọn chuyên_ngành máy_học bên kia .,Tôi thấy hầu hết các bạn đang chọn để học máy học trên đây.
3,"có những ví dụ sinh động , dễ hiểu .","có những thí dụ sinh_động , dễ hiểu .","Có những ví dụ sống động, thẳng thắn."
3,bài giảng sống động .,bài thuyết trình sống_động .,Bài giảng thật sinh động.
1,"cần nâng cấp máy tính trong phòng thực hành , nhiều kit de2 bị lỗi cần sửa chữa hoặc thay mới .","cần nâng_cấp máy_tính trong dè chừng thực_hành , nhiều kit de2 bị lỗi cần sửa_chữa hoặc thay mới .","Bạn có thể phải nâng cấp máy tính trong phòng thực hành, và nhiều bộ khử nhiễu (de2 kit) có lỗi cần được sửa chữa hoặc thay thế."
3,luôn đảm bảo giờ giấc trong tiết học .,luôn đảm_bảo giờ trong tiết_học .,Luôn luôn đến lớp đúng giờ.
1,cải thiện cơ sở vật chất và thiết bị dạy học .,nâng cao đáng kể cơ_sở_vật_chất và thiết_bị dạy_học .,"- Tăng cường cơ sở vật chất, thiết bị dạy học."
2,mong thầy vẫn giữa phong độ như thế ;) .,ước áo thầy vẫn giữa phong_độ như_thế ; ) .,Tôi hy vọng tôi vẫn còn ở giữa nó.
1,cần áp đặt việc kiểm tra bài cũ và bài mới trên giờ học nhiều hơn .,cần áp_đặt việc kiểm_tra bài cũ và bài mới trên giờ học bài nhiều hơn .,nên thêm các bài kiểm tra và các bài kiểm tra mới cho học sinh trong giờ học.
2,bài tập khắt khe .,bài_tập bắt nhặt .,Tập thể dục cường độ cao.
2,thiết bị .,thiết_bị .,thiết bị.
2,thân !,thân !,thân!
3,"thầy giảng bài kỹ , chi tiết .","thầy thuyết trình bài kỹ , chi_tiết .",Ông giải thích bài học một cách chi tiết.
3,thầy thường xuyên theo dõi sinh viên trong quá trình thực hành và giải đáp thắc mắc rất hợp lý .,thầy thường_xuyên giám sát sinh_viên trong quá_trình thực_hành và giải_đáp thắc_mắc rất hợp_lý .,Ông thường theo dõi các học sinh trong quá trình luyện tập và trả lời các câu hỏi với sự tự tin hợp lý.
1,dạy hơi lâu về kiến thức .,dạy thể hơi lâu về kiến_thức .,Phải mất một thời gian dài để học...
1,giảng viên áp dụng mô hình scrum để làm project là tốt nhưng không thành công .,giảng_viên áp_dụng kiểu scrum để làm project là tốt nhưng không thành_công .,Giảng viên áp dụng mô hình bài tập để làm đề cương bài tập là tốt nhưng không thành công.
2,"nội dung môn học không thừa , không thiếu .","nội_dung môn_học không sự dư thừa , không thiếu .","Nội dung của đề tài không thừa, không thiếu."
3,"giáo viên tận tụy , nhiệt tình .","giáo_viên tận tụy , sôi nổi .","những giáo viên tận tuỵ, nhiệt tình."
1,"thầy nên dạy chậm và dễ hiểu hơn , nên giảng từng cái cho chắc rồi hãy sang phần khác .","thầy nên dạy học hiểu chậm và dễ hiểu hơn , nên giảng từng cái cho chắc rồi hãy sang phần khác .","Đáng lẽ tôi nên làm chậm lại và làm cho nó dễ hiểu hơn, vì vậy tôi sẽ chỉ đi qua chúng một lần một lần và sau đó chuyển tiếp."
1,"thầy dạy nhanh , nhiều khi theo không kịp .","thầy dạy học nhanh , nhiều khi theo không kịp .","Tôi dạy rất nhanh, đôi khi tôi không theo kịp."
1,cách dạy khó hiểu .,cách dạy học khó hiểu .,Đó là một cách khó khăn để dạy...
3,"đối với em thì cách thầy giảng khá là dễ hiểu nên thầy đừng lo quá về vấn đề đó ạ , với lại sinh viên đa phần thụ động nên nếu không hiểu lại càng không dám hỏi .","đối_với em thì cách thầy giáo giảng khá là dễ hiểu nên thầy giáo đừng phụ trách quá về vấn_đề đó ạ , với_lại sinh_viên đa_phần thụ_động nên nếu không hiểu lại càng không mạo phạm hỏi .","Tôi nghĩ cách các bạn đang dạy khá đơn giản, nên đừng lo lắng về điều đó, và học sinh thì hầu như thụ động nên nếu bạn không hiểu, bạn sẽ hỏi nhiều hơn."
3,"giảng viên dạy dễ hiểu , dễ hình dung .","giảng_viên dạy dễ hiểu , dễ tưởng tượng .","Giáo viên thì dễ hiểu, dễ hình dung."
3,"cô nhiệt tình , hoà đồng với học sinh .","cô nhiệt_tình , hòa đồng với trẻ em đi học .","Cô ấy nhiệt tình, cô ấy hoà đồng với học sinh."
1,điều kiện vật chất chưa được đầy đủ .,điều_kiện vật_chất chưa được sung túc .,- Không đủ điều kiện vật chất.
3,thầy chuẩn bị tài liệu thực hành cho sinh viên tốt .,thầy sắp đặt tài_liệu thực_hành cho sinh_viên tốt .,Ông chuẩn bị tài liệu thực tế cho các học sinh giỏi.
2,cho thi giữa kỳ .,cho làm bài kiểm tra giữa kỳ .,cho kỳ thi giữa kỳ.
3,"vui vẻ , cởi mở .","vui tính , cởi_mở .","Hãy vui vẻ, cởi mở."
1,tiếp xúc với học sinh nhiều hơn .,sự tiếp xúc với học_sinh nhiều hơn .,Bạn sẽ có nhiều cơ hội tìm hiểu học sinh của mình hơn.
3,"dạy dễ hiểu , vui tính , gần gũi với sinh viên .","dạy học dễ hiểu , vui_tính , gần_gũi với sinh_viên .","Nó dễ hiểu, vui nhộn, và gần gũi với học sinh."
1,thầy hay bận .,người giáo viên hay bận .,Tôi thường bận rộn...
2,em cám ơn !,em cám_ơn !,Cảm ơn!
1,thầy giảng còn hơi khó hiểu khó tiếp thu .,người thầy giảng còn hơi khó hiểu khó tiếp_thu .,Anh ta hơi khó hiểu.
2,cám ơn thầy fraction cô đã đọc một bài dài thế này .,cám ơn người giáo viên fraction cô đã đọc một bài dài thế_này .,"Cảm ơn, ông Parton, vì đã đọc một bài viết dài như vậy."
1,đề thi quá khó so với bài tập trên lớp !,đề thi quá khó so với bài_tập trên vỉa !,Bài thi quá khó để làm trên lớp!
2,thầy có hơi đi trễ chút xíu .,thầy có thể hơi đi trễ chút_xíu .,Tôi hơi trễ một chút.
1,"em có ý kiến như sau doubledot môn này em nghĩ là cần có nhiều tài liệu , đặc biệt tiếng việt thì càng tốt vì không phải ai cũng giỏi tiếng anh .","em có quan niệm như sau doubledot_môn này em nghĩ là cần có nhiều tài_liệu , đặc_biệt ngôn ngữ việt thì càng tốt vì không phải ai cũng có năng lực ngôn ngữ anh .","Tôi có một ý tưởng, giống như sau khi doubleot, rằng lớp học này, tôi nghĩ rằng, cần rất nhiều tài liệu, đặc biệt là tiếng Anh, điều này là tốt bởi vì không phải ai cũng giỏi tiếng Anh."
2,nhưng mà nhìn dáng thầy đi em thấy thương thương thầy .,nhưng_mà nhìn_dáng thầy ngồi tù em thấy thương_thương thầy .,"Nhưng tôi thấy thương hại cho anh, cái cách anh đi."
3,giảng viên không chỉ cung cấp những kiến thức như trong đề cương môn học mà còn cung cấp những kiến thức sâu rộng về thực tiễn cũng như nâng cao nhằm tăng cường độ hiểu biết cho học sinh .,giảng_viên không_chỉ cung_cấp những học vấn như trong đề_cương môn_học mà_còn cung_cấp những học vấn sâu_rộng về thực_tiễn cũng như đưa cao nhằm tăng_cường_độ hiểu_biết cho học_sinh .,Giảng viên không chỉ cung cấp các thông tin cần thiết trong giáo trình mà còn cung cấp kiến thức sâu rộng và thực tiễn để nâng cao hiểu biết của học sinh.
2,không có điểm nào không hài lòng .,không có điểm nào không mãn nguyện .,Không có lý do gì để không vui.
1,bài tập quá nhiều colonsmilesmile .,bài_tập quá nhiều colonsmilesmile .,tập thể dục quá nhiều...
1,theo em thì thầy hơi thụ động một tí .,theo em thì giáo viên hơi thụ_động một_tí .,Tôi nghĩ anh hơi thụ động.
2,thời gian và cách thức thầy dạy .,thì giờ và cách_thức thầy dạy .,Thời gian và cách ông ấy dạy...
1,"máy của phòng thực hành wzjwz241 khởi động visual studio chậm , bàn phím chưa tốt .","máy của phòng thực_hành wzjwz241 khởi_động visual studio tiếp thu chậm , bàn_phím chưa tốt .","Máy của phòng thực hành wzjwz241 bắt đầu phòng thu hình ảnh chậm, bàn phím không tốt."
1,"không quan tâm , không hướng dẫn , hết !","không bận tâm , không hướng_dẫn , hết !","Không, không có chỉ dẫn, hết!"
1,môn học khá khó không phù hợp .,môn_học khá khó không phù_hợp .,"Đó là một chủ đề khó, không thích hợp."
3,thầy wzjwz127 dạy rất nhiệt tình .,thầy wzjwz127 dạy học rất nhiệt_tình .,Thầy Wzjwz * 1 dạy rất nhiệt tình.
3,"thầy dạy tâm huyết , giỏi , truyền đạt được cảm hứng học tập và nghiên cứu cho sinh viên .","thầy dạy tâm_huyết , giỏi , truyền_đạt được cảm_hứng việc học và nghiên_cứu cho sinh_viên .","Ông là một giáo viên tốt, nhiệt tình, người truyền cảm hứng học tập và nghiên cứu cho học sinh của mình."
1,ít trả lời mail hỏi bài tập thực hành của sinh viên .,ít đáp lại mail hỏi bài_tập thực_hành của sinh_viên .,Ít học sinh trả lời câu hỏi về bài tập về nhà.
2,sửa bài tập .,tu chỉnh bài_tập .,chỉnh sửa bài tập.
3,"ban đầu thì em có vẻ không hài lòng lắm về giáo viên khi học môn này , nhưng sau một khoảng thời gian thì thấy cũng ổn .","ban_đầu thì em có_vẻ không hài_lòng lắm về giáo_viên khi học bài môn này , nhưng sau một khoảng thời giờ thì thấy cũng ổn .","Lúc đầu, tôi không cảm thấy hạnh phúc với cô giáo, nhưng sau một thời gian, tôi cảm thấy ổn."
2,không có ạ !,không có ạ !,Không!
2,"nếu em muốn học , em sẽ lên lớp học .","nếu em muốn học bài , em sẽ lên lớp_học .","Nếu muốn học, con sẽ đến lớp."
3,"cô dạy rất nhiệt tình , vui tính dễ hiểu .","cô dạy học rất nhiệt_tình , vui_tính dễ hiểu .","Bạn dạy với sự nhiệt tình, vui vẻ, dễ hiểu."
1,thầy thường xuyên cho nghỉ trước khi kết thúc giờ học .,thầy thường_xuyên cho nghỉ trước khi kết_thúc giờ học bài .,Anh thường nghỉ trước khi kết thúc lớp học.
3,dạy tốt đúng trọng tâm những gì cần biết .,dạy tốt đúng tâm trọng lực những gì cần biết .,"Dạy tốt, ngay từ đầu những gì bạn cần biết."
1,"nhiều chỗ thầy giải thích quá phức tạp , khó hiểu .","nhiều chỗ thầy giáo giải_thích quá phức_tạp , khó hiểu .",Tôi quá phức tạp để giải thích bằng nhiều cách.
2,thầy đưa nhiều bài tâp !,giáo viên đưa nhiều bài tâp !,Anh đã cho tôi luyện tập rất nhiều!
3,tạo động cơ học tập lâu dài .,tạo động_cơ học_tập thường xuyên .,Nó tạo ra động lực lâu dài.
1,"nội dung tiết học còn lan man , cảm tưởng như thầy đang dạy về tiếng anh chuyên ngành , chứ không đào sâu về kỹ thuật .","nội_dung tiết_học còn lạc đề , cảm_tưởng như thầy đang dạy học về tiếng anh chuyên_ngành , chứ không đào sâu về kỹ_thuật .","Nó quá dông dài, có cảm giác như anh ta đang dạy môn tiếng Anh, không phải môn kỹ thuật."
2,chương trình hiện tại chia tới 2 lĩnh vực trong một môn học .,chương_trình hiện_tại phân phần tới 2 lĩnh_vực trong một môn_học .,Chương trình giảng dạy hiện tại chia thành hai lĩnh vực trong một môn học duy nhất.
3,thẳng thắn và kiên quyết .,thật thà và kiên_quyết .,Hãy nói thẳng thắn và kiên quyết.
3,cô giảng dạy nhiệt tình và tận tâm .,cô giảng_dạy nhiệt_tình và tâm huyết .,Anh dạy với niềm đam mê và sự tận tâm.
2,bình thường với giáo viên .,trung bình với giáo_viên .,Thông thường với giáo viên...
1,không dạy bài tập cho sinh viên .,không dạy học bài_tập cho sinh_viên .,Không có bài tập về nhà cho học sinh.
3,"thầy dạy hay và rất vui , ngoài các kiến thức môn học .","thầy dạy hay và rất cuốn hút , ngoài các kiến_thức môn_học .","Ông dạy tốt và vui vẻ, ngoài các vấn đề."
2,cho bài tập mỗi tuần .,cho bài_tập mỗi tuần lễ .,để tập thể dục hàng tuần.
2,"phần cho điểm , nội dung ôn thi .","phần cho điểm , nội_dung ôn_thi .","bảng điểm, nội dung đánh giá."
2,em cảm ơn .,em tạ ơn .,Cảm ơn các bạn.
2,có đề cương cơ bản chung .,có đề_cương căn bản chung .,có một dàn ý chung.
1,chưa để ý đến sinh viên .,chưa lưu ý đến sinh_viên .,"Không, không, không, không."
2,phương pháp giảng dạy .,biện pháp giảng_dạy .,Phương pháp dạy học.
