label,content
4,cô rất yêu nghề và thương sinh viên .
3,"phòng học số lượng sinh viên nhiều , nhưng chỉ có quạt trần , cần trang bị thêm máy lạnh ."
2,đều đều không rõ nghĩa .
1,"em đã nán lại thêm nhưng thầy đi qua đi lại bảo 2 , 3 lần nên em đã về ."
3,"trang thiết bị cần được hỗ trợ tốt hơn , chất lượng máy chiếu không được như ý , khá mờ làm chất lượng thuyết trình và việc giảng dạy không được tốt ."
1,"thầy dạy hơi lan man , diễn đạt không tốt ạ ."
1,"giảng viên nhiệt tình , vui vẻ ."
1,"giảng viên giảng hay , dễ hiểu , dễ vận dụng ."
4,sinh viên nào chê thầy thì em nghĩ sinh viên đó nên xem lại cách học của sinh viên đó .
3,tăng hiệu suất máy tính .
4,cũng bình thường .
3,cần cải tiến trang thiết thực hành .
3,đề nghị nhà trường nên đầu tư thêm cho phòng máy và cập nhật các phần mềm phục vụ cho học tập .
3,nâng cao trang thiết bị học tập .
2,có đôi chỗ cô hơi khó .
3,nâng cấp hệ thống mạng và máy tính .
2,nên có những bài tập nhỏ bám sát với lý thuyết .
3,cần thay đổi phòng học để chất lượng được nâng cao hơn .
2,em xin nhà trường xem lại bài thi anh văn đầu vào .
4,em cám ơn .
2,cần thực hành nhiều lên .
2,"cách giảng bài của thầy chưa được tốt còn thiếu sự gây hứng thú học tập cho sinh viên , đề thi môn học quá dài với lượng kiến thức cần có không phải ít khiến sinh viên khó làm bài tốt ."
2,"tên môn học là seminar các vấn đề hiện đại của công nghệ phần mềm , nhưng phần seminar của mỗi nhóm là trình bày các vấn đề của các phần mềm trong lịch sử , thời trước ."
3,"phòng thực hành thì máy bị treo , bị hư hoài , dây mạng thì cắm lúc nhận lúc không ."
2,chất lượng buổi học tốt .
2,"môn này cần tăng lên 4 tín chỉ thay vì là 3 vì mạng truyền thông và di động có kiến thức khá rộng , môn này không có thực hành nên có thực hành vì mạng di động mà không thực hành thì khá trừu tượng ."
2,cần hạn chế dạy bài giảng điện tử .
2,"đầu tư một bộ giáo trình chất lượng , dễ hiểu ."
4,khó tiếp thu !
4,có một bạn trong phòng của em học thầy ở học kỳ trước hâm mộ thầy !
4,"em thấy nó thật sự rất tốt , giải quyết sinh viên với những vấn đề trên ."
3,nên ưu tiên về cơ sở vật chất cho chất lượng cao đúng như trường đã nói .
2,giáo trình toàn dùng c không dùng cplusplus nhiều dễ gây rối trong quá trình lập trình .
3,"cần tăng thêm số lượng thiết bị , và thời gian thực hành ."
1,cô dạy hay nhiệt tình .
4,chứ nói thật là bọn em làm bài tập tại lớp không kịp ạ .
4,hội thảo nhiều hơn .
2,chưa có nhiều kinh nghiệm về kiến thức .
4,không thực hành được buổi nào .
2,hình thức thi nên là đề mở hoặc trắc nghiệm đề đóng .
4,em không có ý kiến về mục này ạ .
4,cũng ổn .
4,không biết .
1,thầy nên giải thích kỹ hơn .
2,nội dung thực hành và lý thuyết phải sát nhau .
1,giảng viên giảng dạy nhiệt tình và tạo sự hứng thú cho sinh viên .
3,"phòng thực hành cần nâng cấp các bộ kit , thực hành chưa hiệu quả ."
1,chỉ dạy nhiệt tình .
3,trời quá nóng mà không có đủ không khí mát mẻ .
4,đồ họa máy tính là môn có hình thức thực hành 1 .
1,"giảng viên dạy rất tốt , nhiệt tình , khả năng sư phạm cao ."
4,thú vị .
2,"rất nhiều sinh viên không biết "" thực hành này để làm gì "" khi chỉ lên lớp , chạy chương trình có sẵn , chụp ảnh từng bước và dán vào báo cáo mà không biết chương trình chạy đúng hay sai , làm sao để sửa , có những hàm hỗ trợ nào ."
4,"thoải mái , có hiệu quả ."
2,nên thời gian thực hành được phân công từ tiết 1 đến tiết 3 mỗi tuần là hơi ít .
3,"máy chiếu rất mờ , ngồi học lớp 100 người những bạn ngồi cuối hoàn toàn không thấy slide ."
3,âm thanh phòng học wzjwz238 còn quá nhỏ nên khiến thầy thường nói không micro .
1,giáo viên tạo được cảm giác ham học và nhiệt tình với học sinh .
3,cải thiện cơ sở vật chất và thiết bị dạy học .
4,trình bày slide bài giảng rõ ràng hơn .
1,"giáo viên lên lớp đúng giờ , giảng bài sôi động ."
2,kết hợp lý thuyết và thực hành .
4,chưa thực sự tốt .
2,"bài tập nhiều , đa dạng ."
4,chưa rõ mục tiêu và các bước thực hiện bài tập truy vấn dbpedia và tạo ontology .
4,em xin cảm ơn .
4,và rất hiểu sinh viên .
3,"phòng lab còn chạy visual studio 2008 , không biết viết code kiểu gì lên đó nữa , đây cũng là cái ảnh hưởng tới kết quả thi thực hành của nhiều sinh viên quen sử dụng với chuẩn visual studio 2015 ."
2,cần đẩy mạnh tiếng anh liên quan đến ngành .
4,nên tổ chức thêm những buổi hội thảo liên quan đến nội dung môn học .
1,"em biết điều này rất tế nhị và khó cải thiện , đó là việc nghe giảng của em bị hạn chế vì em không nghe được chất giọng fraction tiếng của giảng viên nên hay bị mất kết nối kiến thức giữa chừng trong khi nghe giảng ."
1,"giáo viên dạy tận tâm , dễ hiểu , vui vẻ !"
1,"nhiệt tình , đề cương đầy đủ ."
2,kiến thức thực tế .
2,"đề thi giữa kỳ do giảng viên ra có 15 câu trắc nghiệm nhưng lại có 3 câu ra sai đáp án , trong đó có 1 câu giảng viên không biết câu nào sai và vì sao sai , phần tự luận ra sai câu trigger ."
4,sinh viên trường wzjwz80 chúng ta hoàn toàn không được đánh giá cao so với sinh viên của wzjwz81 và wzjwz82 .
3,"lớp học rộng rãi , giãng viên dạy nhiệt tình ."
2,"hoặc đưa ra những kỹ năng chuyên môn cần phải biết để làm việc trong ngành vì ngành công nghệ thông tin rất rộng ví dụ làm về mảng web thì cần biết php , html , cs , js hay làm về hệ thống nhúng thì cần c ."
1,"thầy dùng quá nhiều thời gian để ghi bài tập trên bảng , em nghĩ thầy nên danh thời gian hướng dẫn bài tập kỹ hơn ."
1,thầy hay up slide lên wed trường rất chậm ( thứ 3 học thì thứ 2 thầy mới up ) .
4,em không có bất kỳ điều gì hài hòng .
3,máy chiếu phòng wzjwz11 chất lượng quá kém .
2,có nhiều ý tưởng cho tiết học thêm sinh động .
2,"môn này chẳng hỗ trợ it gì cả , nên dạy qua loa thôi để sinh viên tập trung các môn khác !"
1,nói chung thầy wzjwz196 dạy toán là tuyệt .
4,giúp em biết được một phần thực tế của công việc sau này .
4,"hình thức đánh giá , chấm điểm giữa các nhóm , đánh giá bản thân , nhóm khách hàng ."
3,"phòng máy quá nóng , nhỏ , trang thiết bị ít , máy rất cũ , hư nhiều ."
2,không nên ràng buộc về kỹ thuật sử dụng trong báo cáo .
1,"dạy hời hợt không tập trung , nhiều vấn đề về kiến thức của sinh viên không giải quyết hoặc chưa đưa ra được cách giải quyết hay ."
2,lý thuyết liên hệ với thực tế dễ hình dung và hiểu rõ vấn đề .
1,"giảng viên dạy dễ hiểu , bài tập hay , tận tình ."
1,dạy toàn tiếng anh .
4,không rõ .
1,cơ sở vật chất của trường còn khá kém và thiếu các hoạt động ngoại khóa .
1,nói hơi nhanh .
4,em xin góp ý như thế ạ .
2,không nên dạy các môn toán trong giảng đường do khó quan sát bảng .
1,"thầy khá vui tính , kiến thức môn học rất hấp dẫn và thu hút ."
1,chấm điểm thi thực hành quá khắt khe .
1,thầy không cho slide và lên lớp chủ yếu là chép slide .
1,thầy dạy rất hay và đưa nhiều kinh nghiệm cá nhân .
4,chỉ có vấn đề là em chưa cố gắng .
4,và còn rất nhiều vấn đề khác .
4,em không có ý kiến về vấn đề này .
2,"nên có các buổi ra ngoài tiếp xúc ví dụ như quận 1 có các người nước ngoài , trung tâm văn hóa thanh niên có câu lạc bộ tiếng anh ."
4,"hơn nữa , buổi thứ 2 nếu các nhóm làm chung buổi 1 nghỉ dẫn tới tình trạng không có người hợp tác ."
2,kiến thức còn kỳ kỳ .
3,trang bị thêm thiết bị nghe nhìn .
2,"bài giảng hấp dẫn , mang tính cập nhật và ứng dụng cao ."
2,"nội dung thực hành chỉ là copy và paste , chưa tập trung vào nội dung giảng dạy ."
2,chất lượng môn học phù hợp .
3,"phòng anh văn gần với công trình đang thi công , mong nhà trường sắp xếp để có phòng học yên tĩnh ."
3,nên dạy thực tế hơn một chút và máy chiếu nên rõ hơn .
2,tăng cường buổi học .
2,tăng thời gian thực hành .
2,"như vậy , chất lượng dạy và học sẽ được nâng lên đáng kể ạ ."
2,"cần có nhiều tài liệu để học hơn , có các trò chơi để sinh viên dễ hiểu bài hơn ."
2,cụ thể là phần chấm điểm giữa kỳ .
1,giáo viên tốt .
2,cần thực hành môn học nhiều hơn .
2,"em hy vọng là nội dung bài học sẽ cập nhật các phiên bản công nghệ mới , gần đây nhất ."
1,thầy dạy rất chán .
4,rất ít người học thực hành môn cấu trúc dữ liệu & giải thuật .
4,everything .
4,dẫn chứng thực tế .
3,"em thấy bất cập là khi giải bài trên bảng ở giảng đường 1 , khoảng cách thì xa trong khi chữ viết của sinh viên lại rất mờ và nhỏ , khó có thể thấy rõ ."
3,dụng cụ học tập đầy đủ .
1,thầy dạy khá kỹ .
1,sử dụng slide tiếng anh khó diễn đạt với sinh viên .
4,"em không thể đi học môn wzjwz75 , nên học kỳ này sẽ nợ môn này ."
3,"lại dùng visual studio 2005 nên tôi xin có ý kiến về việc nâng cấp bản visual studio lên 2008 , 2010 để việc học và thi trở nên dễ dàng , hiệu quả hơn !"
2,"bài tập đa dạng , mức độ khó dễ khác nhau ."
1,em thấy cô dạy nhiệt tình .
3,hệ thống máy chiếu cần cải thiện .
2,tài liệu hay và chia sẻ nhiều kinh nghiệm học .
2,"phần pl fraction sql , quản lý , phân quyền ."
1,"thầy giảng bài dễ hiểu , vui tính , sẵn sàng giải đáp thắc mắc của sinh viên ."
3,hỗ trợ thêm tài liệu cho sinh viên .
1,"thầy hơi khắc khe , nhưng đây không ghép hoàn toàn vào mục này ."
2,"cần xem xét lại khi đặt ra những yêu cầu về chấm chéo đồ án các nhóm cũng như trong lớp doubledot quá nhiều yêu cầu , nhiều việc phải làm trong thời gian ngắn dẫn đến sự chuẩn bị không tốt từ các nhóm , vdotv ."
3,các phòng máy nên được cài đặt phần mềm liên quan đầy đủ hơn .
1,"giảng viên theo sát chuyên cần lớp , giảng dễ hiểu ."
3,"nhiều máy còn bị nhiễm virus , chậm , đôi khi làm hỏng phần mềm thực hành ."
1,"thầy truyền đạt kiến thức tốt , phương pháp hiệu quả để em tiếp thu được môn học ."
2,1 chỉ thực hành chỉ còn ý nghĩa tượng trưng .
3,có nhiều trang thiết bị giảng dạy hơn .
4,em thật sự không nắm được nội dung và yêu cầu của môn học .
2,"đồ án cho sinh viên làm rất mơ hồ , đa số không thể hiểu được giáo viên đang yêu cầu làm gì ."
3,"đề nghị trường triển khai hệ thống user để quản lý tốc độ cũng như sinh viên nào đang tải phim , soft , vdotv ."
4,em cảm ơn !
4,thì có thể lướt nhanh hơn vì phần này khá dễ .
3,cần có các tiết thực hành với trang thiết bị hiện đại .
4,nếu kết thúc thực hành sớm .
1,"thầy cho nhiều bài tập hay và rộng hơn khi học lý thuyết , giúp em biết thêm nhiều thứ hơn ."
1,"giáo viên dạy hay , nhiệt tình và cập nhật các kiến thức bên ngoài vào trong bài giảng ."
2,"vừa đọc slide vừa giảng , dễ gây buồn ngủ và hơi khó hiểu ."
2,cô hỗ trợ sinh viên khá nhiều .
1,đến hôm tiếp theo thì thầy lại nạp cho bọn em nhiều kiến thức mới dẫn đến khó hiểu hơn .
1,chương trình dạy hơi nhiều .
2,môn học cung cấp nhiều kiến thức bổ ích .
1,giảng viên dễ tính gần gũi với học sinh .
4,riêng bản thân em nhận thấy mình có thể học môn này mà không tham gia học đầy đủ trên lớp .
3,"cần có một phòng máy tốt hơn , hiện đại hơn ."
2,"em nhận thấy , môn này học xong hầu như là vẽ mô hình , thi cuối kỳ cũng vẽ mô hình toàn tập ."
2,không có bài ví dụ mẫu trong slide cũ ở nhiều chương khó cho việc ôn tập !
4,cần hiểu rõ thêm cách kết nối prolog với c .
2,thời gian các tiết thực hành cần phân bổ phù hợp với thời gian lý thuyết vì thường thì những bài thực hành đi sớm hơn so với bài lý thuyết kể từ những tuần khoảng giữa nên giảng viên hỗ trợ thực hành không thể cho sinh viên thực hành phần đó .
2,sinh viên không được cung cấp nhiều tài liệu cho môn học ngoài slide của giảng viên cung cấp .
2,chất lượng của môn học rất tốt .
2,"môn này rất chán , giáo viên dạy cũng chán , nói chung vô cùng không hài lòng với môn này ."
2,các dùng từ ngữ của giảng viên có hơi khó hiểu nên thỉnh thoảng giảng bài làm sinh viên bối rối và không hiểu được nội dung bài học .
3,cần có nhiều buổi thực hành trên thiết bị thật hoặc giảng viên nên đem thiết bị thật làm vài bày mẫu trên lớp .
1,người thậy nhiệt huyết dù học sinh không đi học đầy đủ .
4,cũng hài lòng .
3,riêng trang thiết bị quá kém .
4,không có gì đặc biệt .
3,"thiếu trang bị , dụng cụ thực hành cần thiết , không đáp ứng đủ thời gian giảng dạy do vắng tiết ."
2,phải nghe những thứ mà chưa được thấy thì thật khó mà tiếp thu .
4,em không có ý kiến gì cả .
3,lớp học khá chật so với số lượng sinh viên .
2,môn học cần tổng hợp các kiến thức vào đầu năm để sinh viên có thể nắm bắt theo dõi khi không may nghỉ học một buổi vì lý do chính đáng .
3,wifi yếu .
2,tài liệu cho môn học còn hạn chế .
3,có nhiều thời gian chết trong giờ học .
1,đề án soạn thảo kỹ càng .
3,phòng lab cần có thêm thiết bị thật để thực hành .
4,"em sẽ nợ môn này , nhưng em sẽ học lại ở các học kỳ kế tiếp ."
4,cám ơn ạ .
1,giảng viên luôn đúng giờ và nhiệt tình .
1,thầy rất tận tình trên lớp và trong định hướng cho sinh viên .
3,"cần tăng số buổi thực hành cũng như trang bị thêm trang thiết bị như mua thêm nhiều switch , router , hub , bridge , trong phòng ngồi học mà ít bụi và nòng đi thì tốt hơn , vdotv ."
4,biết làm bài tập của môn học nhưng không hiểu nó liên quan gì đến thực tế .
4,mọi thứ đều tốt .
1,nên giao nhiều bài tập ngữ pháp về nhà cho sinh viên .
3,"máy chiếu của phòng bị mờ , nên sửa lại ."
3,nâng cấp quạt trần và máy chiếu của phòng học !
4,em nghĩ sẽ hiệu quả hơn nhiều .
3,phòng wzjwz55 thiết bị thường bị trục trặc .
2,thật sự em rất mơ hồ về môn học này .
2,cần làm nhiều bài tập hơn .
1,rất quan tâm học viên .
3,"cần có các thiết bị di động thật để sinh viên thực hành khi cần thiết , vì các chương trình mô phỏng trên máy tính là không đầy đủ ."
1,sữa lỗi cho sinh viên .
4,"cả 3 , 4 buổi thực hành theo hình thức 2 môn này có thầy cô này tham gia hay hướng dẫn buổi nào đâu mà đánh giá , chỉ có mỗi thầy wzjwz43 thôi ."
3,bởi vì trong một số trường hợp sinh viên làm bài thi thì máy tính của trường không đáp ứng đủ nhu cầu của sinh viên phải đủ nhanh .
4,kêu sinh viên nếu có thời gian thì đi dự seminar nhưng lại bắt viết bài thu hoạch lấy điểm .
2,chương trình giảng dạy tốt .
4,rất thú vị .
4,"cô rất dễ thương , hiền nữa ."
4,không thực tế .
1,"thầy dạy cứng nhắc , buồn ngủ ."
3,chất lượng phòng máy kém .
3,"phòng thực hành nên bố trí hợp lý , đủ máy móc thực hành ."
1,cách giảng dạy có hiệu quả giúp sinh viên hiểu được vấn đề về chiều sâu hơn .
4,tất cả điều hài lòng .
3,cần wifi mạnh thêm cho dãy nhà cũ .
3,năng cấp phòng máy .
3,trang thiết bị tốt hơn .
1,"chưa tận tâm trong giảng dạy , không nghiên cứu kỹ bài giảng trước khi lên lớp ."
3,nhất thiết phải đảm bảo yêu cầu về cơ sở vật chất phù hợp với môn học .
4,"chép bài trên bảng nhanh , giảng hơi nhanh ."
1,giảng dạy tận tâm .
1,thầy nói nhanh quá .
1,nhiệt tình giải thích cho sinh viên .
2,mong bộ môn xem xét lại cấu trúc bài thi và chương trình cần dạy .
3,phòng thực hành cần được nâng cấp .
2,do học buổi trưa cả thầy và trò đều mệt .
1,hòa đồng .
2,nhiều lúc lớp chỉ có hai người đi học .
3,"máy tính của phòng thực hành không đáp ứng được nhu cầu môn học , giảng viên yêu cầu tự làm trên laptop và mang lên phòng thực hành chấm điểm , vậy phòng thực hành là phòng chấm điểm ?"
1,cách giảng dạy của thầy rất tuyệt vời rất sát với thực tế .
1,phương pháp dễ hiểu .
3,nên có nhiều thiết bị trực quan hơn .
1,đảm bảo đúng thời gian lên lớp của giảng viên !
3,nên trang bị rèm che cửa .
4,bị áp lực .
1,giảng viên tạo sự thu hút đối với sinh viên .
4,không có ý kiến gì thêm .
1,nên tổng hợp ý chính các bài để ôn .
4,theo em nghĩ là quá nhiều cho 2 tín chỉ .
3,phải nâng cấp quạt và máy chiếu !
1,"thầy dạy rất hay , nhiệt tình ."
2,"không áp dụng vào đời sống nhiều , phân chia thời gian học chưa hợp lý ."
1,giảng viên vui nhiệt tình .
1,"thầy giáo nhiệt tình , đưa ra nhiều trường hợp cho thuật toán ."
3,phòng thực hành thiếu ổ cắm .
2,"em xin có kiến nghị là nội dung môn học nên gắn bó hơn với nội dung các bài tiểu luận , kiểm tra ."
3,cần kết nối được mạng trong phòng lab .
4,trên đây là ý kiến về các vấn đề em nhận ra sau khi học .
4,tiếng anh .
4,nên đưa ra các vấn đề thường gặp .
4,chưa hài lòng .
3,thiết bị .
4,biết về các công cụ quản lý cấu hình và quản lý dự án theo agile .
1,chưa có sự tương tác nhiều với sinh viên .
3,"phòng học quá sáng , màn chiếu bị mờ rất khó nhìn , xin ban quản lý lắp rèm để sinh viên và giảng viên thuận tiện trong việc học tập và giảng dạy ."
1,"truyền đạt dễ hiểu , nhiệt tình giảng bài , dễ mến ."
4,em thấy ổn ạ .
4,chép hơi nhiều .
4,khả năng nói tiếng anh tốt .
1,"thầy rất nhiệt tình , giảng rất kỹ càng ."
1,thầy nói tiếng anh còn hơi nhỏ .
3,"có vài máy hư trong phòng thực hành , cần khắc phục lại ."
4,"vì đôi khi một đề lâp trình nào đó có thể người này đã làm qua rồi , người khác thì chưa hề đọc qua kiến thức ấy trong khi thời gian làm bài chỉ có 60 phút ."
2,thêm các tiết dạy thực hành .
3,cần nâng cao chất lượng trang thiết bị .
4,hoạt động tổ chức thuyết trình .
1,thầy bận công tác và thay giảng viên khác mà giảng viên đó dạy không tốt bằng thầy wzjwz292 làm chúng em rất khó nắm bắt kiến thức .
2,em nghĩ nên có giờ giao tiếp bằng tiếng anh riêng cho sinh viên để cải thiện được khả năng giao tiếp của sinh viên .
2,"đến lớp muộn 15 phút , ra sớm từ 15 đến 30 phút ."
4,"hiện tại tốt , không cần điều chỉnh gì thêm ."
1,cô không sử dụng hệ thống course của trường .
2,chất lượng môn học đã phục vụ tốt sinh viên .
4,không phải là môn đi học .
4,quả không sai !
4,đó là tại sao .
1,"thầy dạy tốt , nhiệt tình ."
4,không có điều gì .
2,nên bỏ phần thi lý thuyết .
2,cho về sớm .
2,"bài giảng hay và hiệu quá , bài tập bám sát kiến thức ."
2,nhóm trưởng không làm thì đồ án bỏ không .
1,"giảng viên giảng dạy hay , dễ hiểu , nhiệt tình ."
3,máy tính khó sử dụng .
1,giảng viên nên giảng bài cụ thể hơn .
2,buổi học cuối cùng trước đợt thi cuối kỳ chưa nói rõ về nội dung sẽ được thi .
1,"giảng dạy kỹ , hỗ trợ sinh viên ."
3,"hỗ trợ thêm cơ sở vật chất , thiết bị thực tế ."
3,máy chiếu còn chưa tốt .
2,"không có hoạt động nhóm , bài tập ít ."
1,cho nhiều bài tập .
1,"thầy gần gũi thân thiện nhiệt tình , nhất là khi muốn phúc khảo bài thi ."
1,không được làm những chuyện riêng trong lúc dạy thực hành .
1,"cô dạy với nhiệt huyết của mình , dù như thế nào , cô vẫn luôn mỉm cười và kiên trì giảng bài cho chúng em đến khi chúng em hiểu ."
1,"giảng viên hiền lành , nhiệt tình giúp đỡ khá nhiều cho sinh viên khi sinh viên không hiểu bài ."
1,"thầy không quan tâm đến việc học của sinh viên , nhiệm vụ của thầy là lên lớp đọc slide cho các bạn khác nên trình trạng sinh viên nghỉ rất nhiều ."
1,"dạy chậm về kiến thức , chưa hoàn tất chuyển c sang cplusplus ."
2,"cung cấp thêm giáo trình , tài liệu môn học ."
3,cải tiến trang thiết bị phòng thực hành .
3,tăng cường chất lượng wifi cho các phòng lab .
3,đề nghị lắp thêm quạt .
4,ôm đồm quá nhiều kỳ vọng .
4,mức độ quan tâm học sinh rất cao .
3,cần cải thiện hệ thống âm thanh vì đôi lúc gặp trục trặc và không rõ .
3,hỗ trợ thêm về các thiết bị dạy và học .
3,phòng học và các thiết bị giảng dạy cần được nâng cấp tốt hơn .
4,"nói chung là thua , feed môn , ráng qua 5 điểm cho khỏe ."
1,"giảng viên tận tâm , nhiệt tình , có khả năng truyền đạt tốt ."
2,áp dụng nhiều kiến thức thực tế .
2,quá ít bữa thực hành .
2,nội dung môn học khá khó để tiếp thu .
4,cảm giác như là cấp 2 học nhạc và vẽ vậy .
2,nên tăng tỷ lệ của đồ án môn học trong điểm trung bình lên sẽ đánh giá khách quan hơn kết quả học tập của sinh viên .
1,thầy dạy hay nhiệt huyết kiến thức về chuyên môn rộng .
4,cơ mà em học môn này em hiểu colonlove .
2,liên hệ thực tế nhiều hơn .
4,thái độ .
2,tài liệu học tập chưa được cập nhật đầy đủ .
1,có nội dung học rõ ràng hơn .
3,chiếu video lên cho sinh viên xem nhưng hệ thống âm thanh hình ảnh kém khiến sinh viên không hiểu hết được nội dung của video vào môn học .
1,anh wzjwz302 rất vui và nhiệt tình .
1,"giáo viên nhiệt tình , dạy dễ hiểu ."
2,nhiều bài tập kiểm tra năng lực qua từng phần .
1,"thầy rất nhiệt tình , giảng chi tiết ."
4,dễ trong việc tiếp xúc với thực tế sau này .
3,"phòng thực hành có rất nhiều máy bị hư hỏng , chúng em không thể sử dụng chuột được , visual thì phiên bản cũ quá , không còn phù hợp cho học tập nữa ."
4,dễ học dễ hiểu .
4,có nhiều tài liệu hay .
4,"cô nhiệt tình , dạy hay , nhiều bài tập ."
4,không hài lòng gì cả .
3,"phòng học quá nóng , máy chiếu mờ ."
2,mong nhà trường sẽ đồng nhất phần thực hành và lý thuyết .
4,hay .
3,"đặc biệt cần thông tin cụ thể về những dụng cụ nào nhà trường phải có trách nhiệm cấp cho sinh viên và giảng viên , ví dụ như có trường hợp bút lông viết bảng xài qua vài học kỳ đã khô hết mực , bút mờ không viết được nhưng giảng viên và sinh viên không biết đến đâu để đổi hay thay bút mới nên dẫn đến có giảng viên đành nói chay , không ghi chép được gì , hoặc phải tự đi mua bút viết bảng mới để viết ."
1,giảng viên cho bài tập để làm .
2,cần tăng cường phần nghe nói hơn đọc viết .
3,nên tăng hiệu suất của máy .
3,"máy móc trong phòng còn gặp trục trặc , phòng học rất bụi do lâu ngày không được dọn dẹp , máy cấu hình còn yếu ."
4,nghiên cứu khoa học .
1,"lịch bù không rõ ràng , không ôn tập , dạy không kịp chương trình , đăng video cho sinh viên xem lại ."
3,thiết bị giảng dạy chưa tốt lắm .
2,sinh viên gặp khó khăn khi làm giao diện và xử lý chuỗi khi làm đồ án .
2,cần nêu rõ mối liên hệ giữa môn này với chuyên ngành đang theo học .
3,thiếu thiết bị thật để thực hành .
3,máy chiếu rất mờ .
1,thầy cho bài tập hơi khó .
3,"micro và các thiết bị âm thanh , máy chiếu cần nâng cấp ."
1,thầy giảng dễ hiểu nhưng chưa có sự liên kết giữa các bài với nhau .
4,không có ý kiến thêm .
1,đặc biệt với sự hướng dẫn của thầy wzjwz162 .
4,"dạy rất dễ hiểu và nhiệt tình , em rất thích cách giảng dạy của cô ."
1,"phương pháp thầy cho các bạn thuyết trình trên lớp cũng không khả quan , một buổi học đến 4 nhóm thuyết trình về 4 chủ đề khác nhau ."
4,em thấy việc này khá bổ ích .
1,giảng viên cần cung cấp rõ tài liệu thi lý thuyết bộ môn patin .
2,"em đã đi làm , em không phủ nhận những kiến kiến nền tảng trên trường đại học nhưng thực sự tụi em phải trải qua quá trình đào tạo rèn luyện lại để phù hợp với môi trường doanh nghiệp ."
4,không !
4,chúc thầy nhiều sức khỏe !
3,đề nghị có màn che bớt ánh sáng .
3,ic được cấp thường hư một phần .
2,cần tập trung giảng dạy những phần có liên quan đến chuyên ngành sau này hơn .
2,"tiết học rất vui nhộn , tăng thêm tinh thần đi học cho sinh viên ."
3,cần nâng cao chất lượng phòng máy .
2,"sử dụng thư viện của standford , dùng các câu lệnh trong đó để áp dụng vào việc phân loại văn bản ."
2,cần thêm nhiều các ví dụ minh họa .
1,tiếng nói .
4,dễ hiểu .
2,có ít bài tập .
4,trừ những điều không hài lòng một chút thì trên cả tuyệt vời colonhihi .
1,rất nhiệt tình và giảng bài dễ hiểu .
2,"nói chung , tôi và bạn bè sau khi học môn nay đã từ bỏ lập trình android ."
2,cần tăng cường nhiều biện pháp trừng phạt khi sinh viên không làm bài tập .
2,"chứ chép bài tập rất mất thời gian , đã thế mỗi lần chép là mấy chụp bài !"
3,"thiết bị về máy chiếu chưa được tốt , mong nhà trường tạo điều kiện ."
1,"giảng viên nhiệt tình , vui tính ."
1,"tận tâm , đúng giờ ."
1,thầy giảng bài .
2,"cần bổ sung thêm các game vào môn học , học anh văn mà không có game thì nói thật ra là rất dễ chán và buồn ngủ ."
3,bàn ghế còn bụi .
2,có nhiều bài tập về nhà .
4,em xin lỗi nhưng đó là sự thật .
2,"so vời những môn học khác , môn học của thầy chiếm hơn 50% thời gian làm bài tập trong một tuần của bọn em , làm cho tụi em cảm thấy không hoàn toàn thực tế em nghĩ nếu để thời gian làm bài tập đó để củng cố đồ án thì tốt hơn rất nhiều ."
4,em xin chân thành cảm ơn !
2,nhưng điều đáng nói là điểm thi lại cao hơn những bạn thi đậu lần đầu và điểm này được lấy cho các bạn đó .
3,nhà trường cần trang bị máy chiếu tốt hơn được không ạ .
1,đảm bảo về mặt giờ giấc .
1,giảng viên nhiệt huyết .
2,thành thật mà nói thì sau khi học buổi đầu xong thì em không muốn học thêm buổi thứ hai .
3,"đề nghị trang bị thiết bị vật chất tốt hơn doubledot quạt , máy chiếu ."
4,không gặp mặt .
3,"phòng lab thực hành cơ bản vẫn còn thiếu chất lượng , máy yếu , trường mình vẫn còn xài màn hình crt nản , mang danh trường công nghệ thông tin ."
4,mong nhà trường xem xét lại .
4,"rất tốt , không có ý kiến ."
3,"nâng cấp trang thiết bị phòng học doubledot máy chiếu , quạt ."
3,hệ thống máy tính còn yếu kém .
4,từ đó bọn em khó mà có được nhiều kiến thức về môn học này .
2,tôi nghĩ trường cần thêm nhiều giảng viên bộ môn toán lý để thêm sự lựa chọn cho sinh viên .
4,nên có sự so sánh phản hồi về phương pháp lập trình của sinh viên .
3,"chất lượng âm thanh chưa tốt , còn quá rè ."
1,"thầy nhiệt tình , tận tụy , vui vẻ ."
1,tâm huyết nhiệt tình giảng dạy .
2,"bài tập nhiều quá , không phù hợp lắm ."
1,quan tâm giúp đỡ và luôn nhiệt tình khi học sinh hỏi bài .
2,cần tăng thời gian học .
1,"cô dạy hay , dế hiểu ."
1,em phải nói thật thầy dạy hơi buồn ngủ .
1,nhiệt tình luôn cố gắng giúp đỡ sinh viên .
3,"tránh tình trạng giảng viên đang dạy thì hết phấn , micro hết pin ."
1,"hầu như trong cả năm học , giảng viên chỉ đi dạy đúng thời khoá biểu chỉ từ 2 đến 3 ngày , còn lại giảng viên lại tự ý dời lịch học sang ngày thứ 7 mà không hỏi ý kiến của sinh viên , vì vào ngày thứ 7 có rất nhiều sinh viên có lịch học môn khác ."
1,truyền đạt bài dễ tiếp thu .
3,cơ sở vật chất của trường nên được đầu tư làm mới và hiện đại hơn .
1,hy vọng thầy cho nhiều bài tập hơn .
4,chơi trò chơi .
4,đươc biết nhiều cái mới lạ .
2,"nên cho bài tập thực tế quản lý thời gian cuộc đời , sắp xếp thời gian làm việc , học tập , yêu đương hợp lý ."
3,phòng thực hành cần nâng cấp và bổ sung thêm thiết bị để mọi người đều có điều kiện thực hành thực tế nhiều hơn .
2,cần bỏ môn xác suất thống kê thay bằng học lập trình trực quan để sinh viên có thể dễ tiếp thu kiến thức .
2,do gộp cả cấu trúc dữ liệu 1 và 2 vào trong cùng 1 học kỳ nên lượng kiến thức khá nhiều .
4,sự nhiệt tình vui vẻ .
3,phòng thực hành wzjwz53 cần được nâng cấp .
3,có nhiều thời gian bị chết trong lúc học .
1,"giảng viên nhiệt tình , tận tâm nên em không có ý kiến ."
3,nâng cao chất lượng cơ sở vật chất của trường .
2,"nộp báo cáo sau khi thực hành , đăng lịch học lên moodle ."
1,"thầy chỉ giảng những kiến thức có trong slide bài giảng , trong khi nội dung môn học có bài tập nhưng sinh viên không được hướng dẫn kỹ về cách làm bài ."
4,"em ở nhà tự học , thi thực hành vừa rồi cũng được 10 điểm ."
3,"phòng học thực hành quá bé , bụi và bẩn , hệ thống máy tính không sử dụng được ."
2,như vậy có đảm bảo được chất lượng giảng dạy không .
4,em không có gì thắc mắc .
3,mong nhà trường sắp xếp các phòng học yên tĩnh hơn .
3,"em học ở phòng mà bên cạnh là công trình đang thi công , khá là ồn ào , vì thế khi học đến phần nghe , em không thể nghe được gì , và bài nghe bị gián đoạn ."
3,đặc biệt là micro và máy chiếu còn trục trặc nhiều .
2,"quá nhàm chán , không nâng cao được kiến thức ."
4,số lượng sinh viên trong một lớp quá lớn .
4,tất cả các hoạt động trên lớp .
3,"thiết bị và dụng cụ thí nghiệm tại phòng lab còn nhiều hạn chê , hư hỏng nhiều , không đáp ứng được nội dung thực hành ."
2,"giáo trình tốt , kiến thức trọng tâm ."
3,"mong ban quản lý cơ sở ý kiến giúp chúng em , em xin cảm ơn !"
3,thiếu kinh nghiệm truyền đạt .
1,giáo viên thường xuyên cho nghỉ học .
4,điện thoại không liên lạc được .
4,"đến cuối kỳ thì thật sự kiến thức để bọn em đi thi chỉ bằng 1 fraction 10 kiến thức thầy dạy , thậm chí là ít hơn cũng có thể ."
4,không dám ý kiến .
2,nên có kho tài liệu và bài tập mẫu cho sinh viên tham khảo .
2,"môn căn bản mà thầy không dạy cho sinh viên kỹ , gây không hiểu , mất căn bản ."
2,hình thức thực hành 2 dường như không có tác dụng với sinh viên .
1,cô dạy rất vui vẻ .
1,"giáo viên có mời các công ty về trình bày , giúp sinh viên cập nhật kiến thức thực tiễn ."
2,tiết học vui vẻ .
4,té patin cũng đau .
2,em mong môn này có thể áp dụng nhiều hơn trong những đồ án .
1,"thầy có cách dạy hay , truyền đạt dễ hiểu , bài tập cho nhiều và cụ thể ."
2,đề cương môn học chưa được cập nhật cho sinh viên .
2,môn học rất có ích .
1,giáo viên có những đồ án sát mới mục tiêu bài học .
1,"nhiệt tình giải đáp thắc mắc của sinh viên , chu đáo , tận tâm , nội dung thực hành chuẩn bị cẩn thận và cần thiết ."
4,hoàn hảo !
3,"các máy tính của trường thường xuyên bị lỗi khi sử dụng , sinh viên thường phải mang laptop cá nhân lên làm bài hay thi cử ."
2,đôi khi bị lố giờ giảng .
4,"chúng em đã gặp khó khắn với khổ giấy nhỏ , mô hình thì lớn và phức tạp ."
4,"và não của con người không thích sự dễ dàng , nếu chỉ xử lý sự dễ dàng thì não khó có thể phát triển đến khả năng của nó ."
1,dạy hiệu quả .
1,thầy vui vẻ .
3,phòng thiếu quạt .
1,"thầy giảng rất nhiệt tình , cặn kẽ ."
4,không ý kiến gì .
1,"giảng viên giảng dạy nhiệt tình , phương pháp dạy hay , chỉ dẫn hiệu quả , bài tập làm nhiều ."
4,cực hay .
4,em tiến bộ rất nhanh .
4,học thầy được điểm cao .
2,môn học vẫn còn là một môn với nhiều lý thuyết trong slide .
2,"môn học cần được phân bố hợp lý hơn , nên để năm 4 rồi học ."
3,"do phòng học khá đông và máy chiếu không rõ , nên việc giảng viên sử dụng các đoạn code trong ide để minh họa gây khó khăn cho các sinh viên ngồi xa và hoặc mắt kém ."
3,hỗ trợ thêm giáo trình không phải slide cho sinh viên .
3,"phòng học hơi nhỏ , nên nâng cấp ."
3,cải thiện trang thiết bị .
4,em cảm ơn .
3,nâng cấp máy tính lên .
3,mong ban thiết bị sớm khắc phục ạ !
4,em xin hết ạ !
2,cần đa dạng hóa bài tập hơn .
1,"rất nhiệt tình vì học sinh , giảng dạy rất hay và hiệu quả ."
4,"cái gì không biết thì phải tự mày mò tìm kiếm , không thể cứ trông đợi lời giải đáp từ giảng viên ."
1,khá tận tình .
4,em xin chân thành cảm ơn ( xin lỗi vì máy không dùng được unikey ) !
4,listening .
3,"máy của phòng thực hành wzjwz241 khởi động visual studio chậm , bàn phím chưa tốt ."
4,giúp em hiểu ra được nhiều cái hay .
1,thầy giảng nhanh quá !
3,"cơ sở vật chất , phỏng máy không đủ phích cắm cho dụng cụ thực hành và số lượng sinh viên , máy còn tiềm ẩn nhiều virus ."
2,cần tăng cường thêm tài liệu .
3,cần trang bị thiết bị thực hành hiện đại hơn .
3,"hệ thống máy tính quá tệ , thua cả hệ thường trong khi em học chất lượng cao ."
2,"nên cập nhật đề cương giảng dạy môn học thường xuyên , kiến thức phù hợp với thực tiễn ."
4,không có hoạt động không hài lòng .
2,cần có bài tập về nhà .
4,lớp ồn đến nỗi không muốn đi học .
2,giáo trình quá ít và nội dung không khác nhau là mấy .
3,"số lượng máy phòng thực hành quá ít , phải đến 2 - 3 người dùng chung một máy ."
3,phòng thực hành quá xuống cấp .
2,tiếp thu được nhiều kiến thức .
4,giải bài tập dễ hiểu .
3,cần tăng cường chất lượng phòng máy .
2,"nội dung bài học , nội dung ôn tập thi giữa kỳ , cuối kỳ nên được cập nhật trên moodle ."
2,làm bài tập nhiều mặc dù không hiểu lắm .
4,rất hài lòng !
3,mong phòng thiết bị chuẩn bị tốt hơn .
1,"giảng viên lên lớp đúng giờ , đầy đủ ."
2,"bài giảng dễ hiểu , có kèm theo ví dụ cụ thể , thân thiện với sinh viên , giải đáp ngay khi sinh viên có câu hỏi ."
3,cải tiến phòng học nhiều thiết bị cho việc thực hành .
4,nếu không thì coi như lớp đi toi .
3,máy chiếu trong phòng học quá mờ khiến sinh viên không nhìn rõ nội dung khi trình chiếu !
3,dù sao em cũng cám ơn thầy đã dẫn dắt bọn em ở học kỳ hai này ạ .
3,theo em cần phải có phòng thí nghiệm môn này thì mới thật sự hiệu quả .
2,"sau khi đã học xong môn nhập môn điện tử , em thiết nghĩ môn học này cần có thêm những phần học về thực tế , để sinh viên chúng em có thêm động lực khi học những phần lý thuyết đôi khi "" khô khan "" và "" xa lạ "" đồng thời sẽ tạo được sự đam mê với bộ môn điện tử nói chung ngay từ những ngày đầu học "" nhập môn "" ."
3,cơ sở vật chất còn yếu kém .
1,nội dung thầy dạy bị rời rạc .
4,em xin cám ơn .
1,nhiều phần trong slide bài giảng của giảng viên không chính xác .
3,trời nóng quá và máy chiếu quá xa với lớp đông học sinh .
1,giảng dạy tập trung .
4,kỹ càng .
1,giảng viên thường không trả lời câu hỏi của sinh viền hoặc là khó chịu khi sinh viên hỏi bài .
3,máy tính cập nhật nhanh hơn .
4,"môn này em học cải thiện nhưng mà nhà trường hủy môn em xong đăng tự ý đổi lớp lại , em không biết em không đi học nên chắc chắn em rớt ."
1,"cả năm toàn học vòng lặp "" if "" "" for "" "" while "" đến bữa cuối mới lơ mơ học được struct với tạo file header mà ra đề 5 điểm trong phần đó ."
4,đó là giáo trình và tài liệu .
4,sau khi học xong 2 môn học wzjwz168 và wzjwz87 lớp do thầy wzjwz88 làm giảng viên lý thuyết và thầy wzjwz89 làm giảng viên em thấy một điều thế này .
1,cô giảng bài rất dễ hiểu .
3,nâng cao cơ sở vật chất giảng dạy .
2,giảm seminar tràn lan .
3,cần cải thiện cơ sở vật chất phù hợp với môn học anh văn hơn nữa .
4,thân !
3,"cần sắp xếp phòng học cho hợp lý hơn , kèm theo các thiết bị , công cụ chiếu ."
2,cho bài tập hay .
3,"đồng thời thiết bị ở phòng thực hành hay hỏng hóc , gây gián đoạn và ảnh hưởng tới kết quả và thời gian làm thực hành ."
4,rất hữu ích .
1,giảng viên cần cập nhập giáo trình và tài liệu môn học một cách đầy đủ hơn trước giờ lên lớp .
4,tên thầy dài quá nhưng em nhớ nó như một món quà dành cho thầy .
2,vì môn vậy lý kỹ thuật sinh viên chỉ học để lấy điểm cao kéo điểm trung bình lên thôi .
2,do môn này khó đối với em nên kiến thức thầy truyền đạt em thấy rất khó hiểu .
2,"các dạng bài tập rõ ràng , tài liệu cung cấp đầy đủ ."
1,"đầu thì thông báo là sẽ lập nhóm khoảng 5 người để seminar lấy điểm giữa kỳ , sau đó không cho seminar nữa mà thông báo lập lờ là "" có thể "" sẽ cho nhóm 2 người để là website cộng điểm , mới đây thì lại thông báo là mỗi người làm 1 website để cộng điểm ."
2,"nội dung khảo sat quá dài , nhiều mục lặp đi lặp lại , nhiều bạn khảo sát mà không cần đọc , toàn tích chàn ."
1,cô dạy tận tâm nhiệt tình .
4,lòng nhiệt tình .
1,"giảng viên nhiệt tình , phương pháp dạy khá hay ."
4,"chất lượng môn học khá tốt , giảng viên truyền đạt cho sinh viên nhiều kỹ năng có ích , phòng máy đảm bảo về số lượng máy cho sinh viên ."
4,"không có , do em không có khả năng tiếp thu đối với môn này thôi ."
3,"nên trang bị thêm các lớp thực hành để sinh viên có cơ hội thao tác trên thực tế nhà trường nên trang bị rèm cửa sổ để tránh ánh sáng làm mờ máy chiếu , gây khó khăn trong việc báo cáo đồ án cũng như dạy học ."
2,bài tập cô đảm bảo đủ và bám theo nội dung lý thuyết !
3,máy chiếu phòng wzjwz3 cần được sửa chữa hoặc thay mới để lớp có đủ điều kiện học .
2,slide dễ hiểu .
2,bài tập nên mang tính bắt buộc và cho điểm cộng thì sẽ tạo được động lực cũng như hứng thú cho sinh viên hơn .
2,"nếu có , em nghĩ mục tiêu môn học cần xác định rõ với sinh viên trước khi bắt đầu , em cảm ơn ạ !"
2,tăng thêm giờ học ngoại khoá .
4,tích cực .
1,"bên cạnh đó còn chia sẻ với sinh viên nhiều kinh nghiệm quý báu , có ích cho việc học và làm sau này ."
3,"phòng máy chất lượng kém , rất chậm , liên tục mất điện trong quá trình thực hành ."
4,em học it002dotf23 thực hành 2 chứ không phải thực hành 1 .
3,cải thiện chất lượng các phòng máy và kết nối mạng .
3,"cô rất nhiệt tình trong hoạt động giảng dạy , công bằng trong đánh giá , rất quan tâm đến sinh viên ."
4,sinh viên có thể hiểu bài và áp dụng vào bài tập .
3,"phòng học còn thiếu chất lượng , trời nóng nên bố trí thêm quạt cho dãy hai bên phòng ."
3,"đồng thời , phòng học được phân bổ không hợp lý với những lớp học về trưa , phòng khá nóng bức , quạt cũng không mát , máy chiếu khá mờ và cửa khó đóng mở khi trời mưa hoặc khi quá nắng ."
3,"phòng thực hành thường xuyên không mở đúng giờ , hy vọng giáo viên mở cửa đúng giờ ."
4,hy vọng ý kiến của em được xem xét !
1,cô dạy buồn ngủ quá .
3,thêm hệ thống ổ điện ngầm dưới nền nhà để tiện cho việc sinh viên có thể cắm laptop phục vụ học tập .
3,"sử dụng slide , máy chiếu ."
3,lớp wzjwz1 nên được học ở phòng máy tốt hơn chút xíu được không ạ .
4,nhàm chán .
2,"còn khắt khe điểm quá , cho kiểm tra quá nhiều ."
1,một số phần thầy chưa nói rõ gây khó khăn cho việc tìm hiểu .
2,đảm bảo phần kiến thức cho sinh viên đạt được .
2,slide up đầy đủ trước mỗi buổi học .
1,thầy khó quá .
3,"phòng học không đáp ứng đủ nhu cầu học tập của sinh viên , máy chiếu khá mờ ."
4,không chỉ phần mềm .
2,"chẳng hạn , sinh viên chuyên ngành mạng thì không nên quá đào sâu vào nội dung mà chỉ cần đưa ra những nội dung nền tảng , cần thiết nhất ."
1,"giáo trình anh văn chưa phù hợp , gây chán vì nhiều kiến thức đã biết qua rồi ."
4,cần có nhiều trò chơi vận động hấp dẫn .
1,"giảng viên gần gũi với sinh viên , giải đáp các thắc mắc của sinh viên ."
1,thầy giảng dễ hiểu và rất kỹ .
4,lớp học trầm .
3,các phòng lab cần có wifi đủ mạnh để phục vụ tốt cho quá trình thực hành .
2,nếu muốn học em sẽ lên lớp nhưng nếu như có việc bận hay vì nhiều lý do như buồn ngủ chẳng hạn thì em cũng nghĩ cô không muốn thấy rằng sinh viên của mình vẫn điểm danh đều mặc dù lên lớp chỉ ngủ .
1,cô giảng nhiệt tình .
4,hợp tác .
4,không có ý kiến chất lượng môn học vừa đủ cho mọi sinh viên .
1,giúp đỡ tận tình sinh viên .
1,"nhiệt tình , biết cách truyền cảm hứng tạo động lực phấn đấu học tập cho sinh viên ."
3,"phòng học cần sạch sẽ hơn , bàn ghế rất bụi , máy chiếu tất nhiên nói nhìn được thì vẫn nhìn được nhưng như thế là vẫn mờ , cần sáng hơn , cho các bạn ngồi phía dưới thấy nữa ."
1,thầy hay tương tác với sinh viên bằng những câu hỏi rất thực tế !
4,"sản phẩm mình làm ra , đem người khác báo cáo thì không được hợp lý ."
1,"thầy wzjwz323 quá tuyệt , em yêu thầy hi hi ."
4,không có gì để phàn nàn .
3,"máy nghe nên được trang bị tốt hơn , phòng học nên sáng hơn ."
1,"giảng viên thoải mái , nhiệt tình , gần gũi với sinh viên ."
3,nâng cấp thiết bị dạy học cho môn anh văn .
4,không có ạ !
1,em mong thầy sẽ chỉ bảo cho các lớp sau nhiều hơn về vấn đề này .
2,deadline cho thời gian không đủ dài để sinh viên hoàn thành bài tập .
1,"thầy dạy ngắn gọn , súc tích , dễ hiểu ."
2,slide còn khá khó hiểu .
3,phòng thực hành tốt .
3,"rất mong nhà trường nâng cấp phòng máy máy mở lên rất lâu , màn hình bị nháy , con chuột bị đơ , bàn phím rít , nên cài visual cao hơn visual 2005 để sinh viên dễ thực hành ."
4,đa phần sinh viên không tập trung học nhiệt tình nên không theo kịp .
1,có cung cấp bài tập cho sinh viên tự học ở nhà .
1,"thầy giảng dạy nhiệt tình , cung cấp đầy đủ kiến thức ."
1,vui tính nhiệt tình .
1,"thầy dạy truyền đạt tư tưởng tốt , dễ hiểu ."
1,"thầy rất dễ thương , vui vẻ ."
2,"chưa cung cấp cách nhìn sâu hơn về môn học vào thực tế hiện nay , chỉ mới mang tính trừu tượng ."
1,"giảng viên truyền đạt tận tâm , dễ hiểu ."
4,thực tế với hiện trạng .
3,thấy giảng dạy nói môn này muốn học thì phải có phòng thí nghiệm .
3,lý do doubledot tới ngày thi ngồi ngay 2 máy hư .
4,không có ý kiến gì ạ .
2,gây khó khăn khi tìm thông tin làm bài tập và nộp bài tập trên moodle .
1,giảng viên nên quan tâm nhiều hơn đến mức hiểu bài của sinh viên qua mỗi giờ học bằng cách hỏi những câu hỏi liên quan ở cuối giờ qua đó cộng điểm để tạo thêm sự yêu thích môn học .
4,học theo đúng thời khóa biểu .
4,kể chuyện hay .
2,"tăng cường hệ thống thiết bị phòng học quạt , ổ điện ."
2,cần thêm nhiêu bài tập thực tế .
1,cô dạy slide về lý thuyết hơi nhanh .
3,"cơ sở vật chất nên cải thiện , nên có nhiều thực hành bổ ích hơn nữa , em xin cảm ơn ."
4,"nếu thầy đã không đảm bảo giờ lên lớp , thì khi ra bài thi và đề cương ôn tập nên chú ý đến việc rõ ràng , hướng dẫn rõ sinh viên biết mình phải học gì ."
3,"phòng lab khoa wzjwz16 trên tầng 3 nhà wzjwz17 quá chật chội , bụi bám lớp dày , trang thiết bị mạng đầu tư đắt tiền nhưng ít khi sử dụng tới , không kiểm tra lau chùi sẽ dẫn đến hỏng hóc , quạt không còn quay ."
3,không có ổ cắm điện .
4,cảm ơn thầy đã sửa lỗi khi cài vmware giúp em colonsmallsmile .
2,cần cân bằng giữa lý thuyết và thực hành .
2,cung cấp kiến thức trọng tâm .
1,"thầy giảng dạy nhiệt tình dễ hiểu , sửa bài tập cẩn thận ."
2,"nói chung , chắc cũng là luyện cho sinh viên tự học ."
3,"phòng học buổi trưa rất nóng , có thể trang bị thêm quạt thì tốt hơn ."
1,đôi khi giảng khó hiểu .
1,"không hào hứng vì giọng thầy trầm , tự tìm hiểu trên mạng rồi viết báo cáo môn học thôi ."
4,giờ học thiếu sinh động .
3,nâng cao trang thiết bị phòng học .
1,cô dạy rất dễ hiểu dễ làm .
1,"nhiệt tình , tận tâm , giải đáp các thắc mắc ."
1,"chép nhiều ví dụ gây mất thời gian , 3 tiết học trở thành 5 tiết học ."
2,"nếu liên hệ thực tế , liên kết của môn học với các mô học sau , ngành nghề sau này , em nghĩ sẽ dễ hiểu và tiếp thu môn học hơn ."
4,không biết cô wzjwz327 là ai ?
1,thời gian lên lớp hợp lý .
4,đã rất tốt .
2,điều này gây lên sự chênh lệch rõ rệt về trình độ anh văn trong lớp .
2,không nên đề hình thức thực hành là số 2 gây nhàm chán cho sinh viên sau những ngày học lý thuyết thì sinh viên nên được thực hành trên phòng lab dưới sự hướng dẫn của giảng viên .
3,nâng cao chất lượng phòng học và các trang thiết bị hỗ trợ .
2,không phát huy được hết khả năng của sinh viên .
4,thoải mái .
1,và giảng dạy khó hiểu .
2,"môn này rất khó kiếm tài liệu , phần lớn kiếm được lại là tài liệu tiếng anh ."
2,nên có nhiều dụng cụ cho sinh viên thực hành hơn với sĩ số lớp đông .
3,nâng cấp phòng thực hành .
3,khoảng 1 tiếng từ khi giảng viên cho phép kết nối thì sinh viên mới vào mạng được .
1,"thầy giảng dễ hiểu , gây sự tập trung , kiến thức rộng và bổ ích ."
3,"em mong học kỳ tới , nhà trường cung cấp cho những lớp phần mềm chất lượng cao chúng em nhiều sự lựa chọn giảng viên cho môn học game cơ bản để chúng em có thể nhanh chóng hoàn thành môn học và ra trường đúng tiến độ ."
1,"giảng viên dạy dễ hiểu , vui tính ."
1,có nhiều hoạt động học tập sinh động giúp sinh viên thoải mái khi học .
3,"cần nâng cấp máy tính trong phòng thực hành , nhiều kit de2 bị lỗi cần sửa chữa hoặc thay mới ."
2,cần cho biết rõ hơn nữa về cách thức vận dụng vào trong từng bài tập .
1,code demo hơi khó hiểu .
4,kết quả môn thực hành thì rất tốt nhưng ở môn lý thuyết thì ngược lại .
3,"em hy vọng phòng học ít người hơn , vì học 4 tiết buổi chiều rất là mệt mỏi , hơn nữa , thời tiết nóng và lớp đông gây nên xao lãng bài học , việc học tập trong lớp nhỏ và đông như vậy rất khó tiếp thu ."
3,phòng wzjwz98 dãy nhà wzjwz99 buổi chiều quá nóng và nắng !
1,thầy nghe điện thoại còn nhiều hơn cả giảng bài nữa .
2,thông tin đầy đủ về bài tập và các nguồn tham khảo .
1,cách thức trình bày bài giảng của thầy chưa tiếp cận được học sinh .
3,"giảng đường ngột ngạt và nóng nực , từ tiết 2 trở đi thì rất khó tập trung học ."
3,phần thực hành môn này còn thiếu các thiết bị thực tế .
3,nên nâng cấp và bảo trì các phòng máy cũ thường xuyên hơn .
4,được giảng viên hướng dẫn cụ thể dễ hiểu .
4,"nếu em buồn ngủ , dù lên lớp em vẫn sẽ ngủ , mà ngủ ở trên lớp thì đau lưng và tê chân lắm ."
2,nên bổ xung phần thực hành !
3,đề nghị thầy đừng nghỉ nhiều quá mất bài của chúng em .
2,"nên hướng dẫn làm bài tập nhiều hơn , học lý thuyết quá nhiều ."
2,"slide khá nhiều chữ khiến sinh viên hơi buồn ngủ , ít hình ảnh , ví dụ minh họa ."
1,"luôn dạy quá giờ ( khoảng 30 phút ) , ảnh hưởng đến giờ trưa của sinh viên và truyền đạt không được thu hút ."
4,ida pro 64-bit hoàn toàn có thể phân tích các file thực thi 32-bit nhưng các thanh ghi phức tạp hơn nhiều thay cho ida pro 64-bit không phân tích được cái file thực thi 32-bit colonsmile .
3,cần chú trọng hơn vấn đề học thực hành phòng máy không đáp ứng yêu cầu doubledot không có trình biên dịch giáo viên thực hành không sử dụng hiệu quả giờ thực hành .
1,"thầy vui vẻ , nhiệt tình , tận tâm ."
1,giảng viên demo ví dụ rõ ràng .
2,phương thức giảng dạy .
3,nâng cấp trang thiết bị phòng học doubledot máy chiếu và quạt .
3,phòng học nóng quá nên lắp thêm quạt .
1,"tận tâm giúp đỡ học sinh , giải đáp thắc mắc ."
3,phải đầu tư thêm trang thiết bị cho phòng thực hành .
1,giáo viên hướng dẫn tận hình .
3,phòng lab còn chưa đáp ứng tốt .
2,"thời khóa biểu phân chia không hợp lý , chưa học lý thuyết đã phải học thực hành ."
4,bảo học sinh không chịu học là không đúng .
4,cám ơn thầy fraction cô đã đọc một bài dài thế này .
2,thêm bài tập logic .
4,còn mốt số ý thầy truyền đạt vẫn còn chưa tốt .
3,mỗi khi lấy micro lại phải lấy thêm cả loa .
4,hơi khó tiếp thu .
4,cảm giác của em là hơi chán .
1,lúc thầy giảng chung cả lớp rất khó để các bạn dưới lớp nghe được giọng thầy .
2,em nghỉ nên biên soạn lại .
2,"kỳ này dạy bằng slide tiếng anh nên đa phần sinh viên không nắm bắt kịp , gần như toàn bộ các bạn đều không hiểu bài ."
2,có một số phần giảng viên giải thích hơi khó hiểu .
3,"nhưng chất lượng cơ sở vật chất nhất là bàn ghế bên dãy nhà wzjwz15 , có một số phòng bụi nhiều , bàn ghế dơ nhưng không được lau dọn ."
2,bài tập cho quá khó .
1,"thầy thông cảm cho sinh viên , ra bài tập vừa sức ."
4,giúp chúng em học tập tốt hơn .
4,tốt ạ .
1,mong giảng viên lưu tâm !
1,hi vọng giảng viên đưa ra những ví dụ cụ thể để sinh viên nắm được những điều cơ bản trước khi giải bài tập .
2,các buổi training giúp sinh viên bám sát với cấu trúc đề thi .
2,đào tạo thêm về cơ chế giảng dạy .
1,nhìn chung là tôi rất hài lòng với giảng viên wzjwz264 .
1,"thầy rất tận tình , hướng dẫn cụ thể ."
4,bỏ vấn đề điểm danh .
2,"đề nghị trường xem xét lại nội dung đề thi cho phù hợp với thời lượng , bài nghe không rõ ràng gây nhiều khó khăn cho sinh viên ."
4,"thưa , không có ạ ."
2,bài tập thực hành mang tính vận dung cao những kiến thức đã học và sự hướng dẫn tận tình của giàng viên .
2,"thời gian thực hành tập trung chưa phù hợp , bị trùng với các giờ với các môn học khác ."
4,em cảm thấy khá bức xúc nhưng nếu truy ra lỗi của ai thì em tự nhận một phần về mình .
4,học những môn tiên quyết trước .
1,"cô dạy nhiệt tình , luôn quan tâm đến học sinh ."
3,"phòng học gần công trình đang xây dựng nên rất ồn , mong trường có thể đổi phòng học khác , em xin cảm ơn !"
1,em chúc thầy luôn hạnh phúc ạ .
1,"thầy nên cho bài tập nhiều hơn và deadline ngắn hơn để sinh viên có ý thức làm bài , không nên khoan dung quá sẽ làm sinh viên lười và ỷ lại ."
2,nhưng em chỉ không hài lòng về chương trình học theo outcome thôi ạ .
3,"toàn bộ các sinh viên đều phải tự mang laptop lên phòng thực hành học , tuy nhiên mạng để đáp ứng cho nhu cầu sử dụng nhiều laptop trong phòng thực hành lại không có ."
4,"đi thực tập , đến công ty kaydotvn để làm việc và học ."
3,phải nâng cấp phòng máy .
4,"cô rất tận tình , nghiêm khắc trong giờ học ."
4,"không biết ứng dụng , kể cả trên phương diện lý thuyết ."
4,giúp sinh viên cảm thấy thoải mái trong giờ học .
2,thực hành không liên quan gì lý thuyết .
2,thời gian thực hành cần nhiều hơn .
2,bài tập hơi khó .
1,giảng viên giải thích một số ví dụ mẫu chưa rõ ràng .
4,phục vụ ở mảng nào cho công việc sau này !
3,phòng học nên có rèm che sáng để khi chiếu slide được nhìn rõ hơn .
1,phương pháp dạy đưa nhiều bài tập giúp học sinh đa phần nắm được kiến thức .
2,cần thay đổi chương trình giảng dạy cho phù hợp hơn .
3,"em nghĩ cơ sở vật chất vẫn còn yếu kém , ngồi xa không thể nhìn rõ được slide bài giảng của cô giáo , phòng học rất nóng ."
4,không có điều gì !
2,cần tăng cương trao đổi giữa sinh viên và giáo viên .
1,thầy wzjwz140 dạy hay quá trời ước gì được học thầy nữa .
2,có những cái học không biết để làm gì sau này vậy tại sao không giảm tải nó đi .
4,trời nóng quá học không hứng khởi .
1,"tận tình , cung cấp đầy đủ kiến thức ."
1,"em thấy thầy dạy rất thiếu trách nhiệm , chỉ lơ là cho hết giờ ."
4,không có gì để nói .
4,không có ý kiến nhiều .
1,"thầy dạy kỹ , nhiệt tình ."
4,đảm bảo tốt .
2,thực hành hình thức 2 khó có thể tham gia học thường xuyên lắm ạ !
3,cải thiện chất lượng phòng học và các trang thiết bị hỗ trợ việc học tập .
4,và từ những sự cố trên tự nhiên năm nay em vừa tốn tiền học lại mà không được học vừa bị rớt môn không được cộng điểm rèn luyện .
3,tăng cường thiết bị .
1,"dạy hay , nhiệt huyết với nghề , chăm cho học sinh ."
2,thời gian deadline cho bài tập nên là cuối ngày của buổi dạy tiếp theo hiện nay là 11h55 trước ngày học vì có thể cần lên lớp để trao đổi những vấn đề phát sinh trong lúc làm bài tập để sửa đổi .
1,"nên xắp xếp lịch báo cáo , thuyết trình một cách cụ thể , giúp cho sinh viên chủ động được thời gian cũng như nắm bắt được kiến thức cụ thể của từng buổi ."
4,điều này xảy ra ở mọi tiết học .
2,có buổi hướng dẫn cho sinh viên trước khi làm đồ án .
1,giảng viên nhiệt tình và vui tính .
2,"cần thay đổi cách dạy và nội dung học của phần thực hành , các bài thực hành hiện tại của môn mạng máy tính chưa đảm bảo hiệu quả ."
2,nên thống nhất hình thức thi thực hành của môn học .
4,cảm ơn thầy !
3,máy chiếu phòng học rất rất rất tệ !
4,mà hơn nữa ngủ ở lớp học còn rất dễ bị đau lưng .
4,dạy rất hài lòng .
2,"do đặc thù của môn học yêu cầu sinh viên phải vận dụng được lý thuyết vào phân tích tìm ra vấn đề , vì vậy nên tăng cường đưa ra các bài tập , bài lab gần với thực tiễn để sinh viên có thể luyện tập ."
2,"ứng dụng thực tế vào giảng dạy nhiều , tạo cho sinh viên hình dung việc học tập sẽ làm được gì khi ra trường ."
1,cô nhiệt tình và tâm huyết trong việc dạy học .
1,"giảng viên tận tâm , nhiệt tình , kiến thức và khả năng truyền đạt của giảng viên rất tốt ."
4,không có ý kiến gì !
4,"còn nhiều thứ còn khó hiểu , khó tiếp cận ."
4,nên học sinh rất khó tiếp thu .
4,"khó hiểu , khó vận dụng ."
3,"mạng wifi thì không vào được , mạng dây thì cột chặt vào pc ."
4,khiến sinh viên bị thụ động .
3,thêm phòng thiết bị để thực hành .
4,học dồn quá sức .
1,"cô dạy kỹ , vui tính , quan tâm sinh viên ."
3,"lớp rất đông sinh viên , ngồi xa sẽ không thấy rõ slide thầy chiếu trên bảng vì chữ nhỏ và mờ tại phòng wzjwz166 gây khó tiếp thu bài học ."
1,"dạy hơi "" lạc đề "" , dạy "" ít ai hiểu "" mà cho đề bài tập bao khó , đồ án bao khủng ."
4,rất nản .
3,phòng thực hành nóng .
4,kiểm tra bằng web .
1,thầy giảng đôi lúc khó hiểu .
1,dạy ổn .
1,thầy thường quên thời gian dạy thực hành và báo cáo .
2,"nên cập nhật book , slide thường xuyên vì quá cũ không tích hợp được với chương trình bây giờ ."
1,tạo niềm vui cho bọn em tuy lý thuyết bọn em rất đuối sức .
3,phòng học nóng .
4,cần tạo kênh liên lạc giữa sinh viên và giảng viên để sinh viên có thể nhận được thông báo từ giảng viên .
2,nên có nhiều tiết thực hành hơn .
1,có tâm huyết .
3,nên thay máy chiếu và âm thanh tại phòng wzjwz154 .
1,"dạy dễ hiểu dễ tiếp thu , tập trung vài kiến thức trọng tâm ."
2,"nên cung cấp cho sinh viên thêm nhiều tài liệu , cũng như bắt kịp xu thế phát triển của công nghệ để không bị lỗi thời lạc hậu ."
2,em có ý kiến là trường nên giảm số lượng sinh viên trong một lớp lại và mở thêm nhiều lớp hơn .
4,khó nghe .
3,phòng học thực hành wzjwz18 không đảm bảo chất lượng cho việc học thực hành .
3,"thiếu các thiết bị chạy hệ điều hành windows phone , ios , android cho sinh viên thực hành ."
2,"slide còn hơi khô khan , cách giải thích của giảng viên còn chưa thuyết phục dễ hiểu ."
1,"vui tính , dễ thương ."
4,bình thường .
2,slide bài giảng tiếng anh giúp tụi em nâng cao khả năng học tiếng anh .
1,thầy cho chép nhiều .
2,môn thiên về kiến thức lập trình nhưng lại bắt buộc thi lý thuyết trên giấy là không hợp lý .
2,biết hai ngôn ngữ sẽ dễ gây ấn tượng với nhà tuyển dụng hơn là một .
2,"bài học rõ ràng , bám sát nội dung thi ."
1,cô rất dễ thương .
1,cho thêm bài tập và các chủ đề để sinh viên tìm hiểu .
3,"những thiết bị phục vụ cho việc giảng dạy cần được trang bị tốt hơn , ví dụ như máy chiếu hơi bị mờ , các bạn ngồi ở phía sau không thấy , phòng học chỉ có 2 cái phạt , rất nóng nực vào mùa hè ."
1,mong thầy cố gắng trong các học kỳ sau .
3,"máy chiếu thì quá mờ mới gần đây thôi , quạt thì có cái chạy được , có cái bị hỏng công tắc ."
3,nâng cấp máy tính .
3,"cần nâng cấp dụng cụ học tập, micro , loa , máy chiếu ."
4,em xim cám ơn !
2,"nên nêu rõ mục đích , yêu cầu của môn học khi bắt đầu dạy , để sinh viên nắm được mục đích yêu cầu môn học ."
1,"có ví dụ trực quan , sinh động ."
1,nghỉ quá nhiều .
2,giảm bớt số lượng nội dung của môn học .
2,"bài giảng thu hút , dễ hiểu ."
2,cần có nhiều bài học thực tế hơn nữa .
3,phòng lab tốt hơn .
4,hoàn toàn không có ý kiến .
1,"giảng viên dạy rất hay , nhiệt tình ."
3,em chỉ có ý kiến là các trang thiết bị trong các phòng học anh văn như vậy là chưa đảm bảo .
3,"nên làm sạch lại bàn ghế , và một số thiết bị bằng điện ."
2,"thực hành cần song song với lý thuyết , thực hành dạy nhanh hơn lý thuyết nên rất khó hiểu ."
1,thầy vui tính và dạy rất nhiệt tình .
1,cô cần dạy chậm và hướng dẫn chung kỹ hơn .
1,có trách nhiệm giảng dạy cho các học sinh hiểu về bài học .
2,ít luyện kỹ năng nói .
1,thầy dạy hay kêu sinh viên uống bia !
1,"giảng viên yêu cầu cao , khó khăn , gây áp lực tạo sự chán nản cho sinh viên ."
2,"kính mong nhà trường trong những năm tới có thể tổ chức giảng dạy chương trình tiếng anh tăng cường từ sớm hơn , đồng thời tăng số tuần học để việc học đạt hiểu quả cao hơn ."
1,cô dạy khó hiểu .
4,quá nhanh .
1,chưa đưa được nhiều bài tập cho sinh viên .
3,"quá ô nhiễm tiếng ồn , mệt mỏi và chán học !"
4,tiếng động cơ xây dựng có lúc ồn quá .
4,đa số các giờ đều do sinh viên thuyết trình nhưng thực tế sinh viên đứng thuyết trình còn chưa hiểu bài làm sao trình bày lại cho các bạn hiểu .
4,phù hợp với thực tiễn .
2,thi cuối kỳ không đủ thời gian làm bài !
1,"cô rất tận tâm , nhiệt tình và có trách nhiệm cao ."
2,"nên cho thi cuối kỳ bằng hình thức code trên máy , code giấy rất chán và không có tính thực tế !"
3,nâng cao chất lượng cơ sở vật chất .
4,"làm các bài lab trên win server 2012 rất khác so với win server 2003, mà lại toàn cho làm các bài lab trên win server 2003, có vẻ cũ ."
3,môi trường không đảm bảo an toàn cho sức khỏe .
4,dù đã xem trước bài khi lên lớp nhưng nó quá xa lạ đối với em .
2,lần sau nên chuyển sang trắc nghiệm hỏi được nhiều cái hơn .
4,em ít khi lên lớp .
4,về muộn .
2,thời gian nộp bài tại lớp hơi ngắn .
1,"thầy không gửi tài liệu , thông báo lên moodle , thầy thường xuyên bận nên không đảm bảo giờ gặp sinh viên như đã thông báo ."
4,ít thực tế .
1,hơi nhiều bài tập .
3,bị chậm hoặc bị treo máy giữa chừng .
1,"thầy nên dạy đúng giờ bắt đầu , đúng giờ kết thúc trừ trường hợp bất khả kháng , bài dài ."
1,"thầy dạy hay , dễ hiểu và nhiệt tình ."
3,máy thực hành nên cài visual studio 2013 .
1,"phần quản lý thao tác của oracle , giảng viên cung cấp tài liệu quản lý thao tác của sql server ."
1,"phương pháp giảng dạy rất hay , nhiệt tình ."
3,"cần chỉ cho sinh viên cách làm bài khó , không nên giải chi tiết ."
4,học hết môn mà chẳng biết cái gì .
4,đến lớp hơi muộn do giao thông .
1,cố gắng giảng lại đến khi sinh viên hiểu bài mới thôi .
2,bài tập rất hay .
2,"bài giảng , bài tập đầy đủ , dư cho sinh viên tham khảo , ôn luyện ."
4,mọi thứ .
1,"dạy đầy đủ chương trình , tích cực kiểm tra học sinh ."
3,sự cố như sau doubledot đang học thì tất cả số đèn của nửa căn phòng đều tắt .
3,wifi các phòng thực hành thường rất yếu .
4,hài lòng tất cả .
4,truyền dạt tốt .
4,"có những ví dụ sinh động , dễ hiểu ."
1,"thầy dạy tận tâm , nhiệt tình , nói tiếng anh hay , dễ hiểu , thỉnh thoảng thầy còn giảng song ngữ cho tụi em nắm rõ hơn , bài tập thực tế , dễ hiểu ."
3,lắp thêm rèm của để máy chiếu được hiệu quả hơn .
3,bổ sung thêm các trang thiết bị để đáp ứng nhu cầu môn học và cải thiện phòng lab rộng rãi hơn .
4,khá tốt .
3,"phòng thực hành khoa wzjwz70 máy hư tùm lum , không hiểu sao phòng thực hành mấy khoa khác như wzjwz71 , wzjwz72 đầu tư mới với tốt hơn nhiều ."
1,cô nên sắp xếp lịch làm việc chính xác hơn .
1,giảng viên vui vẻ nhiệt tình .
2,"nội dung môn học quá nhiều so với thời lượng một học kỳ , môn trong toàn bộ chương trình đào tạo thì chỉ có duy nhất môn này liên quan đến tín hiệu số và là một phần khá quan trọng trong kỹ năng kiến thức cần có , nhưng thời lượng bố trí chỉ có một học kỳ và chỉ một môn , khiến nội dung phải nhồi nhét khá nhiều , kiến thức chỉ ở cơ bản và không thể chuyên sâu được ."
1,cô rất nhiệt tình giảng dạy .
1,"cô nhiệt tình , thoải mái , giải đáp thắc mắc của sinh viên khá nhanh ."
4,không có điểm nào không hài lòng .
1,"cô nhiệt tình , cố gắng giúp đỡ học sinh ."
2,quá nhiều lý thuyết .
2,em nghĩ nội dung thực hành nên gần với đồ án hơn .
3,"phòng thực hành còn sơ sài , máy tính cũ kỹ ."
3,"phòng học còn nóng và bụi bặm , máy chiếu tuy là vẫn thầy được nhưng như thế vẫn là mờ , đề nghị khắc phục vấn đề này ."
1,"cô đi dạy đúng giờ , dạy cho sinh viên kỹ năng trình bày bài , dạy kỹ ."
4,"quản lý như vậy dẫn đến tình trạng "" cha chung không ai khóc "" ."
1,chất lượng tốt giáo viên nhiệt tình .
3,"phòng học , bàn ghế còn bẩn và nhiều bụi bặm ."
4,chưa gặp lần nào .
3,phòng máy không đáp ứng được yêu cầu .
4,còn một điều nữa .
2,"cần có thêm lớp training cho các bạn yếu , mất căn bản ."
3,phòng thực hành chưa có chất lượng .
4,nắm được các kiến thức quan trọng .
3,phòng máy cần nâng cấp .
3,nếu được phòng thí nghiệm có thể có thêm các thiết bị thật để chạy và phát triển ứng dụng windows phone để các bạn biết điểm khác nhau giữa chạy thiết bị giả lập và thiết bị thật .
3,cần nâng cao hệ thống thiết bị giảng dạy .
2,nhiều bạn bị kéo điểm nặng nề .
1,"cô nhiệt tình và đưa ra bài giảng hợp lý , dễ hiểu , có thể vận dụng làm bài ."
3,lớp ít người nên học thoải mái .
4,giúp cho sinh viên trao dồi thêm rất nhiều kỹ năng đặc biệt là kỹ năng làm việc nhóm .
1,"cô dạy hay , học không nhất thiết phải trong sách vở ."
4,tất cả các hoạt động .
2,kiểm tra trên lớp nhiều hơn .
1,giảng viên không cung cấp đủ tài liệu để làm đồ án .
1,thầy vui tính dạy dễ hiểu và cung cấp nhiều thông tin hữu ích cho sinh viên .
3,mong học kỳ sau sẽ sớm có phòng thí nghiệm cho môn này .
1,chỉ dẫn tận tình từng bạn .
3,phòng học thiếu quạt máy chiếu mờ em xin cám ơn .
3,mong nhà trường nâng cấp các phòng thực hành và các thiết bị trong phòng học .
2,"kính mong nhà trường có thể tăng thời lương môn học lên 1 - 2 tiết vì đây là một môn khá khó , sinh viên cần nhiều thời gian hơn để nắm bắt kiến thức và luyện tập vận dụng kiến thức ."
1,dạy liên tục không ngừng nghỉ làm sinh viên hơi ngán vì phải tập trung liên tục dẫn đến nhiều sinh viên nản gục mặt xuống bàn ngủ .
4,cần có sự tương tác giữa giảng viên và sinh viên nhiều hơn .
1,thầy giảng dạy rất tận tâm .
4,"cô tận tâm , nhiệt tình ."
1,"nên chú ý cách giảng dạy hợp lý hơn , dễ hiểu hơn ."
4,"em nghĩ là "" dục tốc bất đạt "" ."
2,nên bỏ thi code trên giấy .
4,chuẩn bị âm thanh trước môn học ổn định để tránh mất thì giờ vì điều chỉnh âm thanh trong phòng học .
3,nên đổi phòng học sang phòng chất lượng cao .
2,tài liệu và giảng viên nhiệt tình .
1,hơi khó hiểu ạ .
2,chưa có tài liệu học tập cho sinh viên .
2,nên giảm thời lượng môn học còn 7 tuần !
4,quá thoải mái cho sinh viên .
3,có lẽ phải nâng cấp trang thiết bị .
2,một số vấn đề cơ bản giảng viên nên lược bớt để không tốn thời gian .
1,"giảng viên nhiệt tình , quan tâm đến học sinh ."
1,"thầy dạy có hiệu quả , dễ hiểu , thiết thực ."
2,"cần có sách học hay , chi tiết , hiệu quả colonsmilesmile ."
1,thầy dạy kỹ .
1,"thầy dạy phần hai có phần hơi khó khăn trong việc điểm danh , cả khi thầy có nhầm lẫn thầy cũng không chịu nhận ."
2,"hình thức 2 cần có sự phân bố thời gian gặp sinh viên hợp lý , không thể để cuối kỳ , gặp rồi cho đồ án liên tục , ảnh hưởng đến việc ôn tập cho kỳ thi cuối kỳ của sinh viên ."
1,"vui tính , nhiệt tình , đảm bảo giờ giấc , đúng giờ ."
3,tăng cường chất lượng phòng học .
1,quan tâm học sinh .
1,"giảng viên có khả năng truyền đạt tốt , hay tạo nhiều tình huống để sinh viên có thể bàn luận và luôn lắng nghe nguyện vọng của sinh viên ."
1,"giảng viên biết cách truyền đạt , giảng rất hay và dễ hiểu ."
1,chưa tương tác tốt với sinh viên qua e-mail .
1,"có một sô bài tập lớn hay , giúp bọn em rất nhiều ."
1,thầy dạy kỹ từng phần của bài học giúp em dễ hiểu bài nắm vững kiến thức .
3,trang bị thêm nhiều thiết bị mạng hơn nữa để thực hành !
3,"phòng học nóng , máy chiếu hơi mờ ."
2,"những thứ này không nên giảng dạy vì không phải cứ học những thứ đó là "" thành công "" , rất phí thời gian đến lớp ."
1,"giảng viên dạy hay , thu hút , tận tâm với sinh viên ."
3,giảng đường 2 và 3 học vào buổi chiều rất nóng bức .
2,"hình thức thực hành mới lạ , thu hút ."
4,ok hết .
1,cho bài tập nhiều quá không làm hết được .
3,"cần nâng cấp hệ thống wifi , vì khi vào phòng thực hành , sinh viên không thể truy cập internet , buộc phải xin phép ra ngoài để làm bài ."
3,"trang thiết bị còn kém , loa chưa đủ rõ để nghe anh văn , máy chiếu chưa nhìn rõ màu sắc ."
1,"thầy dạy thì nên dạy sớm để dễ học , dễ nhớ , ban đầu thầy ít dạy vào kiến thức chính , đến giai đoạn cuối của kỳ là khi bận rộn nhiều thì thấy mới bắt đầu dạy kiến thức ."
4,đi sâu vào ứng dụng thực tế .
2,làm bài tập về nhà .
1,giáo viên cho giảng dạy tận tình .
2,giáo trình có vẻ cứng nhắc khó tiếp thu gây chán nản .
3,"phòng thực hành quy mô chưa lớn , vẫn còn các máy tính không sử dụng được ."
4,dễ thương coloncontemn .
3,quạt của phòng bị hư nên học hơi bị nóng .
2,thậm chí còn không có bài nào khó bằng các bài trong nội dung của lớp chuyên tin ở các trường cấp 3 .
4,nhằm giảm thời lượng giảng dạy cũng như sự thú vị khi học môn toán .
4,lớp này không phải wzjwz124 hướng dẫn thực hành .
2,"hiếm có môn học nào mà hình thức kiểm tra bao gồm cả việc thi giữa kỳ , cuối kỳ , thực hành lẫn làm đồ án môn học ."
2,theo em thì thời lượng môn học quá dài và liên tục khiến mệt mỏi và không tập trung học tốt được .
4,"chú ý giữ sức khỏe , nhất là cổ họng colonsmile ."
2,tuy nhiên môn học được giảng bằng tiếng anh nên em cũng không nắm được hết nội dung thầy giảng .
4,"cuối cùng , báo cáo đồ án , nhóm mình mà không báo cáo đồ án của mình , mà phải đi báo cáo đồ án của nhóm khác ."
3,"hệ thống phòng máy còn nhiều vấn đề doubledot chuột , bàn phím hỏng , vdotv ."
3,cần tăng cường chất lượng wifi để sinh viên có thể tìm kiếm tài liệu trong quá trình thực hành .
1,"cho nhiều ví dụ , liên hệ thực tế ."
3,trang thiết bị sơ sài .
4,nghe kể chuyện hay nhiều trong khi học .
1,"cách giảng dạy rất hiệu quả , lớp học vui ."
2,"kiến thức được giảng viên trình bày rõ ràng , dễ hiểu cho sinh viên ."
3,"phòng thực hành quá kém chất lượng , máy móc không đảm bảo ."
4,thiếu nghiêm túc trong học tập .
1,"thầy giảng bài tận tâm , nhiệt tình ."
1,thầy nghiêm túc .
2,bài giảng trực quan dễ tiếp thu .
3,các trang bị để nghe không rõ .
1,đảm bảo thời gian lên lớp và sử dụng thời gian lên lớp hiệu quả .
4,sinh viên chịu khó sẽ làm được bài .
2,"thiết nghĩ đây là môn phân tích , thiết kế thuật toán , các bài toán ngoài thực tế không dễ dàng như vậy và quy hoạch động là một kỹ thuật có thể xử lý được một số bài kiểu này ."
3,cơ sở vật chất cần chuẩn bị tốt hơn để giảng viên có điều kiện tốt để giảng dạy .
3,đề xuất nhà trường hằng tuần có một buổi lau dọn các bàn ghế này .
4,không có gì để hài lòng .
4,giỏi .
2,các bài lab chưa có ứng dụng thực tiễn .
1,"giáo viên dạy dễ hiểu , dễ tiếp thu ."
3,"nhiều phòng thực hành không có visual hay dev , rất bất lợi cho những bạn chưa có lap ."
4,hy vọng nhà trường xem xét .
1,"cô giảng rất tuyệt , cô rất nhiệt tình hướng dẫn tất cả các bạn trong lớp , vui tính ."
3,"hệ thống wecode cần sửa lại tính năng submit kết quả cuối cùng , bao nhiêu sinh viên bị mất điểm vì submit trong đó có cả em colonsadcolon ."
3,thiếu linh kiện .
3,mang tiếng phòng lab của một khoa mà không bằng phòng lab thực hành cơ bản .
1,em nghĩ thầy sẽ giúp chúng em học tốt hơn nếu có thêm nhiều bài tập .
2,em thấy nên bỏ môn học này .
1,thầy dạy rất có tâm huyết với học sinh .
1,không cho học sinh hiểu sâu vấn đề .
3,cần nâng cấp máy trong phòng máy thực hành vì cấu hình hơi yếu và phòng học không nóng và bụi thì tốt hơn .
1,thầy thực sự rất chuyên tâm trong giảng dạy và những bài giảng thực sự dễ hiểu .
4,hài lòng về tất cả .
2,với một môn nhập môn mà thầy đòi hỏi bọn em quá cao làm bọn em hơi áp lực .
1,"tận tâm , nhiệt tình , vui tính , dễ gần với sinh viên ."
3,nên  tăng hiệu suất máy tính .
4,"đó là tiền của họ , họ muốn dùng thì tùy họ , người khác nghèo không phải lỗi của họ , chưa kể tiền thuế họ đóng góp cho nước cũng đủ để gọi là xây dựng rồi ."
2,sinh viên cần nhiều hơn những bài như vậy .
4,hiện giờ em chưa có cách học đúng đắng .
1,ít thấy giảng viên xuất hiện .
3,tại trường đang có 2 công trình đang xây nên lúc vào học rất ồn .
1,"giảng viên tận tụy quan tâm học sinh và rất tâm lý , truyền đạt tốt , thực tiễn sinh động ."
1,hệ thống giảng dạy trên wecode dễ hiểu .
2,thực hành với lý thuyết có vẻ không có liên quan với nhau .
2,môn học này khi ra trường có thể sẽ không ứng dụng nhiều .
1,"thầy dạy hay , rất tốt , tận tâm ."
1,giảng viên khi giảng giọng đều đều dễ làm sinh viên nghe vào buồn ngủ .
4,khiến sinh viên cảm thấy nản .
2,nội dung môn học em nghĩ là rộng quá ạ .
4,bình thường với giáo viên .
3,nên nâng cấp phòng lab .
1,"giảng dạy tốt , nhiệt tình chỉ bảo sinh viên ."
1,"các giảng dạy của giảng viên còn khó hiểu , rối rắm ."
1,hẹn gặp lại cô sau 2 học kỳ nữa .
3,phòng học thiếu quạt .
2,thêm nhiều bài tập hơn .
3,ở giảng đường lâu lâu cúp điện rất nóng .
1,"giảng viên cần tạo thêm những hoạt động tranh luận , làm việc nhóm nhiều hơn thay vì chỉ dạy lý thuyết ."
4,điểm quá trình chưa đánh giá đúng .
2,em nghĩ cần có những giải pháp đặc biệt giúp những sinh viên dưới tỉnh lên thành phố học tập tốt anh văn .
3,nên đầu tư thiết bị để có thực hành .
1,"cô dạy nhiệt tình , tận tâm , dễ hiểu ."
1,"thầy đưa ra những ví dụ rất nhạy cảm , đặc biệt là đối với những bạn nữ ."
1,cô dạy không có điểm nhấn cứ đều đều cho đến hết buổi .
4,"thấy cái gì cũng ổn , không đáng chê cũng không đáng khen ."
3,nó có nghĩa là ở phòng thực hành mạng có thể áp dung cho một hay hai phòng đều nên có giáo viên trực .
3,cần cài đặt matlab trên các máy ở phòng thực hành .
4,hấp dẫn .
4,em nhìn nó giống như ma trận chữ hơn .
4,"những thứ đó không đủ để làm bài thực hành như tuần 5 , tuần 6 , tuần 7 ."
2,môn học tuy khó nhưng kiến thức rất có ý nghĩa cho sau này .
3,điều chỉnh máy lạnh phù hợp với thời tiết .
1,"nhiệt tình , tận tâm với sinh viện ."
1,"thầy dạy nhiệt tình , vui tính , bài tập tuy cơ bản nhưng rất thâm thúy ."
1,"dễ chịu và giảng dễ hiểu , tạo cảm giác thích thú cho sinh viên ."
3,các phòng máy cần được trang bị các phần mềm hỗ trợ cho môn học phù hợp .
1,kiến thức truyền đạt tốt .
4,để dễ dàng vận dụng kiến thức trên lớp .
2,"không nên thi lý thuyết "" giấy "" cuối kỳ ."
1,truyền đạt nhiều kinh nghiệm tốt cho sinh viên .
4,"vừa giúp cho bọn em nắm chắc kiến thức về môn học , vừa giúp bọn em tự tin hơn về kỹ năng cá nhân của mình ."
1,"tạo ra được những trò chơi và cách tiếp cận môn học mới mẻ , hiệu quả , giảng viên nhiệt tình , tận tâm với người học ."
1,"sinh viên hiểu bài rất dễ dàng , chỗ nào không hiểu là giảng viên tận tâm giảng lại ngay , thường xuyên tạo cuộc tranh luận trong giờ học để giúp sinh viên tăng cường tranh luận , trao đổi giúp bài học trở nên phong phú và dễ hiểu hơn ."
3,cần nâng cấp phòng thực hành để có thể thực hành với nền tảng mới nhất của môn học !
4,em rất thích !
1,cho nên cái này phải từ giảng viên học hỏi và tham khảo cách giảng dạy của giảng viên khác dạy cùng bộ môn với mình .
2,"em nghĩ chỉ nên bắt buộc các bài tập có dạng căn bản , còn bài tập tương tự thì chỉ khuyến khích sinh viên làm thêm ."
4,không có gì làm em không hài lòng cả .
4,trách nhiệm .
1,truyền đạt tốt và dạy chậm giúp sinh viên dễ hiểu .
3,trang bị thêm sách bài tập .
1,hướng dẫn sinh viên tận tình .
4,biết được một số kỹ năng .
2,làm nhiều bài kiểm tra quá .
3,"trang thiết bị phục vụ cho việc học còn nhiều hạn chế , cụ thể là ở tòa nhà c hầu hết các phòng không có màng che nên sinh viên không thể nhìn rõ slide để có thể học ."
3,cung cấp thêm trang thiết bị phục vụ nhu cầu môn học .
2,chưa giúp tôi phát triển được tốt nhất khả năng của mình .
3,"cần trang bị máy nghe tốt hơn , có nhiều máy nghe đã xuống cấp ."
3,"sử dụng dụng cụ dạy học có chất lượng tốt , ví dụ như máy nghe tiếng anh chất lượng tốt ."
4,ân cần giải đáp thác mắc của sinh viên .
3,"cải thiện thiết bị lớp học doubledot máy chiếu , ổ điện , quạt ."
1,thầy có những mẫu truyện hay và ý nghĩa .
4,"các tiết học chưa được sinh động , không hấp dẫn được sinh viên , có nhiều sự buồn chán ."
3,phòng học oi bức .
1,"giảng viên có kiến thúc chuyên môn và kiến thức chung rất tốt , tài năng , giỏi ngoại ngữ , hiền lành , gần gũi với sinh viên ."
2,slide còn nhiêu chỗ khó hiểu nếu chỉ ở nhà đọc slide mà không lên lớp nghe giảng .
3,cải thiện chất lượng phòng máy .
2,thời gian chưa được đảm bảo .
1,"giáo viên ngoài việc dạy kiến thức chuyên ngành , còn chia sẻ những kinh nghiệm thực tế của giảng viên rất bổ ích ."
2,em thấy nên tăng thêm nhiều bài tập kèm theo ôn lại khái quát lý thuyết rồi mới vào thực hành những phần lý thuyết đã học .
4,"hòa đồng , vui vẻ ."
1,còn nhanh .
1,"giảng viên tận tâm , nhiệt tình ."
3,môn bài tập ta thường học trong phòng với đồ lau bảng không sạch làm ảnh hưởng đến các bài tập tiếp theo khi các bạn làm đè lên phần bôi chưa sạch .
1,"giáo viên nhiệt tình , giảng dạy tốt giúp truyền đạt kiến thức tới sinh viên ."
3,máy tính trường nên nâng cấp .
4,chỉ tại em thiếu từ vựng anh văn .
3,phòng máy đôi khi quá nhiều máy hoạt động không ổn .
4,chúc cô thành công !
3,"cần trang bị máy bàn cấu hình cao hơn , vì chạy chương trình không nổi ."
1,"cô dạy rất hay , cho bài tập ứng dụng nhiều vào thực tiễn ."
1,"thầy dễ tính , nhiệt tình ."
2,chỉ có học lý thuyết .
1,cần nhắc lại kiến thức cơ bản trước khi bước vào bài giảng mới .
2,"nội dung ôn tập thi giữa kỳ và cuối kỳ nên đa dạng hơn , có thêm các câu hỏi lý thuyết suy luận thay vì chỉ là 10% bài tập có thể khiến nhiều sinh viên không hiểu rõ nội dung môn học mà chỉ biết làm bài tập ."
1,"thầy nên trao đổi với sinh viên và có những thông báo nhắc nhở chính xác , cụ thể hơn ."
3,phòng lab chưa được cải thiện .
3,"bàn giáo viên rất dơ , quạt máy thì chạy như không có chạy , mở chỉ thêm tốn điện , không có mát ."
4,"mỗi một vấn đề đều phải dừng lại hỏi xem còn sinh viên nào có cách khác không , hay đơn giản là cách hiểu khác trên cùng một vấn đề ."
4,phải bỏ tiền học lại .
2,trong học kỳ này vì nó không được cố định nên em và có thể nhiều bạn khác đã bỏ lỡ bài nộp .
3,nâng cao chất lượng thực thành .
3,phòng máy thực hành cần nâng cấp .
2,cần có đề cương rõ ràng ngay từ đầu .
2,cả kỳ học được có 5 - 6 buổi .
4,"ngồi đợi thật lâu từ 9h sáng đến 2h trưa , cuối cùng cũng đã đến lượt mình ."
2,không nêu thông tin rõ ràng thời gian báo cáo .
2,lớp học cần đảm bảo số sinh viên vừa đủ .
2,cần tăng thêm nhiều tiết thực hành .
2,"thiết nghĩ , nên chia thời gian học ra thành 2 buổi , mỗi buổi 2 tiết !"
3,"môn học được xếp vào phòng có máy chiếu bị hỏng phòng wzjwz66 , mong trường nhanh chóng giải quyết !"
3,"lập trình hướng đối tượng nói riêng và tất cả các môn liên quan đến lập trình nói chung theo em nên được cập nhật tài liệu thường xuyên , đặc biệt là các phần mềm trong các phòng lab để tránh tình trạng các tài liệu và phần mềm hỗ trợ học tập lỗi thời và gây khó khăn cho việc giảng dạy và học tập ."
3,"phòng học vô cùng nóng , quạt chỉ để trang trí ."
1,cách dạy .
2,nhiều bài quá .
4,hi hi .
1,giảng viên truyền đạt dài dòng .
3,nhà trường nên cài bộ microsoft visual studio phiên bản mới hơn 2010 .
2,"cô phát âm chưa tốt , dạy còn chút khô khan , chưa tạo được sự hứng thú học tập cho sinh viên ."
2,cách trình bày nội dung của môn học chưa cập nhật mới .
3,phòng máy không tốt .
3,cái máy chiếu ở giảng đường 3 quá mờ .
4,vì theo em thầy mọi người đi học rất đầy đủ .
3,"học anh văn nên học ở phòng lab , cách âm để khi học listening không bị ảnh hưởng bởi bên ngoài ."
3,"cải thiện trang thiết bị phòng học doubledot quạt , máy chiếu ."
4,nói chung là nghe không bao giờ nghe rõ được .
4,em không có ý kiến gì thêm .
2,"theo em , nên có thêm mục bài tập nộp qua moodle sau mỗi lần học trên lớp hay có bài tập mới , tài liệu nên được bổ sung nhiều hơn cho sinh viên ."
1,giảng viên rất nhiệt tình tâm huyết .
2,đề thi thì trong vòng 90 phút phải code hoàn chính game 2048 .
3,"phòng học hiện nay rất nóng nhà c , mong nhà trường có biện pháp thích hợp để khắc phục tình trạng này cho sinh viên , để sinh viên có khả năng tiếp thu kiến thức tốt xin cảm ơn !"
2,không cần phải đi học thực hành trên phòng máy nhiều .
4,"thực sự thì giảng viên này không dạy lớp em , nên những đánh giá em chọn mặc định mức độ 3 ."
1,"thầy đi dạy không đúng giờ , toàn bắt sinh viên chờ từ 30 phút đến 1 tiếng ."
1,"khá gần gũi với sinh viên , vui tính , nhiệt tình ."
3,nhiều khi đang làm thực hành mà không có mạng để tìm hiểu thứ mình cần .
3,cải thiện lại cơ sở vật chất máy chiếu trong phòng học .
4,"chất lượng giảng dạy tốt , em rất hài lòng với cách dạy của cô ."
2,như vậy thì quá bất công .
2,tăng cường giảng viên hỗ trợ thực hành .
4,em không có gì không hài lòng .
1,"cô nhiệt tình , chu đáo ."
1,"cô dạy nhiệt tình , dễ hiểu , quan tâm sinh viên ."
3,"cần phải nâng cấp , cài đặt mới các phần mềm phù hợp hơn ví dụ doubledot máy ảo ubuntu ."
2,cần thêm phần dạy lập trình căn bản bằng ngôn ngữ c .
2,thuộc bài một cách máy móc và trình bày không tự nhiên nhưng điểm vẫn cao .
4,cần được rút kinh nghiệm .
2,tóm lại đề thi 50% là kiến thức về mạng chủ yếu không tập trung vào hệ điều hành linux .
3,"phòng lab thực hành khá cũ , nhiều máy hư gây khó khăn cho sinh viên khi thực hành ."
4,chỉ thông báo trên lớp sẽ khó tránh sai sót .
2,cố gắng làm nhiều bài tập .
1,"lớp học thụ động , giảng viên chưa biết cách tạo sự sôi nổi cho sinh viên có hứng học ."
3,máy tính tệ quá !
1,thầy hay nghỉ dạy mà không có thông báo trước nhiều lần .
2,"sinh viên năm 3 trở lên đều có laptop cả rồi , vậy nên vào phòng máy là không cần thiết ."
1,giảng viên không dành tìm hiểu trước nội dung giảng dạy trước khi lên lớp .
4,béo quá không tốt cho sức khỏe .
2,deadline không cho nộp quá hạn .
4,"sinh viên sẽ được học nhiều kiến thức thực tế , thiết thực và hiệu quả hơn ."
3,nên đầu tư nhiều hơn vào trang thiết bị .
3,cần nâng cao cơ sở vật chất của phòng học .
4,thỉnh thoảng đi hơi trễ .
4,cần nhiều tài liệu về môn học này .
2,cần phân bổ số lượng bài tập phù hợp với nội dung lý thuyết .
1,giáo viên tới ngày cuối cung mới dạy nội dung thi nên nếu có việc bận không học bù được .
1,động lực học và không khí chưa có mạnh mẽ .
3,không có đủ ổ cắm điện sử dụng .
4,em không ý kiến .
3,cần thêm nhiều kit để thực hành .
1,"giáo viên rất vui tính , niềm nở với học sinh ."
3,phòng lab nên được cải thiện .
2,cô nói hơi nhanh .
3,"theo em , cần trang bị và sửa chữa máy chiếu ."
3,"phòng máy , thiết bị mạng cần được đầu tư và vệ sinh , em thấy phòng máy quá bụi , cửa thì hở nên không mát , dẫn đến điều hòa mất tác dụng , lãng phí ."
3,cần tăng thêm số lượng thiết bị thực hành .
2,phần thực hành wireshark quá mơ hồ .
2,"em cảm thấy trên lớp học cô chỉ chú trọng vô listening là chính mà bỏ qua các phần khác , grammar chỉ dạy được có một bài , không có hoạt động speaking ."
2,nên tìm được phương pháp dễ hình dung và thực tiễn hơn .
1,giảng bài kỹ và dễ hiểu .
2,lịch học bù đôi khi cập nhật trễ .
4,mấy cái khảo sát trước em tưởng một là tốt nhất nên đánh nhầm rồi ạ .
3,"cần lắp thêm quạt , ổ cắm và màn che ."
3,"phòng máy quá cũ , internet không có , nhỏ , máy cấu hình quá yếu ."
4,"học thấy rất phí thời gian , kiến thức thu được chẳng bao nhiêu ."
3,có đầy đủ trang thiết bị .
3,chất lượng phòng thực hành quá kém .
1,em rất hài lòng về phong thái của cô .
4,tôi rất thích .
2,"do môn còn mới nên nhiều vấn đề trục trặc trong quá trình thực hành thầy vẫn chưa giải quyết được , nhưng vẫn rất ủng hộ thầy ."
3,"nhà trường nên trang bị thêm máy chiếu ở phòng thực hành wzjwz135 , và nên cập nhập lên visual 2008 hay 2010 gì đó , vì em thấy một số máy chạy visual 2005 bị lỗi ."
3,micro hư thường xuyên .
2,có nhiều hoạt động cho phần speaking .
3,tăng cường thêm thiết bị để môn học được hiệu quả .
3,các thiết bị âm thanh cần được đảm bảo hơn .
3,phòng máy giật và hay bị đứng mặc dù cấu hình cao .
3,"đầu tư các thiết bị cho sinh viên mượn , như điện thoại android , windows phone ."
3,phòng thực hành quá chật và thiết bị cũng hạn chế về số lượng chưa đáp ứng được nhu cầu học tập .
2,bài tập giảng viên cho tại lớp đáp ứng nhu cầu của sinh viên .
4,nhưng mà nhìn dáng thầy đi em thấy thương thương thầy .
2,bám sát nội dung chính .
2,"có thể cho nhiều bài tập , và có giờ sửa chữa bài tập trên lớp riêng ."
2,thời gian bài tập tương đối tốt .
2,nội dung slide doubledot em thấy slide này làm tài liệu đọc ôn lại ( khi đã hiểu rồi ) thì phù hợp hơn tài liệu giảng .
1,"giảng viên tổ chức các hoạt động nhóm , các buối presentation tạo điều kiện cho sinh viên thực hành , trao đổi kiến thức ."
1,"thầy bận nhiều nên cũng nghỉ nhiều , hi vọng thầy có thể sắp xếp thời gian ."
1,"thầy dạy nhiệt tình nhưng không đảm bảo giờ lên lớp , thường xuyên có giảng viên dạy thế ."
1,"thầy hơi khó , nhiều điều dạy chưa hiểu lắm ."
1,truyền đạt rất nhiều kiến thức thực tế bổ ích .
3,"phòng lab chán lắm , hư hỏng hết cả ."
4,ước tính khoảng 5 - 6 buổi như vậy .
3,"máy chiếu quá mờ , phòng học nóng ."
3,cần có nhiều thiết bị trực quan hơn .
2,thêm tiết sửa bài tập nhiều hơn .
1,"thầy rất nhiệt tình , tận tình trả lời các câu hỏi từ sinh viên ."
2,nên tăng thời lượng học các kỹ năng này .
3,cải thiện và nâng cao cơ sở vật chất .
4,"rồi một nhóm thì phải chấm điểm báo cáo cuối kỳ cho 3 nhóm khác , làm phiếu chấm điểm , soạn câu hỏi mà có yêu cầu ra đáp án đồ án của nhóm code chưa tới đâu thì sao mà ngồi đọc source của nhóm khác để code tiếp cho họ ."
1,"thầy không nên cho code trước mà nên để sinh viên tự làm , như vậy sinh viên sẽ nhớ lâu hơn ."
1,thầy dạy nhiệt tình và cung cấp cho học sinh nhiều kiến thức mới .
4,sáo rỗng .
2,chắc gì những gì sinh viên nói đã đúng .
4,em cám ơn !
3,cần sửa chữa trang thiết bị giảng dạy .
3,"phòng học quá nóng , thiếu quạt ."
4,cô rất có tâm với công việc giảng viên của mình .
2,"chương trình học không mang lại hiệu quả , chỉ mang tính chất đối phó , sinh viên không học hỏi và có thêm kinh nghiệm nhiều khi đi học thực hành ."
1,em rất hài lòng về hoạt động giảng dạy của thầy .
3,"nâng cao chất lượng âm thanh và các trang thiết bị cần thiết doubledot loa , micro ."
2,chương trình học quá nhiều và nhiều phần không cần thiết .
2,nội dung thực hành phù hợp với lý thuyết đã học !
2,phải tạo điều kiện cho sinh viên thực hành nhiều hơn .
4,chưa bao giờ học không biết .
2,"buổi nào cũng có thực hành, học lý thuyết xong ra thực hành liền sẽ có hiệu quả cao !"
1,hy vọng học kỳ tới thầy có thể kết thúc buổi học đúng giờ .
3,"phòng máy xài chuột bi đã cũ , khó di chuyển , phần mềm lỗi thời ."
2,có bám sát chương trình dạy .
3,cần wifi mạnh ở dãy nhà cũ .
2,thông báo những buổi seminar và báo cáo phải chính xác để dễ dàng cho cả sinh viên lẫn giáo viên .
1,"thầy giảng viên ít viết chương trình trên lớp , thường copy code rồi demo cho sinh viên ."
1,em nghĩ là cần thêm bài tập trên lớp và giải ngay trên lớp .
4,tất cả đều phải sử dụng trên phần mềm mô phỏng proteus .
3,trang thiết bị cho thực hành tốt hơn .
2,trong khi đề thi cho phép sinh viên dùng mạng .
4,"cung cấp đầy đủ tài liệu và giáo trình môn học , nhiệt tình với sinh viên ."
1,mong thầy dạy đúng số tiết mà môn đó quy định .
2,khá giống lúc học phổ thông .
4,"cuối kỳ , không cần ôn tập vẫn có thể nhớ rất nhiều kiến thức ."
4,chất lượng kiến thức được giáo viên truyền đạt hay .
2,ủa mà học có một buổi à dot còn tài liệu tự coi .
2,"nội dung môn học quá rộng , nên điều chỉnh lại và tập trung vào những phần quan trọng ."
1,giảng dạy khó tiếp thu .
1,"khi lớp có các bạn vắng quá nhiều , thầy gọi lớp trưởng để nhác nhở các bạn trong lớp đi học ."
1,mong giáo viên có thể giải đáp nhiều bài tập cho sinh viên hơn trên lớp .
3,phòng học ồn do cạnh khu xây dựng .
3,phòng hội trường nóng nực .
2,có thể chia nhóm ra làm thực hành !
4,làm khó sinh viên .
4,thành vòng tuần hoàn đến khi thi .
2,cần xác định rõ mục đích môn học và cho sinh viên đề cương chi tiết môn học trước khi bắt đầu .
2,"thời gian thực hành và lý thuyết mâu thuẫn nhau , thực hành thì học sau lớp lý thuyết và lại kết thúc và thi trước lớp lý thuyết ."
1,"giảng viên nhiệt tình , thân thiện , vui tính ."
2,nên có đồ án nhỏ như một phần thế cho thi giữa kỳ hoặc điểm chiếm 20% để sinh viên cảm nhận được thực tế của môn học .
4,"cô nhiệt tình , dễ tính ."
1,"nhiệt tình với sinh viên , giảng dạy dễ hiểu , tận tình giúp đỡ sinh viên ."
1,"em học cảm thấy hơi khó hiểu , cô dạy hơi nhanh ."
4,có tính thực tiễn .
3,giảng đường quá nóng .
2,sử dụng phần mềm crack .
3,phòng máy vẫn còn nhiều thiếu sót .
2,cần có nhiều trò chơi nhằm kích thích tính hiếu thắng của sinh viên chất lượng học tốt hơn .
4,đề thi môn dài sinh viên làm không đủ thời gian .
2,"nội dung giảng dạy nửa đầu học kỳ khá mơ hồ như "" làm thế nào để thành công "" , "" thói quen người thành công "" hay là bàn về tương lai vdotv ."
3,phòng học thiếu loa .
3,phòng thực hành cần được chuyển qua một phòng lớn hơn .
4,"tinh thần , kiến thức ."
4,đúng như vậy luôn hi hi .
2,cần có đề cương môn học rõ ràng .
1,thầy giảng quá nhanh !
1,dễ hiểu đầy đủ .
3,phòng học cần phù hợp với số lượng sinh viên .
4,nếu cho được điểm 11 thì em cũng cho luôn .
1,"thầy nói chuyện với sinh viên rất tự nhiên , chia sẻ kinh nghiệm thực tế ."
1,"dạy nhiệt tình , mở rộng kiến thức cho sinh viên , làm bài tập nhiều ."
2,"tháng học môn kiến trúc máy tính 4 ngày , nghỉ 3 ngày , bù trùng lịch 3 môn không học được rớt tốn tiền ."
1,quan tâm tận tình đến sinh viên .
3,thay đổi hệ thống âm thanh phòng học .
3,máy chiếu và dàn loa không đáp ứng được .
4,hình dung chưa ?
3,"cơ sở vật chất cần được cải thiện , tránh việc học ở các giảng đường ."
4,cuối cùng chúc cô wzjwz2 có năm mới hạnh phúc !
1,thầy dạy rất vui rất kỹ .
3,phòng thực hành nên nâng cấp máy tính .
3,"nhà trường nên trang bị rèm cửa sổ để tránh ánh sáng làm mờ máy chiếu , gây khó khăn trong việc báo cáo đồ án cũng như dạy học ."
3,visual studio của các máy trong phòng máy đã hết hạn .
4,phân biệt rõ ràng giữa đúng và sai .
2,các buổi thực hành học hơi chán vì tương tác giữa giảng viên với sinh viên quá ít .
4,ảnh hướng tới kết quả chung của em .
3,"phòng thực hành nhỏ không đủ máy cho sinh viên , máy có nhiều virus ."
1,tiếng anh của thầy không tốt .
3,table and chair is not fitted for class .
4,thay vào đó nên là báo cáo đồ án .
4,nhiều bạn vào được anh văn 1 và lên được anh văn 2 cho dù không biết gì về môn anh văn .
2,chất lượng dạy kém .
2,"mở các lớp tiếng anh tăng cường , để sinh viên được cải tiến chất lượng học tập tốt hơn , không tính điểm vào học phần , học phí có thể không free ."
2,để sinh viên tự nghiên cứu quá nhiều .
3,cần phòng học và thiết bị tốt hơn .
3,thường xuyên bảo trì nâng cấp các chương trình máy tính .
4,chưa tìm ra .
3,chất lượng mạng trong phòng máy mạnh nhưng chấy lượng máy kém .
2,hoặc không phân nhóm nhưng vẫn nên cho đề tài để sinh viên tìm hiểu .
2,"cần các thầy xây dựng một bộ giáo trình , tài liệu cụ thể ."
3,"học trong phòng chất lượng cao hơn , phòng học hiện tại không có máy lạnh ."
3,"nâng cấp hệ thống phục vụ giảng dạy như loa , máy cassette ."
2,"thực hành đúng tiêu chí môn học , đi từ dễ đến khó cho sinh viên học tập từng bước dễ hiểu , giảng viên tích cực giải đáp thắc mắc và hỗ trợ sinh viên trong giờ thực hành ."
2,lập trình web mà thi trên giấy .
2,cần cho thêm giáo trình .
3,phòng học khác phải có màn che .
4,nắm vững ngữ pháp và nâng cao được kỹ năng viết .
3,"hiện tại các thiết bị phòng lab để thực hành môn này đều đã hỏng , trong suốt quá trình thực hành chúng em không thể thực hành được trên thiết bị , mặc khác cũng chẳng nhận được sự hỗ trợ hướng dẫn nào của giảng viên thực hành ."
2,"nội dung chương trình học cần rõ ràng hơn , cần cập nhật chương trình học , nội dung bài giảng trên slide còn lủng củng ."
1,"nhưng số buổi gặp cô ít quá , mong phòng đào tạo sắp xếp số buổi được gặp nhiều hơn ."
2,nội dung bài học được lồng ghép vào nhưng trò chơi .
3,"cần thêm thiết bị để làm các bài tập thực hành về ảo hóa , quản trị ."
2,cần cung cấp nhiều thông tin bài học hơn .
1,thầy dạy rất nhiều thứ hay bên cạnh những kiến thức cơ bản !
2,"tài liệu nên cấp một lần trong đầu môn học , tránh trường hợp học rồi mới đưa tài liệu gây khó khăn cho sinh viên ."
4,do sinh viên đầu tư thời gian và công sức nhiều vào đồ án .
2,cho điểm rẻ .
1,"giảng viên nói tiếng anh khá khó nghe , nói nhỏ ."
1,ít nhiệt tình .
2,em chưa hiểu rõ cách thức chấm điểm bài kiểm tra thực hành .
3,phòng máy không sử dụng được .
2,phần thuyết trình của từng nhóm rất vui và bổ ích .
2,"ra đề thi còn cẩu thả , không kiểm soát được các đáp án của câu hỏi ."
1,trong giờ học thầy cứ đi lên đi xuống và nói thao thao bất tuyệt .
4,"lý do doubledot vào 2 tuần cuối kỳ , sinh viên phải làm đồ án rất nhiều môn , phải ôn thi ."
3,"máy tính của phòng thực hành không phục vụ được nội dung thực hành , giảng viên yêu cầu tự làm trên laptop rồi mang lên phòng thực hành chấm điểm , vậy phòng thực hành dùng để chấm điểm ?"
2,"chú trọng vào thực tế hơn lý thuyết , tăng sự thích thú cho học sinh ."
2,silde bằng tiếng việt .
3,"các thiết bị giảng dạy môn học có thể không đảm bảo chất lượng , nhiều thiết bị hoạt động không tốt như doubledot loa , máy chiếu ."
4,mong nhà trường sẽ khắc phục sớm .
1,"cô rất nghiêm , song rất nhiệt tình , rất công bằng , có thưởng có phạt , rất đồng tình với cách xét của cô , về bài giảng , rất sinh động , chèn các video thực tiễn , tư liệu đưa vào rất nhiều , rất cụ thể ."
3,cơ sở vật chất cần được cải thiện .
4,tập patin rất dễ .
1,"giáo viên rất nhiệt tình , tận tâm với sinh viên !"
4,"tuy nhiên , mọi chuyện như lời nói đã không xảy ra !"
4,giọng nói .
1,cô dạy rất hay và quan tâm học sinh .
3,"phòng thực hành cơ bản của trường còn quá kém , vậy tăng học phí đầu năm để làm gì ."
3,cần cải thiện máy chiếu .
2,"ngoài các cuộc thi về game thì trường nên tổ chức những cuộc thi viết phần mềm hay sáng tạo ý tưởng phần mềm theo một hướng nào đó để học sinh vừa có thể học tập vừa có thể thi đua nhiều hơn , tạo sự năng động trong sinh viên ."
4,em rất cảm ơn cô ạ !
1,giảng viên truyền đạt kiến thức dễ hiểu .
4,"sự thân thiện và không gây áp lực , không khí buổi học luôn thoải mái để tiếp thu bài ."
1,thầy vui tính truyền đạt dễ hiểu .
1,kiến thức truyền đạt của giảng viên .
3,"như đã nêu trên , phòng máy trang bị bản visual studio quá cũ khiến việc thực hành trở nên khó khăn , không phù hợp với thực tế chắc hẳn không ai ra trường đi làm ."
3,"phần thi nghe , nhà trường nên trang bị hệ thống loa cho tốt , chứ máy cassette mấy bạn ngồi ở cuối lớp không nghe được gì cả quá nhỏ ồn ."
2,"nên tiết chế lại các yêu cầu về đồ án môn học như việc chấm chéo , làm clip hướng dẫn vừa lồng tiếng lại còn chèn sub ."
1,"thầy hay dạy quá giờ , 3h15 kết thúc nhưng hơn 3h30 mới cho về ."
4,khó hiểu ạ .
2,có giới thiệu về những công cụ hay .
2,slide chưa đẹp lắm .
3,máy chiếu bị ảnh hưởng bởi ánh sáng nên xem slide không rõ .
3,sử dụng máy chiếu slide ví dụ cụ thể hơn .
2,em nghĩ nên có nhiều tài liệu học tập hơn .
3,"phòng học được trang bị tốt hơn , đảm bảo tốt cho công tác giảng dạy ."
2,sinh viên chưa thể hình dung và tiếp thu hết được tất cả nội dung .
1,thầy chưa tận tâm trong giảng dạy .
2,tạo tính chủ động cho sinh viên trong học tập .
1,"thưa , em thực sự rất hài lòng về mức độ bài giảng ."
1,"rất hay , rất nhiệt tình , đề nghị tăng lương cho cô ."
2,"đề cương cần được đổi mới , phân rõ phần trọng tâm môn học và phần đọc thêm mở rộng ."
1,"mỗi tháng chỉ gặp giảng viên một lần rất khó cho việc học hỏi , hướng dẫn từ giáo viên ."
3,"phòng máy quá yếu , không thực sự tốt vì máy tính còn yếu , cấu hình không được cao ."
2,bài tập còn hơi ít .
4,chưa thấy được sự cần thiết thực sự của môn học đối với ngành nghề cũng như cuộc sống sau này .
1,cung cấp các tài liệu ít .
3,phòng lab rất nhỏ và ít thiết bị nên chất lượng học tập môn học không đảm bảo .
2,cần bài tập nhiều hơn .
2,giáo trình môn học nên cập nhật thường xuyên .
3,cải thiện chất lượng phòng máy thực hành .
3,phòng học quá nóng .
1,"có nhiều câu chuyện thú vị bên cạnh việc giảng dạy , tương tác với lớp nhằm tạo điều kiện cho việc tiếp thu kiến thức dễ dàng ."
3,đề nghị nâng cấp phòng lab khoa mạng .
2,cần nên cho bài tập về nhà .
2,"tiến độ dạy còn chậm , những phần dễ cần đi nhanh hơn một chút giới thiệu lướt qua , những phần khó như sắp xếp quick soft trở lên , cây nên làm rõ hơn ."
1,giảng viên wzjwz229 không dạy mà chỉ có thầy wzjwz230 thôi nên không biết nhận xét .
3,máy chiếu chưa rõ nét cho toàn thẻ sinh viên trong phòng .
2,"môn học cần có nhiều bài tập hơn nữa , cần nhiều giáo trình hơn nữa ."
3,"không có , chỉ là phòng lab máy nên được nâng cấp ."
2,ví dụ doubledot lý thuyết chưa học mà đã cho thực hành .
2,em đã biết được cấu trúc dữ liệu là gì .
4,"chỉ một câu "" giấc mơ thành đại gia "" ."
2,"cần các công cụ , kiến thức sát với công nghệ mà các doanh nghiệp thực tế bên ngoài sử dụng ."
4,tôi rất hài lòng .
1,dạy dễ nghe dễ hiểu .
1,"giảng viên khá nhiệt tình và tận tâm , bài giảng dễ hiểu ."
3,"phòng lab được trang bị những máy tính cấu hình thấp không đảm bảo được nhu cầu thực hành của sinh viên khoa wzjwz46 , chất lượng mạng kém , có nhiều dây mạng không thể truy cập internet ."
3,"cần trang bị thêm trang thiết bị , cải tiến giáo trình ."
4,không có ý kiến khác .
3,phòng học cần lắp thêm quạt và màn che để theo dõi bài giảng của giáo viên tốt hơn .
3,cải thiện chất lượng phòng máy và kết nối mạng .
4,hy vọng trường xem xét ý kiến này của em !
1,"cô dạy vui vẻ , nhiệt tình ."
3,cần có các thiết bị thực hành đầy đủ .
3,sửa chữa những thiết bị máy tính hư trong phòng máy .
4,không co ý kiến .
4,mong ý kiến của em sẽ được xem xét .
2,mỗi buổi thực hành giảng viên chỉ đưa sinh viên một file bài tập rồi bắt sinh viên làm nhưng không có hướng dẫn và đưa ra yêu cầu cụ thể .
1,"thầy dạy rất hay , dễ hiểu , thân thiện với sinh viên ."
1,thường thì 8h kém 10 mới bắt đầu học .
2,bài đồ án cuối kỳ thì phổ biến không rõ ràng phải làm gì để có điểm cao .
4,sinh động .
4,i love thầy !
4,sáng tạo .
4,em xin lỗi nhưng đó là sự thật !
2,phần tài liệu .
4,em không hiểu bài nhiều .
3,"nâng cấp hệ thống máy vi tính trong phòng thực hành doubledot phòng thực hành altera không có kết nối internet , nên cần phải đảm bảo kết nối mạng để hiệu quả thực hành đạt hiệu quả cao hơn ."
2,chương trình học nên được phân bổ ra riêng thành 2 phần như chương trình cũ .
1,dạy đủ giờ !
3,phòng thực hành có nhiều máy không sử dụng được .
3,"đề nghị trường có biện pháp nâng cấp phòng học vì phòng quá dơ , quá bụi , máy chiếu thì có phòng rất tốt nhưng cũng có phòng quá tệ ."
1,tạo điều kiện cho sinh viên .
3,"phòng wzjwz35 nhà trường nên thay máy chiếu mới , vì nó đã quá cũ và thường xuyên gặp vấn đề ."
4,"mặc dù , có thể cái này sinh viên đang tự hiểu chỉ dùng cho các sắp xếp theo tính thự tự trong các hệ điều hành như về name , size ."
2,"không thống nhất trước về hình thức thi và làm bài tập , đến những tuần cuối cùng mới công bố ."
2,"nội dung thầy giảng mang tính cập nhật , có nhiều nội dung hay ."
4,nếu cảm thấy muốn học em sẽ tự lên lớp .
3,trang thiết bị cần được nâng cấp và cải thiện .
4,"chứ em nghĩ phần thư viện standford dùng để phân loại văn bản theo phương pháp naive bayes mà thầy wzjwz133 sử dụng và áp dụng được chắc cần thời gian để nghiên cứu , tìm hiểu mà không được công bố và cho sinh viên áp dụng thì uổng và tội cho thầy wzjwz133 quá !"
3,phòng học còn nóng .
4,like .
1,"giảng viên nhiệt tình , phương pháp giảng dạy hiệu quả ."
2,kiến thức học khá vừa sức với sinh viên .
4,điểm .
1,"nhiệt tình , kiến thức rộng , truyền cảm hứng ."
1,giảng viên dạy kỹ .
4,môn này là môn em đi học nhiều nhất .
1,"cảnh cáo sinh viên đi trễ nhưng giảng viên đi trễ , thường xuyên vắng dạy không có lý do không có thông báo , gây bức xúc , hao tốn thời gian , phí đi lại của sinh viên ."
4,"do học kỳ này em không thể đến lớp học môn này , nên em không thể đưa ra ý kiến gì thêm ."
4,hài hước .
1,giảng viên giảng dạy theo đúng thời gian môn học .
1,"thầy wzjwz105 giảng dạy rất tốt , truyền đạt hay , luôn đưa ra những vấn đề hay ."
2,cho bài tập cụ thể .
3,"sửa chữa hoặc thay mới máy chiếu và loa nguyên nhân doubledot máy chiếu , chiếu hình ảnh bị nhạt màu , loa hay có trục trặc ."
4,thân .
2,nên cho thực hành nhiều hơn lý thuyết .
4,bảo ví dụ về tự kiểm tra .
4,chúng em gửi lời cám ơn đến thầy wzjwz213 !
2,điểm làm đồ án nên trên 50% thì sẽ có tính thực tiễn hơn .
4,em đã kết thúc một học kỳ ở đó !
2,"nên tập trung cho sinh viên vào một phương pháp , một công cụ nào đó để làm bài tập , tránh tình trạng sinh viên không biết đường nào để làm ."
4,"đi từ dễ đến khó , có định hướng rõ ràng ."
3,"phòng học lý thuyết thì kém , nóng , bụi nhiều ."
3,"tiếng bị ồn , vang nên khá khó nghe ."
4,chưa có .
4,"cập nhật , cập nhật !"
3,phòng máy cần được nâng cấp nhiều máy không hoạt động được .
4,đây là điều gây bức xúc với sinh viên .
2,các bài tập wireshark đều là của năm 2007 hết .
1,"giáo viên cần chỉ dẫn kỹ hơn phần thực hành kể cả ở lớp và thực hành , nên nhắc nhở dám sát sinh viên , để trách cho sinh viên hay ngoại trong mặt này ."
3,việc kết nối mạng máy tính trong phòng thực hành cần được sửa chữa .
3,"sáng 7h15 - 7h20 các cô lao công mới quét lớp , sàn nhà , mà cứ quét là hắt thẳng kể cả mặt sinh viên đang đi ở hành lang các nhà như không có ai , rất khó chịu cho các bạn sinh viên , nói ra với các cô sợ các cô buồn rồi hôm sau hắt mạnh tay hơn ."
2,"tiết học thiếu không khí vui tươi , nhiệt tình từ sinh viên ."
4,"không rõ "" thu được gì "" từ môn học này ."
2,"để cải tiến chất lượng môn học , em hi vọng nhà trường tăng thời lượng cho môn này , vì thực sự môn này còn nhiều vấn đề nhưng không đủ thời gian để dạy ."
3,"phòng thưc hành cần thường xuyên vệ sinh , sửa chữa thiết bị , bị lỏng , đứt , hay hư hỏng ."
1,nhiệt tình và kỹ lưỡng .
4,đầy đủ chi tiết .
2,"thứ nhất , phần thực hành phần đồ án doubledot thường là phần cài đặt một chương trình trên máy dựa theo phần lý thuyết đã học được thường được công bố khá trễ , thường là vào khoảng một tháng cuối cùng của học kỳ , sau khi thi lý thuyết cuối kỳ xong ."
3,các dụng cụ thực hành không được cung cấp đầy đủ .
3,theo em thì nên thi phòng máy nào có visual 2013 trở lên .
4,tiếc là học kỳ 2 em không đăng ký được lớp lập trình hướng đối tượng của cô !
1,"giảng viên dạy nhiệt tình , giảng dễ hiểu ."
4,"rõ ràng , căn bản , thực tế ."
4,em rất hài lòng .
2,theo em thì không thể trách thầy wzjwz120 mà lỗi là do daa đưa lịch học thực hành quá chậm trễ .
4,khổ lắm .
3,"nâng cấp cơ sở vật chất đặc biệt là loa , micro và mạng wifi ."
1,mong được là học trò của thầy nhiều hơn ạ .
1,thầy cho bài tập về nhà hàng tuần .
1,"giảng dạy tận tình , giải đáp thắc mắc thường xuyên ."
4,hơi cứng nhắc trong vấn đề này .
1,"giáo viên thân thiện và tích cực , đảm bảo nội dung học tập ."
4,ảnh hưởng đến việc thực hành .
3,"em nghĩ là cơ sở vật chất của trường còn yếu kém , máy chiếu rất mờ , rất ít khi nhìn rõ được chữ trên slide bài giảng ."
4,giúp biết thêm nhiều kiến thức mới .
1,thầy hay nhăn nhó với sinh viên .
3,"môn mạng học ở phòng wzjwz24 , wifi ở phòng này khá yếu , xài rất chậm ."
4,khá khó hiểu .
3,"nên bố trí cho phòng jack cắm loa cho lab , để khi thầy phát video , hoặc thí nghiệm xử lý âm thanh ra loa , giúp sinh viên tiếp cận thí nghiệm hoặc nội dung video tốt hơn ."
2,có đề cương cơ bản chung .
1,"kiến thức mang tính trừu tượng nhiều , cần hướng dẫn kỹ cho sinh viên ."
3,em đề nghị đổi phòng học .
2,kiến thức rộng .
4,sự thân thiện giúp giảm căng thẳng trong buổi học .
2,cập nhật kiến thức thực tế .
4,rất thực tiễn .
2,bài giảng tạo cảm giác hứng thú và tiếp thu bài tốt .
1,"thầy rất hiền , dạy nhiệt tình , giảng dễ hiểu ."
4,kỹ năng đọc của em còn chưa thể hiện được .
1,ít có tương tác với cô .
3,phòng wzjwz325 thiết bị âm thanh hay xảy ra trục trặc làm gián đoạn buổi học .
4,"thật sự bọn em cũng cạn lời , đành ngậm ngùi mò lên mạng tra search các kiểu hơn một tiếng đồng hồ mới làm được một câu ."
1,"nhiệt tình , giảng kỹ ."
2,cần cung cấp tài liệu cho sinh viên ngay từ đầu .
2,"em cũng như các bạn học chung trong lớp đều thấy phần thực hành cho mỗi buổi như thế là quá nhiều , nhất là các bài thực hành từ 13 trở đi ."
4,giúp sinh viên nâng cao được khả năng lập trình .
4,đến cuối kỳ sẽ đỡ bỡ ngỡ hơn .
2,"nên có những giáo trình hướng dẫn giải bài tập nhiều hơn vì trong trường dường như chỉ có 1 , 2 loại giáo trình bao gồm cả lý thuyết và bài tập chứ không có giáo trình hướng dẫn giải bài tập ."
3,"bổ xung trang thiết bị thực hành thực tiễn cho môn này , không chỉ đơn thuần là thực hành trên máy tính không ."
2,đảm bảo giờ lên lớp đầy đủ cho sinh viên .
4,"bởi chúng em đang đi học , phải học của nhiều môn khác nhau ."
3,thỉnh thoảng có một số máy không khởi động được .
1,tận tâm hướng dẫn sinh viên .
4,"nếu như một người không xem bài "" kỹ "" trước ở nhà ."
1,hay đến trễ .
3,"phòng học cần lắp thêm quạt và ổ cắm vì sinh viên phải sử dụng laptop để làm bài tập , cần có thêm màn che cửa sổ để có thể theo dõi bài giảng trên slide tốt hơn ."
4,tất cả đều tốt .
2,em xin đề xuất thêm những buổi thực hành để nâng cao tầm hiệu quả của môn học .
4,mong phòng phòng thanh tra - pháp chế - đbcl có biện pháp xử lý .
2,nội dung khó hiểu .
3,em mong nhà trường có thể đổi phòng học cho lớp em ạ .
1,giảng bài kém hiệu quả .
3,cung cấp công cụ giảng dạy tốt hơn .
3,đèn và quạt .
2,"nên cho thêm nhiều dạng bài tập của những phần được học ở gần cuối kỳ như chuỗi , cấu trúc ."
1,cô rất có trách nhiệm với sinh viên .
2,"cần cung cấp thêm nhiều tài liệu , cả tiếng việt lẫn tiếng anh ."
4,hình thức điểm danh .
3,"lớp học sạch sẽ , thoáng mát ."
1,"thầy dạy dễ hiểu , nhiệt tình , vui tính ."
2,chủ động trong việc giảng dạy .
1,"thầy wzjwz94 dạy tốt , nhiệt tình và thân thiện với sinh viên , nếu được cho thầy tiếp tục giảng dạy trong các học kỳ tới ."
1,thầy tận tình và đưa ra những video cụ thể giúp sinh viên hiểu sâu và có tầm nhìn trong tương lai của các ngành công nghệ thông tin .
4,không hiểu bài cho lắm .
1,giảng dạy tận tình và chu đáo .
1,giáo viên tận tâm nhiệt tình .
3,"linh kiện , máy tính của trường đã cũ , hư hỏng nhiều mà học phí năm học nào cũng tăng ."
1,cho cực kỳ nhiều bài và cực kỳ khó luôn .
4,đây liệu có phải là chuyên môn nghề nghiệp của ngành công nghệ thông tin chúng ta .
2,"phần bài tập , thực hành rất hay và thiết thực nên được mở rộng , đặt trọng tâm nhiều hơn thì môn học chắc chắn sẽ hoàn hảo ."
1,cô dạy rất nhiệt tình và hay .
4,em thấy đã được .
4,không hợp với cách giảng dạy .
4,còn nhiều chỗ thiếu sót .
3,cần hỗ trọ nhiều máy thực hành hơn cho môn mạch số .
4,"thích ngủ thì ngủ , ngoài ra chả có gì hài lòng ."
1,giảng viên tận tình trong việc giảng dạy và truyền đạt kinh nghiệm .
4,tụi em cũng là người đóng học phí mà .
2,cần thực hành và làm bài tập nhiều hơn nữa .
1,thầy không cho lớp ôn tập nội dung thi ở kỳ kiểm tra giữa kỳ và cả thi cuối kỳ .
2,cái cần đi sâu phân tích nhưng do thời gian và lịch đưa ra nên đành bỏ qua dạy cái mới để kịp chương trình .
1,"giáo viên vui tính , tích cực ."
1,giảng viên không đảm bảo giờ lên lớp và nghỉ mà không thông báo trước làm mất thời gian của sinh viên .
2,môn học hơi khó hiểu nên cập nhật giáo trình .
4,toàn phải đi học ké lớp khác .
3,"phòng thực hành quá bé , bụi bặm , quạt không quay , đề nghị phòng đào tạo chia ca thực hành nếu không sẽ không đủ chỗ ngồi ."
4,không có .
4,hơi khó hiểu chút xíu .
4,cám ơn thầy !
4,chất lượng không tốt .
3,phòng thí nghiệm môn này cần được nâng cấp và mở rộng .
4,nói chung cũng tạm được .
1,"thầy hiền , vui tính , giảng rất hay , cách dạy thầy bắt học sinh làm nhiều bài tập rất quan trọng ."
4,dễ nắm bắt kiến thức để đi thi .
3,"phòng máy chất lượng còn thấp , cấu hình yếu và bị nhiễm virus , một số kit không nhận driver hoặc bị hư , thiếu kit và phòng thực hành còn nhỏ ."
3,"nên cải thiện cơ sở vật chất và thiết bị dạy học , phòng máy chiếu mờ khó theo dõi ."
4,"hiểu biết rõ hơn về các ngành học trong trường , được gặp những giáo viên hướng dẫn giỏi từ các khoa khác nhau ."
4,em thấy học vậy cũng được rồi .
2,cập nhật tài liệu đầy đủ cho sinh viên !
4,đôi chỗ vẫn khó hiểu .
3,"cần cài các phần mềm học tập mới , chính xác ví dụ doubledot visual studio 2010 hoặc 2012 để sinh viên học tập tốt hơn ."
4,"phóng tầm nhìn đi xa hơn , những khó khăn , những kiến thức cần phải học để thành công trên đường đời ."
1,giảng vỉên tận tình .
2,"nội dung môn học còn mới , khá nặng , quá nhiều kiến thức gây khó khăn cho sinh viên trong việc tiếp thu ."
4,nghỉ dạy rồi còn ý kiến gì nữa hả .
4,không chi tiết nhiều về phần bài tập .
2,tăng cường nghe và nói .
4,dễ gây nhàm chán .
3,"vì phòng học lớn , chất lượng không hiệu quả ."
3,"máy chiếu phòng wzjwz104 rất hay tắt , mở được một lúc là nóng quá rồi tắt , không sử dụng được nữa ."
2,"không cập nhật tin tức trên moodle , không mở diễn đàn trao đổi ."
2,"môn học liên hệ thực tế , liên kết với đồ án hơn ."
3,được thực hành trên thiết bị thực .
4,lớp học quá đông nên rất nóng .
4,"chép bài nhiều quá , nhưng không sao ."
3,cần có thiết bị và phòng học hợp lý hơn .
4,không nhàm chán .
3,"cải thiện máy chiếu , phòng thực hành ."
4,không thể hài lòng .
4,"ví dụ đề tài của em là doubledot các nguyên lý cơ bản , bao gồm 7 nguyên tắc của bohm ( 1983 ) ."
4,đã hoàn hảo .
4,"ngồi nhiều , nhìn slide nhiều ."
4,"cuối cùng , em xin cảm ơn vì thầy fraction cô đã đọc đến hết ."
4,không có ý kiến !
4,"cô rất vui tính , giảng bài tận tình ."
2,bài tập và tài liệu hướng dẫn học tập mà thầy cung cấp thực sự rất đầy đủ đối với em .
2,"slide bài giảng chưa được chuẩn hóa , đa phần sao chép nhặt mỗi nơi một ít ."
3,phòng thực hành về mạng cần có nhiều trang thiết bị về mạng hơn để sinh viên có thể thực hành trên máy móc chứ không phải học thông qua các phần mềm .
4,chưa ổn .
2,"cô dễ thương , dạy quá có tâm ."
2,tăng thời lượng cho phần nghe nói .
2,"chất lượng dạy còn khá nhiều chỗ chưa tốt , thời gian dạy còn chưa hiệu quả ."
3,mong nhà trường sẽ nâng cao cơ sở vật chất trong phòng máy để đảm bảo hiệu quả hơn .
3,cần nâng cao chất lượng máy chiếu .
3,phòng máy ngon hơn .
2,"cần có thêm giáo trình , tài liệu để sinh viên dễ tìm hiểu hơn ."
3,nên trang bị trang thiết bị cho phòng thực hành và phòng lab để sinh viên có thể thực hành và học trực tiếp trên thiết bị thật .
2,đồ án lập trình cần giao ngay đầu học kỳ để sinh viên có thể sắp xếp đầu tư .
3,nên nâng cao chất lượng sơ sở .
2,"một số nội dung cơ bản như doubledot cấu trúc của json , xml ."
4,chào thầy fraction cô !
4,cần nhiều hoạt động ngoại khóa .
2,thiếu sự đa dạng về bài tập .
1,"giảng viên tận tình , chu đáo , gần gũi sinh viên ."
3,máy chiếu mờ !
2,"chứ như tình trạng hiện tại là môn thực hành học trước , qua kỳ sau mới được học lý thuyết thì mất đi tính tiếp nối kiến thức trong quá trình học ."
3,nên chuyển qua phòng học khác không có máy tính và nhỏ hơn .
2,cần giảm bớt các nội dung không cần thiết tùy theo chuyên ngành mà sinh viên theo học .
2,cần nhiều bài tập và lời giải chi tiết kèm giáo trình .
4,cảm ơn .
4,dễ chịu .
2,môn học quá nặng cho một ngành không chuyên toán như công nghệ thông tin .
4,em thi giữa kỳ được 9dot5 điểm .
3,"phòng máy wzjwz26 khá tốt , đáp ứng nhu cầu của sinh viên , mong rằng các phòng máy khác cũng có được trang bị như vậy ."
1,"tiết dạy sinh động , lôi cuốn ."
1,em hiện chưa biết mặt thầy luôn ạ .
2,và sinh viên lên trường cũng chỉ tự làm như vậy thì ở nhà làm còn sướng hơn !
2,chương trình còn nặng lý thuyết .
1,chưa ôn tập được nhiều kiến thức cơ bản của anh văn 1 .
2,"làm đồ án còn phải thi cuối kỳ lý thuyết , sinh viên có nhiều đồ án trên một kỳ , còn phải thi lý thuyết cuối kỳ ."
4,xinh .
3,thiết bị còn thiếu .
3,nâng cấp chất lượng máy chiếu .
2,"những bài tập quá trình không rải đều các buổi học mà chỉ tập trung vào 2 - 3 buổi làm một số sinh viên trong đó có bản thân em bị mất từ 2 - 3 cột điểm , làm giảm tổng điểm xuống mức thấp ."
4,"tuy nhiên , em không thể làm khác được ."
2,"em có ý kiến như sau doubledot môn này em nghĩ là cần có nhiều tài liệu , đặc biệt tiếng việt thì càng tốt vì không phải ai cũng giỏi tiếng anh ."
3,nhìn không rõ .
4,sự thân thiện và tận tình đối với học viên .
2,cần thêm bài tập và rèn luyện kỹ năng giao tiếp .
2,cho sinh viên biết điểm thi giữa kỳ và điểm thi speaking ngay khi có thể .
1,"thầy giảng bài dễ hiểu , nhiệt tình ."
2,"cần có đề cương môn học cụ thể hơn , nội dung môn học cần được cập nhật ."
4,không ý kiến thêm .
1,mong cô luôn như vậy .
2,nên chia ra 2 buổi học 1 là lý thuyết 2 là thực hành .
3,nên nâng cao chất lượng phòng học hơn .
3,hồ bơi bẩn .
3,nhưng mà phòng thực hành hiện tại thì chỉ trang bị máy có 1 gb ram thôi .
2,nội dung bài thực hành nên chú trọng vào chất lượng hơn là số lượng .
1,phong thái chuyên nghiệp .
1,thầy dạy rất vui .
3,"phòng máy chất lượng khá cùi , nhiều máy không có visual 2010 ."
1,"giảng viên nhiệt tình , phương pháp thực hành hay , hiệu quả ."
3,một số máy chiếu tại số phòng anh văn hơi mờ .
1,hài lòng nhất là đúng giờ .
4,hỏi cũng không nhận được câu trả lời chính xác để học .
1,thầy wzjwz212 dạy nhiệt tình .
1,cô dạy nhiệt tình .
1,"giảng dạy nhiệt tình , dễ hiểu ."
1,em hài lòng nhất là thái độ giảng dạy của thầy rất nhiệt tình .
2,giảm số tiết trong buổi học .
4,tuyệt !
3,"nâng cao trang thiết bị phòng học doubledot máy chiếu , quạt ."
3,"mong nhà trường sửa chữa lại các máy tính đã bị hỏng ở phòng thực hành khoa wzjwz4 phòng wzjwz5 , để quá trình thực hành của sinh viên được tốt hơn ."
4,bỏ bớt những phần không cần thiết .
2,lịch thực hành không được thông báo .
3,cần nâng cao chất lượng cơ sở vật chất hơn .
4,và quá gấp gáp .
2,"ngoài kiến thức anh văn được cải thiện hiệu quả , sinh viên còn học được rất nhiều kỹ năng mềm khác ."
1,đảm bảo đúng thời gian lên lớp !
1,thầy dạy hay vui và ví dụ chi tiết .
3,cần trang bị phòng thực hành phù hợp với đặc thù môn học .
3,một số phòng thì quạt đã bị hỏng .
2,"hy vọng kỳ sau bộ môn anh văn cải tiến phương pháp dạy , và giáo trình , cho sinh viên nghe nói nhiều hơn , đôi khi bảo sinh viên dịch một đoạn để kiểm tra từ vựng , em thấy giáo viên cũng thương cho sinh viên thảo thuận cặp để nói , nhưng thật sự các bạn không biết nói gì , ngoài việc dịch tiếng việt ghép nghĩa tiếng anh !"
1,"trình độ chuẩn tiếng anh của giảng viên đại học thực sự còn thua một giáo viên cấp 3 , phát âm sai khiến sinh viên sử dụng để giao tiếp sai !"
1,giảng viên đã dạy tốt .
2,"cập nhật những đổi mới về môn học , nên có chương trình đào tạo phù hợp hơn ."
1,giảng viên xuất sắc .
2,nên tăng cường các bài tập về nhà .
3,điều kiện vật chất chưa được đầy đủ .
2,slide hơi khó hiểu .
1,"giảng viên dạy rất nhiệt tình , thường xuyên tham khảo ý kiến thắc mắc của sinh viên để giải đáp , tạo điều kiện cho sinh viên tự suy nghĩ trong lớp , không quá phụ thuộc vào slide ."
2,"thiếu thông tin , tài liệu về môn học ."
1,"dễ hiểu , dạy hay , có nhiều phương pháp sáng tạo , kẹo ngon ."
3,"phòng học còn nóng và bụi bặm , máy chiếu tuy vẫn nhìn được nhưng vẫn mờ , nếu ngồi xa hay hôm nào sáng quá sẽ không thấy rõ ."
3,"bộ kit thực hành cần được nâng cấp để không xảy ra tình trạng hư , trục trặc ."
4,cần nhiều tài liệu mới .
2,đến lớp dúng giờ !
4,hay và sáng tạo .
2,việc lên lớp và không lên lớp không có khác biệt .
1,"luôn hướng dẫn tận tình sinh viên đi đúng lộ trình , tuy thời gian đầu hơi khó hiểu vì toàn bộ bài giảng của thầy được viết bằng tiếng anh ."
3,máy tính không được tốt lắm .
1,thầy rất tận tình với sinh viên .
1,cô dễ tính .
4,không hiểu gì .
2,sinh viên hoàn toàn tự học .
1,nghỉ lễ nhiều nhưng chưa có được bù .
2,bài tập quá khó .
4,đôi từ tiếng anh em chưa hiểu .
3,"máy chiếu không rõ , hư hỏng , chập chờn ."
2,em nghĩ nên giảm bớt chương trình đào tạo với môn này .
4,hài lòng hoàn toàn .
3,"phòng thực hành quá nhỏ , ít thiết bị , khó khăn cho việc thực hành ."
3,"lắp quạt phù hợp vì phòng có 2 dãy quạt 2 bên nhưng ngồi ở dãy giữa vẫn nóng , cần có màn che cửa sổ và có ổ cắm điện ."
4,"sự thân thiện , cởi mở và nhiệt tình ."
4,"chúc các thầy cô , anh chị làm việc vui vẻ !"
3,em đi học đầy đủ nhưng không có máy để thực hành .
1,dạy rất có tâm .
1,"giảng bài dễ hiểu , thân thiện ."
2,và cho bài tập và kiểm tra bài tập ở tuần dạy tiếp theo .
2,thực hành đa số sinh viên không hiểu .
4,chả có gì hài lòng .
4,em cảm ơn ?
4,hết !
4,không có ạ .
1,"giáo viên vui tính , nhiệt tình ."
4,xin cảm ơn !
2,cần có thêm bài tập về nhà và sửa một vài bài tập đó trên lớp để việc tiếp thu bài được sâu hơn và hiệu quả hơn .
2,về các ví dụ .
4,đưa ra đề tài seminar như thách đố sinh viên vậy .
2,chia nhóm làm đồ án rất hay .
1,"thầy dạy nhiệt tình , giảng rất chi tiết từ lý thuyết đến thực hành ."
1,trong khi thầy giảng nội dung rất khó hiểu .
1,cách truyền đạt tốt .
2,môn học quá sâu làm và mới mẻ rất khó nắm bắt để làm bài tập .
1,tốc độ giảng bài có chút nhanh nên đôi khi không theo kịp .
3,em nghĩ các phòng máy của trường nên trang bị phần mềm sql tối thiểu là phiên bản 2008 .
1,thầy giảng bài không sát với đề thi .
2,tăng cường làm bài tập trên lớp !
1,nhiều học sinh không hài lòng với cách sắp lịch học và cách ra bài tập thực hành của giáo viên .
2,"bài tập hay , nâng cao ."
4,"chúng em là sinh viên năm nhất , và chúng em vẫn chưa đủ khả năng để làm ra những sản phẩm của riêng mình , chúng em học "" giới thiệu ngành "" vì mục đích định hướng , chúng em tìm hiểu về hệ thống nhúng vì mục đích xem mình có nên theo ngành đó hay không , và chúng em nói theo cách mình hiểu và tiếp cận được từ các nguồn thông tin ."
3,"phòng học nhỏ , không đủ máy , không kết nối mạng trong khi đây là phòng thực hành của khoa mạng máy tính ."
4,thật đáng buồn !
2,"do thời gian mỗi buổi học khá ngắn nên giảng viên cần tập trung vào những chủ đề quan trọng , phần còn lại nên để sinh viên tự tìm hiểu ."
3,"điều quan trọng là rất chật mà lớp thì đông , làm thầy phải chia ca và có bạn phải làm bài tập ngoài hành lang sau đó mới vào nộp ."
4,sơ sài .
2,cần tăng cường các buổi training do giảng viên đứng lớp để giải thêm các bài tập .
4,"em rất thích , em là một đứa không thích học môn xã hội nhưng học cô em rất thích nghe giảng ."
2,phần bài tập thực hành nên bám sát với phần lý thuyết .
3,"do cửa sổ không có rèm cửa nên khi học bằng máy chiếu thì không có hiệu quả cao , hơi mờ , sinh viên khó khăn trong việc nhìn ."
1,"cách thầy giảng dậy rất khoa học , đơn giản dễ hiểu !"
3,cần sửa chữa các linh kiện phòng máy wzjwz23 vì một số chuột đã hư .
2,"việc cho các bạn học nhóm là không hiệu quả , không nói rõ cách tính điểm quá trình ."
4,very good .
4,"và cuối cùng , đây cũng chỉ là tâm sự của riêng tôi , tôi không có ý gì cả , có lẽ đó cũng là chút kỷ niệm mà tôi lưu lại đối với môn học này , có lẽ vì số tôi quá đen , âu thì tôi đành cam chịu vậy hi hi rớt môn rồi , buồn quá ."
2,cung cấp đầy đủ và cập nhật giáo trình và tài liệu phục vụ môn học hơn .
3,trang thiết bị nên tốt hơn .
2,"theo em , tài liệu môn học còn thiếu ."
4,giảng viên cần bồi bổ thêm sức khỏe colonsmile .
2,"nội dung môn học mang tính cập nhật , mới mẻ ."
2,slide không đầy đủ khó khăn khi xem lại kiến thức .
1,điều em hài lòng nhất đó là thầy đi rất đúng giờ và không dạy quá nhanh .
1,do môn học khá khô khan nên em mong thầy liên hệ thêm nhiều ví dụ thực tế hơn để sinh viên dễ nắm bắt nội dung bài giảng .
3,"theo như yêu cầu của môn học , sinh viên phải mang lap để làm bài tập , tuy nhiên ổ cắm trong phòng chỉ có 2 ổ , không đáp ứng được nhu cầu dạy và học của giảng viên lẫn sinh viên ."
2,nên đổi giáo trình .
3,một số phòng thực hành nên thay dàn máy phù hợp hơn .
1,"nhiệt tình , tận tâm giảng dạy ."
3,theo em nghĩ nên sửa lại hoặc thay mới dàn máy tính cũ và dễ bị lỗi đi .
3,trang thiết bị cần được sửa chữa và bổ sung thêm .
1,các thầy nên cho đề cương ôn sát với phần thi .
2,hình thức thi đề đóng không phù hợp với môn học .
4,cho em xin ít con chip nfc .
4,em học thầy được nửa kỳ trước thì tự cúp qua lớp cô wzjwz218 học .
1,"thầy giảng dạy rất nhiệt tình , dễ hiểu ."
2,"mỗi học kỳ có thể là đồ án khác nhau cho toàn bộ sinh viên để doubledot tránh tình trạng "" xào "" lại các đồ án cũ, nên có chung một quy tắc chuẩn để chấm điểm cho sinh viên ."
3,"cải thiện chất lượng quạt , phòng rất nóng , hầm và bí ."
4,"chú tâm , hướng dẫn cho từng học sinh , tương đối dễ hiểu ."
1,thầy đi dạy đầy đủ .
4,"em không học lớp này , không hiểu sao trong danh sách khảo sát của em lại có lớp này với giảng viên này ."
2,"hoặc dạy thêm các kinh nghiệm khi phỏng vấn xin việc , xin học bổng , xin thực tập ."
3,máy chiếu mờ phòng học hơi nóng .
4,tất cả đều hài lòng .
1,có tâm .
4,thắc mắc ngay tại lớp những cái mình không hiểu .
1,dạy vui .
3,nếu trang thiết bị đã không đáp ứng được thì tại sao trường không tạo điều kiện kéo dây mạng cho sinh viên cắm vào laptop .
2,thời gian chưa đảm bảo .
1,"thầy dạy rất dễ hiểu , nhiệt tình ."
4,do dạy khác chuẩn coloncontemn .
3,để ra hơi khó .
4,em thấy vậy được rồi .
3,học gần công trình thì công thật không thể chịu nổi .
3,cần sắp xếp phòng học cho phù hợp với số lượng sinh viên để sinh viên tiếp thu tốt hơn .
3,"cần cải thiện chất lượng phòng học , máy chiếu ."
2,cần thống nhất giữa giáo viên lý thuyết và thực hành .
4,hầu như bữa nào cũng over time .
3,mong nhà trường có thể trang bị thêm phòng máy tốt hơn để khi chạy chương trình có thể chạy nhanh hơn .
